reviewId,userName,content,score,thumbsUpCount,at,appVersion,review_length,sentiment_score,sentiment_label,delivery,cancellation,refund,customer_support,pricing,food_quality,user_segment,is_complaint
9bd8337e-25f0-462b-bfc8-7180bff22390,vikas kulkarni,"One of the worst apps these days. In my recent order, I received stale food. I tried contacting customer support, but there was no option to speak to a human as it was completely bot-based. I then raised the issue through email, and after 24 hours they replied saying they would inform the restaurant to prevent this from happening again. However, when I requested a refund, they refused to provide one. Stay away from this worst application.",1,0,2026-06-26 16:01:34,,77,-0.39999999999999997,negative,0,0,1,1,0,1,churned,1
2a0b5ce8-accb-4dc2-b05f-e87d9c27b01f,Food lover BJR,nice,5,0,2026-06-26 16:01:20,19.7.3,1,0.6,positive,0,0,0,0,0,0,satisfied,0
d4ef5e69-9baa-4523-bdb9-27ef2dd4fe82,Vinod Gupta,too much late delivery,1,0,2026-06-26 15:59:54,19.7.3,4,-0.3,negative,1,0,0,0,0,0,at_risk,1
94957339-f70e-4342-853e-03a4eaf7a8ab,sudarshanlal mallah,charges are very high,1,0,2026-06-26 15:58:50,19.7.2,4,0.20800000000000002,positive,0,0,0,0,1,0,at_risk,1
e4ea2c65-8998-4f3b-ae4b-4ae89fcac55c,Vikash Singh,ok,5,0,2026-06-26 15:56:16,19.7.3,1,0.5,positive,0,0,0,0,0,0,satisfied,0
40f616a7-4d51-406e-810e-d633faf9ac1f,Vikas Vyas,rates are too high as compared to shops actual rates.,3,0,2026-06-26 15:54:51,19.7.3,10,0.08,neutral,0,0,0,0,0,0,passive,0
6a413f7a-8da8-48a5-8359-9ff29e9ae938,Aayesha Parveen,very bad quality and no test 😕,1,0,2026-06-26 15:53:57,,7,-0.9099999999999998,negative,0,0,0,0,0,1,at_risk,1
d5dac395-59a3-4eb5-8c80-a1b85afbc8b1,Asutosh Satpathy,"awesome. Always ready with more discount..., 😄",5,0,2026-06-26 15:52:23,19.7.3,7,0.5666666666666667,positive,0,0,0,0,0,0,satisfied,0
670f2b66-5d34-495d-8f6f-1cc67c640607,Sanju sharmarr,so good,5,0,2026-06-26 15:52:20,19.7.3,2,0.7,positive,0,0,0,0,0,0,satisfied,0
69294b1a-3d62-4baa-8a08-587833be4ab9,Chudasama Krushanapalsinh,🥳🫰👍,5,0,2026-06-26 15:49:31,19.7.3,1,0.0,neutral,0,0,0,0,0,0,satisfied,0
677b209d-8590-4343-ac76-bd3f65bf4335,Anil Barnwal,restorant not behaving good,1,0,2026-06-26 15:48:24,19.7.3,4,0.7,positive,0,0,0,0,0,0,passive,0
16822469-686f-40fd-a691-b30593b60010,majid shaikh,good expression,5,0,2026-06-26 15:48:14,19.7.3,2,0.7,positive,0,0,0,0,0,0,satisfied,0
40e9dd1a-f032-4646-93ea-49f526be2b90,Afiya Khan,An incorrect order was sent I shared a picture as requested and still no action was taken,1,0,2026-06-26 15:47:54,19.7.3,17,-0.05,neutral,0,0,0,0,0,0,passive,0
e25737cb-42a0-427c-bc83-3da5f9f7c1d6,RaviRanjan Priyadarshi,Good,5,0,2026-06-26 15:47:45,19.7.3,1,0.7,positive,0,0,0,0,0,0,satisfied,0
d45e7417-7a0c-431d-83d8-df9a2ce31644,Chavda dhaxsha,good,1,0,2026-06-26 15:47:35,19.7.3,1,0.7,positive,0,0,0,0,0,0,passive,0
b47d57d8-d649-4a78-bd13-8eadfa9ff3be,devendra sahu,ok,5,0,2026-06-26 15:47:34,19.3.9,1,0.5,positive,0,0,0,0,0,0,satisfied,0
053553a7-cdd1-45e9-ad53-a0515db73638,Krishno Munda#,thank you Zomeato,5,0,2026-06-26 15:46:26,19.7.3,3,0.0,neutral,0,0,0,0,0,0,satisfied,0
bf5edad9-819e-4fec-ae13-8f1d20ed5bb6,Dk Creation,good 👍,5,0,2026-06-26 15:46:19,,2,0.7,positive,0,0,0,0,0,0,satisfied,0
194cdf9a-1abb-4d0a-95e3-047f087586f6,suribabu chodisetti,super,5,0,2026-06-26 15:45:41,19.7.3,1,0.3333333333333333,positive,0,0,0,0,0,0,satisfied,0
ec680272-14ae-484f-994d-9b8b470aedc2,Nikheel patel,"Took more than 1 hour to fulfill the order, distance between the restaurant and delivery location is less than 5 km. Worst experience ever. Food was cold on arrival, never ordering again from zomato. Delivery partner mentioned, he was asked to deliver 3 orders far apart.",1,0,2026-06-26 15:45:31,19.7.3,46,-0.2333333333333333,negative,1,0,0,0,0,1,churned,1
cebc998c-cf8c-414d-a17f-cf32345c8b39,Jeet Nandi 02B,Every Item Food Price is Very High.So go Market & buy food half price 🤬🤬,1,0,2026-06-26 15:44:59,19.7.3,15,0.016666666666666677,neutral,0,0,0,0,1,0,at_risk,1
48026165-33f0-4889-b3b4-50d6cb97f3ba,Ayan Khan,very tasty food corner,5,0,2026-06-26 15:44:57,19.7.3,4,0.2,positive,0,0,0,0,0,0,satisfied,0
f480e684-349a-45af-b869-6cbb49a58c38,Rahul Thakur,best,4,0,2026-06-26 15:44:23,19.7.0,1,1.0,positive,0,0,0,0,0,0,satisfied,0
972d13a2-d00a-4e69-a38e-61902ee56f51,p rajasekaran,good,5,0,2026-06-26 15:42:53,19.7.3,1,0.7,positive,0,0,0,0,0,0,satisfied,0
f5f40652-1922-47e4-bf1b-f5fa423cbab9,Sufiyan Khan,The delivery boy's behavior is not at all appropriate. He speaks very rudely.,1,0,2026-06-26 15:42:13,,13,0.05499999999999999,neutral,1,0,0,0,0,0,at_risk,1
09647c71-2823-4df0-ba54-9f79aa65ad48,Ritu Raj,packaging not good no invoice no any wrap,2,0,2026-06-26 15:41:27,19.7.0,8,-0.35,negative,0,0,0,0,0,0,passive,0
9168faeb-20ee-4d3e-9e98-b8b20ccbfb41,Mamta Kolge,good,4,0,2026-06-26 15:41:02,19.7.0,1,0.7,positive,0,0,0,0,0,0,satisfied,0
dd39239d-f2b3-4e50-a041-aa081e049e33,anjaneyulu ragalla,Good,5,0,2026-06-26 15:40:55,19.7.3,1,0.7,positive,0,0,0,0,0,0,satisfied,0
3f882f9d-3d97-43d3-9dd7-a7c81afb72de,Himanshu K,nice,4,0,2026-06-26 15:40:43,19.7.3,1,0.6,positive,0,0,0,0,0,0,satisfied,0
a2fd2146-7f9b-40ce-bdb5-f683cefa0f18,Prajwal Gowda,Zomato not Cheaters club always they will cancel my order after waiting for hours and no response from support team i will strongly suggest to please use swiggy please don't install these stupid app i am uninstalling it and never ever gonna use it. no use of support i suggest to shut the support system so zomato can save some money from that also and take fake orders also.,1,0,2026-06-26 15:40:04,19.7.0,69,-0.28888888888888886,negative,0,1,1,1,0,0,churned,1
ee0ba405-76f2-4e60-9102-a368cdd0b14c,Sambhav Chauhan,Thanks zomato,5,0,2026-06-26 15:39:22,19.7.3,2,0.2,positive,0,0,0,0,0,0,satisfied,0
71390f4a-b0c4-4772-8f78-919489297fdf,Shubhonkar Nandi,good,5,0,2026-06-26 15:38:55,19.7.3,1,0.7,positive,0,0,0,0,0,0,satisfied,0
09f2ed87-d0f4-4bda-b670-549e3fb4fa82,Sonia R.K.,"Order # *4560, June 26 2026. We placed our order with Azad Hind in a hurry tonight and needed to add Rumali roti after making payment. AI chat support is awful, restaurant could not help, Zomato support ignores urgent emails for assistance. What is so impossible to add on an item????",3,4,2026-06-26 15:38:25,19.7.3,51,-0.8333333333333333,negative,0,0,1,1,0,0,at_risk,0
f4b6e720-852f-4667-803e-b18710f71e7c,Ajay Sharma,worst app price different from restaurant,1,0,2026-06-26 15:37:56,19.1.4,6,-0.5,negative,0,0,0,0,1,0,at_risk,1
82574cbb-6b77-4703-8ebc-ed9206c0c6cc,Praveen Veenn,5 str,5,0,2026-06-26 15:37:44,19.6.8,2,0.0,neutral,0,0,0,0,0,0,satisfied,0
c85fa6a4-3175-43e0-977c-b21a5eac5097,Gopal Singh,nice try,5,0,2026-06-26 15:36:59,,2,0.6,positive,0,0,0,0,0,0,satisfied,0
7a91be62-7269-4152-9d3d-489f6f130497,sathish sounder,good service,5,0,2026-06-26 15:36:52,19.7.3,2,0.7,positive,0,0,0,0,0,0,satisfied,0
d2d3d3ca-6055-4763-ae17-fec88ba00b96,Rajendra Rawat,discount is not enough,1,0,2026-06-26 15:35:52,19.7.3,4,0.0,neutral,0,0,0,0,0,0,passive,0
0a2e82b2-bd86-4323-9918-09d1db87616e,shankar randil,very fast सिस्टिम,5,0,2026-06-26 15:35:26,19.7.3,3,0.26,positive,0,0,0,0,0,0,satisfied,0
06c740b7-e8f0-4699-ae66-a04369ec9f3d,Rahul Shaw,very nice app,5,0,2026-06-26 15:34:38,19.7.0,3,0.78,positive,0,0,0,0,0,0,satisfied,0
e9fbd680-b4bf-4b0f-9026-47ff54a18021,Sumanth Raj,good,5,0,2026-06-26 15:33:42,19.7.3,1,0.7,positive,0,0,0,0,0,0,satisfied,0
a9117e80-cd83-4576-91c7-4fd95fac66c2,uv gopi,good service,5,0,2026-06-26 15:32:47,19.7.3,2,0.7,positive,0,0,0,0,0,0,satisfied,0
4a4a2e2e-f3f3-47f7-a9a0-1dd93c286df8,Sago Sarve,nice,5,0,2026-06-26 15:32:43,19.6.8,1,0.6,positive,0,0,0,0,0,0,satisfied,0
c23c458e-59bc-44dd-9f26-edc7f6721af3,Deepak Sharma,very good I am happy,5,0,2026-06-26 15:32:41,19.7.0,5,0.855,positive,0,0,0,0,0,0,satisfied,0
195d5ebd-0f5e-4aa4-951a-0c6cb7f43136,Mandeep Je,good job,4,0,2026-06-26 15:31:35,19.7.3,2,0.7,positive,0,0,0,0,0,0,satisfied,0
c1cb6d64-5a34-44ad-be3b-a36603901faa,mandaliya gaurav,don't download this app...it's take more then 1 hr to supply your food near then 1 km food shop it' can not for instant food supplier,1,0,2026-06-26 15:31:11,19.7.3,26,0.19999999999999998,positive,0,0,0,0,0,0,passive,0
4cbc72e6-d549-4e99-a6e5-9f2030d228ca,muniyasamy g,food is so good,4,0,2026-06-26 15:29:50,19.7.3,4,0.7,positive,0,0,0,0,0,0,satisfied,0
9d70db38-4a25-485b-b990-a111f5867162,Moram Shanmuka Swami,nice,5,0,2026-06-26 15:29:44,19.7.3,1,0.6,positive,0,0,0,0,0,0,satisfied,0
3432a13c-85a6-40d9-a524-e36decc3ca26,Karan,great,4,0,2026-06-26 15:29:22,19.7.3,1,0.8,positive,0,0,0,0,0,0,satisfied,0
b309e360-f6a1-45ae-9392-9356899e8f74,AYUSH MISHRA,good 😊,5,0,2026-06-26 15:28:39,19.7.3,2,0.7,positive,0,0,0,0,0,0,satisfied,0
fffe01a0-e08d-41c9-a9dc-aff01056009a,Raja vel,good,5,0,2026-06-26 15:28:31,19.7.3,1,0.7,positive,0,0,0,0,0,0,satisfied,0
e549e09e-f947-426e-bdb0-6e27ed7924b4,Prajwal Dhage,good,5,0,2026-06-26 15:27:57,19.7.3,1,0.7,positive,0,0,0,0,0,0,satisfied,0
98614b5e-db02-48b2-9315-0fce89b3ca57,ZAHIDHUSSAIN J MOKHA,"I am trying it for the first time, Zomato, let's see how the experience is.",5,0,2026-06-26 15:27:50,19.7.3,15,0.25,positive,0,0,0,0,0,0,satisfied,0
c851e6ec-2894-488f-856b-7f6df4bac452,Ankit Singh,suer service,3,0,2026-06-26 15:26:56,19.7.3,2,0.0,neutral,0,0,0,0,0,0,passive,0
67a55b74-ea16-4847-a1ba-afda1a67948d,Manish Kumar Ram,good,3,0,2026-06-26 15:26:34,19.7.3,1,0.7,positive,0,0,0,0,0,0,passive,0
c63cc4f3-c63b-4588-b0cb-997b755be5b3,Apratim shrivastava,the best food app out there,5,0,2026-06-26 15:25:34,19.7.3,6,1.0,positive,0,0,0,0,0,0,satisfied,0
0237beae-b15f-4a6d-859f-f0c2956e404b,sajid khan,xcellent,1,0,2026-06-26 15:25:24,19.7.3,1,0.0,neutral,0,0,0,0,0,0,passive,0
fb0ddae7-6e24-4903-aabc-6ff5c5b576f9,Akula Shirisha,waste app,1,0,2026-06-26 15:25:20,19.7.2,2,-0.2,negative,0,0,0,0,0,0,passive,0
e377cf04-6c2a-41c7-82b9-c855fc717f0e,Anu Salgotra,good service,1,0,2026-06-26 15:24:13,19.7.3,2,0.7,positive,0,0,0,0,0,0,passive,0
90655916-e71f-410f-9362-0964594d7f51,मनोज म,fast food delivery ke liye best app 😊,5,0,2026-06-26 15:23:56,19.6.3,8,0.6,positive,1,0,0,0,0,0,satisfied,0
c6d4f8e5-eb0e-4c3f-a25b-31a90875d840,Nirupom Dutta,gd aap,5,0,2026-06-26 15:23:10,19.7.2,2,0.0,neutral,0,0,0,0,0,0,satisfied,0
7465c86a-dcea-4f34-9adf-5d6dd93d0153,Ranjeet Singh,best,5,0,2026-06-26 15:22:12,19.3.7,1,1.0,positive,0,0,0,0,0,0,satisfied,0
b0ef3cbf-ae54-48ea-a180-0adb6facff8f,Roni Arora,good service,5,0,2026-06-26 15:21:58,19.6.8,2,0.7,positive,0,0,0,0,0,0,satisfied,0
db9f0da5-c146-4e3f-9bed-6cc441cd9dc3,JD C,good app,3,0,2026-06-26 15:21:56,19.7.3,2,0.7,positive,0,0,0,0,0,0,passive,0
9fda34c3-3710-4a3d-a30e-4613d4c969c9,Hriday Mal,nice,5,0,2026-06-26 15:21:56,19.7.0,1,0.6,positive,0,0,0,0,0,0,satisfied,0
30326e4c-43fc-464f-a7fd-e62b0bb70c01,Prasad,good,5,0,2026-06-26 15:19:43,19.7.3,1,0.7,positive,0,0,0,0,0,0,satisfied,0
e03a34a3-0674-4c26-b353-c0e810380526,Deepak Rathor,so high delivery charges,1,0,2026-06-26 15:19:27,19.2.6,4,0.16,positive,1,0,0,0,1,0,churned,1
a3537ebb-96b0-42ef-9133-e3d8aa779be1,Jaya Lakshmi,"worst app whenever I tries to place a cash on delivery order,the cod option was always unavailable why??",1,0,2026-06-26 15:19:07,19.7.3,18,-0.55,negative,1,0,0,0,0,0,at_risk,1
cf590f7b-eecf-4259-ad17-29469ced35ea,Soumya Gurumurthy,good 😊,5,0,2026-06-26 15:18:22,19.7.2,2,0.7,positive,0,0,0,0,0,0,satisfied,0
9f8d2150-23c2-461e-80b3-6ac0d69da6a3,Pavan Kumar,waste support system,1,0,2026-06-26 15:18:16,19.7.3,3,-0.2,negative,0,0,0,1,0,0,at_risk,1
c11165a8-c6fe-4a1c-ada3-50dc7721acfb,Vishal Mheshvree,good app,4,0,2026-06-26 15:17:30,19.7.3,2,0.7,positive,0,0,0,0,0,0,satisfied,0
13f3b3ff-0e4e-4e86-9a43-decc36a2d920,Rajneesh Singh,nice 💯,5,0,2026-06-26 15:17:19,,2,0.6,positive,0,0,0,0,0,0,satisfied,0
5709554d-11bb-497d-9fc8-a3397aa94c0d,upendra singh,super service,5,0,2026-06-26 15:17:10,19.7.3,2,0.3333333333333333,positive,0,0,0,0,0,0,satisfied,0
3ef5b573-1ad3-464c-b228-a07ae86b9cac,sachikanta patra,don't use zomato. return n refund policy is not user friendly,1,0,2026-06-26 15:17:02,19.4.6,11,0.375,positive,0,0,1,0,0,0,at_risk,1
84b30af3-64ce-49ef-9f9e-239adb16ded9,Oye Lucky,nice,5,0,2026-06-26 15:16:38,19.7.3,1,0.6,positive,0,0,0,0,0,0,satisfied,0
c73c0d81-8083-48ae-bdec-768075d352b1,Devipriya 12,super,5,0,2026-06-26 15:16:04,19.5.9,1,0.3333333333333333,positive,0,0,0,0,0,0,satisfied,0
9a45edff-7b5b-4c8a-ae5a-76308eecc1e9,akshay tiwari,not that much discount available,3,0,2026-06-26 15:15:22,19.7.3,5,0.30000000000000004,positive,0,0,0,0,0,0,passive,0
9a2b33c8-ceef-4bdd-b729-fd0a67278df9,Shravan V,we ordered Paratha and got Tandoori Roti,1,0,2026-06-26 15:15:17,19.7.3,7,0.0,neutral,0,0,0,0,0,0,passive,0
0efaac61-04f8-48d9-8c24-9fe7a3f473fb,ASHOKAN K.N,സൂപ്പർ,4,0,2026-06-26 15:15:05,19.7.3,1,0.0,neutral,0,0,0,0,0,0,satisfied,0
e992cf47-104e-4128-b3f8-ebedd781f39e,Lakshya Kumar,good,5,0,2026-06-26 15:14:18,19.7.3,1,0.7,positive,0,0,0,0,0,0,satisfied,0
031a26ca-8ed4-4cc1-b2b8-41ccbdf345f7,Bhyankar Gaming,expires my money,4,0,2026-06-26 15:14:09,19.7.0,3,0.0,neutral,0,0,1,0,0,0,satisfied,0
1fd281a0-3009-4b96-8df9-eb2540e39c79,Aditya saurabh,worst customer handling. first riders will take the order and after an hour or will cancel it with excuse of vehicle malfunctioning and zomato can't help in any way. later on as a lollipop they some coupon and block customer's account along with option of COD. fraud. don't download,1,0,2026-06-26 15:12:50,19.7.3,49,-0.2,negative,0,1,0,0,0,0,at_risk,1
e4178671-d3a2-4a20-b581-90caa74a78c3,PENDYALA JAMUNA,very good,5,0,2026-06-26 15:12:09,19.7.3,2,0.9099999999999999,positive,0,0,0,0,0,0,satisfied,0
09ef4978-b3c5-4928-8644-d663484f0813,Om Prakash Maurya,no comments,4,0,2026-06-26 15:11:51,19.7.3,2,0.0,neutral,0,0,0,0,0,0,satisfied,0
9e269656-65d6-4dcd-a946-5ee0184a2b6a,adv skt,great,5,0,2026-06-26 15:11:33,19.7.3,1,0.8,positive,0,0,0,0,0,0,satisfied,0
5328a96b-5421-4253-bf49-b2bd3f65855a,vijaykumar pammar,Good 👍,5,0,2026-06-26 15:10:42,19.7.3,2,0.7,positive,0,0,0,0,0,0,satisfied,0
fa07748f-f138-424b-bd94-8c234c2246cb,Aryan Rai,its very good plateform for various types of food delivery within time,5,0,2026-06-26 15:09:57,19.7.0,12,0.45499999999999996,positive,1,0,0,0,0,0,satisfied,0
1d46af6a-2cea-46a8-8062-fb70980db747,Mahi Maurya,nice 🙂,5,0,2026-06-26 15:09:07,19.7.0,2,0.6,positive,0,0,0,0,0,0,satisfied,0
3a50a096-507a-437e-bef6-fcfbb2534b94,MONICA LUNGE,late delivery,5,0,2026-06-26 15:09:00,19.7.3,2,-0.3,negative,1,0,0,0,0,0,satisfied,0
1eaf2924-ad1d-4020-8b27-c871a9ce57c2,Cancal Singh,nice,5,0,2026-06-26 15:08:19,19.7.3,1,0.6,positive,0,0,0,0,0,0,satisfied,0
fb091323-315d-44d4-8c54-868797d4a3ed,Gurbaj Singh,nice,4,0,2026-06-26 15:07:20,19.7.3,1,0.6,positive,0,0,0,0,0,0,satisfied,0
cf90e2b2-4b71-41c1-9c78-54b13e05ba82,Chavi Hans,if you r not delivered in night then this. is useless for so many peoples,1,0,2026-06-26 15:07:13,19.7.3,15,0.0,neutral,1,0,0,0,0,0,at_risk,1
a29c0921-6447-414e-9022-825d361177ab,Madhumitha Babu,love this,5,0,2026-06-26 15:06:56,19.7.3,2,0.5,positive,0,0,0,0,0,0,satisfied,0
1c658826-57dd-4d9d-8222-ddca4a307ce6,Ananya Verma,good work but not everytime...!,5,0,2026-06-26 15:06:32,19.7.3,5,0.875,positive,0,0,0,0,0,0,satisfied,0
e3746b7f-d75d-454e-a508-55dc81d40df0,Govind Nirala,nice,5,0,2026-06-26 15:06:24,19.7.3,1,0.6,positive,0,0,0,0,0,0,satisfied,0
8111f0e3-b042-4b90-87ee-4c7e70a523be,Mamta Prajapati,"some problem,but best food delivery app",4,0,2026-06-26 15:06:23,,6,1.0,positive,1,0,0,0,0,0,satisfied,0
3544f95c-8a49-41ff-a8dd-f71193874e9c,Vicky Rozario,good service,4,0,2026-06-26 15:05:57,19.7.3,2,0.7,positive,0,0,0,0,0,0,satisfied,0
b835777c-481c-4734-a33b-64fd4f9ad9fa,Karan Kumar,nice aap 😘,5,0,2026-06-26 15:05:44,19.7.3,3,0.6,positive,0,0,0,0,0,0,satisfied,0
8db571e4-2a86-4316-acfb-1756b7128a87,Shiftain Rehan,price bahut jada hai,4,0,2026-06-26 15:04:02,19.7.3,4,0.0,neutral,0,0,0,0,1,0,satisfied,0
8daf89bb-d89f-4949-a7b4-a49e168fcd16,Akhil Jain,these days the order delay is very normal. Delivery network has declined drastically.,2,0,2026-06-26 15:03:45,19.7.3,13,0.195,positive,1,0,0,0,0,0,at_risk,0
7a88fa1a-9dd7-45fa-8589-6be822bf6ec2,Navnath Pandit,👍👍,1,0,2026-06-26 15:03:30,19.7.0,1,0.0,neutral,0,0,0,0,0,0,passive,0
4d5c07f0-3698-4aba-b497-4fcf14d7cb86,chintu,good,4,0,2026-06-26 15:01:21,19.7.3,1,0.7,positive,0,0,0,0,0,0,satisfied,0
826589d9-f6a1-42d1-b618-3b90d1705a42,Kuldeep Shilpkaar,Good,5,0,2026-06-26 15:01:18,19.7.0,1,0.7,positive,0,0,0,0,0,0,satisfied,0
a1c81a4a-9a2f-4d23-bb8d-5d777b033c89,kedar holimath,best,5,0,2026-06-26 15:00:26,19.7.3,1,1.0,positive,0,0,0,0,0,0,satisfied,0
b8faa636-1d62-40b6-bbea-90d0a8954121,Pratap Sinha,good service,5,0,2026-06-26 15:00:02,19.7.3,2,0.7,positive,0,0,0,0,0,0,satisfied,0
c8cdad75-4d64-4196-b2e2-1033cd5492af,ADITHYAN PR,good,5,0,2026-06-26 14:59:56,19.7.3,1,0.7,positive,0,0,0,0,0,0,satisfied,0
5c3961b1-3908-4047-a334-3050fcdea1f3,Prema Pawar,nice app,3,0,2026-06-26 14:58:52,19.7.3,2,0.6,positive,0,0,0,0,0,0,passive,0
421fa711-1720-42b8-b513-76d50ce9cbde,Ajay Juglan,good,1,0,2026-06-26 14:58:46,19.6.3,1,0.7,positive,0,0,0,0,0,0,passive,0
aaf7cc39-2bc4-4bd8-9ca6-863caf4cd9e3,Prem Yadav,why the dilivery charge is too much it takes 60 rupees for 2.4km not worth it.,2,0,2026-06-26 14:58:37,19.6.8,16,0.02500000000000001,neutral,0,0,0,0,1,0,at_risk,0
49c30bc6-0226-4040-8244-eea93f0c6ec2,Tanu Singh,good,5,0,2026-06-26 14:58:18,19.7.2,1,0.7,positive,0,0,0,0,0,0,satisfied,0
1986cb09-b31c-4f6c-b363-9b3131079cc3,RAGHURAM MARINGANTI,verrrry nice,5,0,2026-06-26 14:57:17,,2,0.6,positive,0,0,0,0,0,0,satisfied,0
b1a45a7b-8135-49e5-bd58-107e26c7a94b,Dubey ji awesome,nice hungry 😋 app,5,0,2026-06-26 14:57:09,19.7.3,4,0.6,positive,0,0,0,0,0,0,satisfied,0
48b57c1c-fa70-4e94-b31f-de9f7cc17837,Rabi Sharma,good ...................,5,0,2026-06-26 14:56:55,19.7.3,2,0.7,positive,0,0,0,0,0,0,satisfied,0
605dd215-428d-4a2e-91e6-68227951884d,DHARMARAJ MOHAPATTA,Nice,4,0,2026-06-26 14:56:35,19.7.3,1,0.6,positive,0,0,0,0,0,0,satisfied,0
4b47199f-9712-41ff-a4bd-b864c2905b38,Ankit Kumar,good,4,0,2026-06-26 14:55:07,19.7.3,1,0.7,positive,0,0,0,0,0,0,satisfied,0
7c331230-4cee-4b25-8d79-5e87cd3c6bea,Ankur Singhania,Too many extra charges,3,0,2026-06-26 14:54:59,19.7.3,4,0.25,positive,0,0,0,0,1,0,at_risk,0
d0fb8a6a-6223-4f39-9079-d3802ea51812,Sagar Bheemireddi,good,5,0,2026-06-26 14:54:33,19.7.3,1,0.7,positive,0,0,0,0,0,0,satisfied,0
5de162dc-5e9a-4208-8f54-b08d235a8df3,amit shejule,too many extra charges,3,0,2026-06-26 14:54:22,19.7.3,4,0.25,positive,0,0,0,0,1,0,at_risk,0
d62fde17-1fc4-4d2d-bbdc-85e58b5e84f9,vAiBHavI Wadekar,it's a great service,5,0,2026-06-26 14:53:09,19.7.3,4,0.8,positive,0,0,0,0,0,0,satisfied,0
9b93e579-9df9-4d2c-9673-217444af575a,Susmit Talapatra,good,5,0,2026-06-26 14:51:29,19.7.2,1,0.7,positive,0,0,0,0,0,0,satisfied,0
5ac3cee0-5a37-4573-b468-2dfe5b319e77,Tripti Yadav,nice app,3,0,2026-06-26 14:50:46,19.7.3,2,0.6,positive,0,0,0,0,0,0,passive,0
39dea616-125c-4d91-90ba-6fc626f636fe,Datta Patil,good,5,0,2026-06-26 14:50:23,19.7.3,1,0.7,positive,0,0,0,0,0,0,satisfied,0
a0b75df0-5b81-47dc-a64c-e461c39253fe,Arman Singh,good app,5,0,2026-06-26 14:49:48,19.7.3,2,0.7,positive,0,0,0,0,0,0,satisfied,0
76c6f0b1-76fc-4f13-b93a-9b214b2662f3,Upendra Singh,good,5,0,2026-06-26 14:48:50,19.7.0,1,0.7,positive,0,0,0,0,0,0,satisfied,0
72ba222e-400f-4329-9639-974e573cb136,Haider Shaikh,delivery boy name :- Aniket Sanjay Gaikwad fraud team members logo ke order delivered dekha ke gayab karta 😑 log online food apna time bacha ne ke liye mangate hai na ki refund customer care support dekhne ke liye delivery team better ho to good warna experience or time kharab karne ke baad fir se trust karna mushkil hai ki order aayega ya refund refund khelna honga 😑😡,1,0,2026-06-26 14:48:46,19.7.3,68,0.6,positive,1,0,1,1,0,0,churned,1
f21581de-83ca-42ba-8e19-3959cc4ac9c3,Shazia Hamza,very good very good,5,0,2026-06-26 14:48:23,19.7.3,4,0.9099999999999999,positive,0,0,0,0,0,0,satisfied,0
1ecc53fe-26fe-4ef3-b9df-3bc5b40acba6,Mosin Khan Kabza,good 👍 experience,3,0,2026-06-26 14:47:30,19.7.3,3,0.7,positive,0,0,0,0,0,0,passive,0
06d73cec-d1de-45ea-be1a-d3edd8dbfe8e,S M,not received soup In display it's there,1,0,2026-06-26 14:47:25,19.7.3,7,0.0,neutral,0,0,0,0,0,0,passive,0
bb388a14-2c06-4fca-83f5-0bdb497d5815,Nadeem Choudhary,wow so sweet delievery,5,0,2026-06-26 14:46:31,19.7.3,4,0.22499999999999998,positive,0,0,0,0,0,0,satisfied,0
763713ef-bd2b-4dba-b7bd-66add88add9c,asif nawaz,good 👍,5,0,2026-06-26 14:44:41,19.7.3,2,0.7,positive,0,0,0,0,0,0,satisfied,0
0c6ded93-7faa-4e60-a4a5-1f41fbf46edc,Harshal Girase,best,5,0,2026-06-26 14:43:49,19.7.3,1,1.0,positive,0,0,0,0,0,0,satisfied,0
fdb5cb25-4620-40d1-bc00-d41f2337f9b6,MahimaCh,good,4,0,2026-06-26 14:43:48,19.6.8,1,0.7,positive,0,0,0,0,0,0,satisfied,0
529f271b-945b-4390-8003-b6fc419246bd,Madhana DR 12,"waste , no coupons no update waste of time",1,0,2026-06-26 14:43:17,19.5.9,9,-0.2,negative,0,0,0,0,0,0,passive,0
90928906-97ef-4852-94f5-e1d027729847,prem anand,double pricing,1,0,2026-06-26 14:43:06,19.7.3,2,0.0,neutral,0,0,0,0,0,0,passive,0
f40f4e66-9491-43b0-87b5-6a8d4d1816f2,Rudra Jet,👍,5,0,2026-06-26 14:42:39,19.7.3,1,0.0,neutral,0,0,0,0,0,0,satisfied,0
026a7cc7-abbd-4f2f-92b2-e3296ebfc69a,Choice Your's,much better than Swiggy,5,0,2026-06-26 14:42:29,,4,0.5,positive,0,0,0,0,0,0,satisfied,0
c3ef15d5-0b91-4b89-a0cd-411ff285b31a,rupesh kumar,good,5,0,2026-06-26 14:42:09,19.7.3,1,0.7,positive,0,0,0,0,0,0,satisfied,0
d7525933-9f73-40c0-a4e1-ef93dcae43d7,Ms Yusuf,thanks 👍 very nice,5,0,2026-06-26 14:41:20,19.7.3,4,0.49,positive,0,0,0,0,0,0,satisfied,0
4888a074-e66c-43d9-a554-734c6e96e063,Piyush Tripathi,excellent 👌🏻☺️,5,0,2026-06-26 14:41:03,19.7.3,2,1.0,positive,0,0,0,0,0,0,satisfied,0
cf32ea0d-32bb-43bd-98a0-aa43d90a6760,Seenamanju15480003 Seenamanju15480003,good,5,0,2026-06-26 14:40:48,19.7.2,1,0.7,positive,0,0,0,0,0,0,satisfied,0
89308ec9-e040-4ba1-b5e2-8f6aefdeb153,Shrinthi Konai,good,2,0,2026-06-26 14:40:25,19.6.3,1,0.7,positive,0,0,0,0,0,0,passive,0
d5d28547-fb81-42cf-9e1d-cf91320da476,Dipu Sutradhar,good not bad,3,0,2026-06-26 14:40:19,19.5.9,3,0.5249999999999999,positive,0,0,0,0,0,0,passive,0
934dd17f-03f0-4e2f-8103-79cb188c7dee,Vishal Kumar,nice 👍 I love it❤️. compare with swiggy,4,0,2026-06-26 14:40:04,19.7.3,8,0.55,positive,0,0,0,0,0,0,satisfied,0
a5887992-1fd4-4c3d-9ec4-4ddbd0c3c7cb,Sujal Roy,good,5,0,2026-06-26 14:40:02,19.7.3,1,0.7,positive,0,0,0,0,0,0,satisfied,0
1f9f6c9f-4ae9-4d75-8104-ab873bd4aaed,Pushpa Gautam,nice 👍,5,0,2026-06-26 14:39:01,,2,0.6,positive,0,0,0,0,0,0,satisfied,0
e10c0de4-141f-4644-8cab-a262f13588bf,Rimpa Duttabiswas,wow,5,0,2026-06-26 14:38:10,19.7.3,1,0.1,neutral,0,0,0,0,0,0,satisfied,0
3ef000b4-6123-4a3c-a5a4-ef8a0842f595,Gaurav Rathore,one star deduct for price little bit high,4,0,2026-06-26 14:36:37,19.7.3,8,-0.013749999999999998,neutral,0,0,0,0,1,0,satisfied,0
422c4cd4-4fb7-454a-addc-30533d1b2f1c,Balwinder Kaur,👍,4,0,2026-06-26 14:36:21,19.7.3,1,0.0,neutral,0,0,0,0,0,0,satisfied,0
6d0b2f57-e610-4274-bb81-7e253707032a,Bhagat Sourav,good sarvice,5,0,2026-06-26 14:35:52,19.7.3,2,0.7,positive,0,0,0,0,0,0,satisfied,0
598becac-d9c1-4ffa-b6ac-3d6ad3608e27,Shanti Mewara,"So many options, easy to use, the delivery is almost always on time and the app is very useful for everyone.",5,0,2026-06-26 14:35:30,18.6.9,21,0.44111111111111106,positive,1,0,0,0,0,0,satisfied,0
10d54b44-5d0d-4d5e-8240-4979cc22de33,RUPESH Prajapati,good,4,0,2026-06-26 14:35:23,19.7.3,1,0.7,positive,0,0,0,0,0,0,satisfied,0
ccec8d54-48b8-4f66-b101-1d9193358c2b,Seema Meena,amazing app,5,0,2026-06-26 14:33:46,19.7.3,2,0.6000000000000001,positive,0,0,0,0,0,0,satisfied,0
abe841ff-71cf-4336-8cfe-6602498e4619,TT வல்லாவன்,good,5,0,2026-06-26 14:33:28,19.7.3,1,0.7,positive,0,0,0,0,0,0,satisfied,0
aebc3e7e-877d-4569-a080-02e46627d65b,Nikul Prajapati,good,4,0,2026-06-26 14:33:03,19.6.3,1,0.7,positive,0,0,0,0,0,0,satisfied,0
4a51ed57-5003-4fd9-976a-b3d4695f6c73,Minakshi Arora,it is working very bad and showing the option of train again and again and they are taking payment also,1,0,2026-06-26 14:33:01,19.7.3,20,-0.9099999999999998,negative,0,0,1,0,0,0,at_risk,1
ac9e0a08-11c2-404c-84dc-f6d70fe88dd6,PREETI SHARMA,Really appreciated 😊 i am so happy with zomato,5,0,2026-06-26 14:31:51,19.7.3,9,0.5,positive,0,0,0,0,0,0,satisfied,0
16fc0d2e-4585-4b2f-a6c3-85455f514029,Mamata Patro,very nice,5,0,2026-06-26 14:31:43,19.7.3,2,0.78,positive,0,0,0,0,0,0,satisfied,0
ea80c6bc-ab03-44e9-9d1b-455b8b37cbaf,Dilkas Khan,ok,5,0,2026-06-26 14:31:26,19.7.3,1,0.5,positive,0,0,0,0,0,0,satisfied,0
6995277e-ad4f-4508-9deb-f017784700cc,Atharva Kadam,nice 👍🙂,5,0,2026-06-26 14:30:43,19.7.0,2,0.6,positive,0,0,0,0,0,0,satisfied,0
c380a24b-f404-475d-9d55-0e2a74b0ea70,Aakash kurrey,amazing,4,0,2026-06-26 14:29:11,19.7.3,1,0.6000000000000001,positive,0,0,0,0,0,0,satisfied,0
551a56cf-9539-418f-8fcb-c7f55944de4f,Hamsaraju Ediga,good,4,0,2026-06-26 14:28:53,19.7.3,1,0.7,positive,0,0,0,0,0,0,satisfied,0
d1a116f9-8658-4bfd-bbcf-68492b7acd33,Tarun Mourya,good,4,0,2026-06-26 14:28:23,19.7.3,1,0.7,positive,0,0,0,0,0,0,satisfied,0
7ea8dc41-3a38-4530-89c6-b3a385fef3f7,Vaddarapu Nagamurali,good,5,0,2026-06-26 14:27:34,19.7.3,1,0.7,positive,0,0,0,0,0,0,satisfied,0
770ba54c-33c5-46e9-9fd5-bfb004bd3d52,shyama charan,ok,5,0,2026-06-26 14:27:08,19.7.3,1,0.5,positive,0,0,0,0,0,0,satisfied,0
6907c1bf-6483-46cb-a77c-9b61591cd23b,Madalsa Chauhan,Great 👍,5,0,2026-06-26 14:26:08,19.7.3,2,0.8,positive,0,0,0,0,0,0,satisfied,0
71dad0c8-6ac1-46cc-b3ef-300a35370145,Sunil Paidipamula,good ok,5,1,2026-06-26 14:24:52,19.7.3,2,0.6,positive,0,0,0,0,0,0,satisfied,0
2b5ddc78-6efe-4c29-a5f9-f07a2d611e20,Firoz Qureshi,good,5,0,2026-06-26 14:23:18,19.7.2,1,0.7,positive,0,0,0,0,0,0,satisfied,0
f491b673-8f67-4d31-be9e-5a9206e55732,Sridhar abi Sridhar abi,super,3,0,2026-06-26 14:22:32,19.7.3,1,0.3333333333333333,positive,0,0,0,0,0,0,passive,0
754676e6-f864-4140-944e-00958e25525f,Amit Malav,taking time so much to gave order,2,0,2026-06-26 14:21:38,19.7.3,7,0.2,positive,0,0,0,0,0,0,passive,0
fedba1e6-af10-4ce7-8578-870dbb1efe4b,ram lingam,good,3,0,2026-06-26 14:21:35,19.7.3,1,0.7,positive,0,0,0,0,0,0,passive,0
738fecaa-ec51-499e-bdca-301d5929c492,Monu Singh,👍,5,0,2026-06-26 14:21:25,19.7.3,1,0.0,neutral,0,0,0,0,0,0,satisfied,0
bfbc2976-2240-4f11-93df-bfa5984e2764,Naveena Bshetty,good,5,0,2026-06-26 14:20:52,19.7.3,1,0.7,positive,0,0,0,0,0,0,satisfied,0
68bd656a-2894-413e-acf4-a96f1c9fa37d,Rajesh Patel,excellent,5,0,2026-06-26 14:19:51,19.7.3,1,1.0,positive,0,0,0,0,0,0,satisfied,0
0bffa45c-4cfd-4a6c-a943-972ccb60b365,Tushar Sakhare,good,5,0,2026-06-26 14:17:19,19.7.3,1,0.7,positive,0,0,0,0,0,0,satisfied,0
7c1d2bc4-db9e-488a-9529-71808e29770e,Chhotu Gupta,👌 best,5,0,2026-06-26 14:16:03,19.4.7,2,1.0,positive,0,0,0,0,0,0,satisfied,0
068f0629-2b80-418d-8c5c-40652ec0f587,sagar shivanagekar,good,5,0,2026-06-26 14:14:18,19.7.3,1,0.7,positive,0,0,0,0,0,0,satisfied,0
f120d2ba-887c-4dbd-b6bb-be97c0f032c5,Manish Sonwani,Good,5,0,2026-06-26 14:11:40,19.7.3,1,0.7,positive,0,0,0,0,0,0,satisfied,0
089edc35-e15e-4c67-9da8-a8cc43416f95,Anjali Rajput,so much costly,1,0,2026-06-26 14:10:13,,3,0.2,positive,0,0,0,0,1,0,at_risk,1
ec400ea5-22b6-47c2-9c62-caff87d5eb71,Edwin Nampui,please deliver on time,5,0,2026-06-26 14:09:13,19.5.9,4,0.0,neutral,1,0,0,0,0,0,satisfied,0
4127a919-eaaa-48ae-a6d6-523796240b9a,Ganesh Nayak,PROBLEM: Fast delivery means old pre-packaged food. No reviews on app (only rating) means no genuine feedback. NET RESULT: Forced to order old stale food at own risk at inflated zomato prices. SUGGESTION: 1. Add filter and label suggesting food is freshly prepared. 2. All packaged food Containers should have PACKED DATE and EXPIRY DATE.,1,0,2026-06-26 14:09:00,,55,0.03,neutral,1,0,0,0,1,1,churned,1
7212ed5c-b798-4979-8740-0af6b19ab08b,DeviPrasad Alapati,Good app.,5,0,2026-06-26 14:07:59,19.7.3,2,0.7,positive,0,0,0,0,0,0,satisfied,0
9cb9cf29-c264-4e50-9dc3-944b7c3d5e53,akhil Pashamd021,nice,5,0,2026-06-26 14:07:59,19.7.3,1,0.6,positive,0,0,0,0,0,0,satisfied,0
582d8db1-4ab5-4dce-b5b0-d342d0edd36c,Shubham Sahu,so disturbing,1,0,2026-06-26 14:07:52,19.7.3,2,-0.5,negative,0,0,0,0,0,0,passive,0
6d8cac80-b205-48d3-8765-88a53b505204,Sweta Singh,I am very disappointed with this app . costumer service is very poor. refund system is very bad . I recommend you to not install this app .,1,0,2026-06-26 14:07:36,19.7.3,28,-0.8016666666666666,negative,0,0,1,0,0,0,at_risk,1
80d86bda-cb2e-450d-8884-e9fe3709c87e,Mamatha Challa,good,4,0,2026-06-26 14:06:13,19.7.3,1,0.7,positive,0,0,0,0,0,0,satisfied,0
231da46b-255c-4d8a-88b5-e455d5be42b7,Prattipati Tirupatirao,OK,5,0,2026-06-26 14:05:27,19.7.3,1,0.5,positive,0,0,0,0,0,0,satisfied,0
bbbf64f6-e180-4b45-9e4f-3e29341fab60,Santosh karukayil,good,5,0,2026-06-26 14:04:13,19.7.3,1,0.7,positive,0,0,0,0,0,0,satisfied,0
a014349b-d83c-4af7-8593-2fb3d50328d8,Himanshu Sharma,gud,5,0,2026-06-26 14:03:33,19.7.3,1,0.0,neutral,0,0,0,0,0,0,satisfied,0
78bd96c0-e2fe-404b-9291-4e783f34c6c6,Shafque S,perfect time n nice work so happy for Zomato service,5,0,2026-06-26 14:02:41,19.7.3,10,0.8000000000000002,positive,0,0,0,0,0,0,satisfied,0
f401c0c5-bfc9-47ca-9761-8a4f3eb9ee33,Sagar kumar,good 😊,5,0,2026-06-26 14:01:18,19.7.3,2,0.7,positive,0,0,0,0,0,0,satisfied,0
7789c9ff-bf6a-4151-98d2-931d2b5e464e,Selvam S,super,5,0,2026-06-26 14:00:45,19.7.3,1,0.3333333333333333,positive,0,0,0,0,0,0,satisfied,0
29ab762d-e4c9-4560-8f20-c4be43472d95,SIDDHRAJSINH ZALA,super,4,0,2026-06-26 13:59:09,19.6.3,1,0.3333333333333333,positive,0,0,0,0,0,0,satisfied,0
8caccc98-3e9f-4ff7-85cc-96d02d4565cc,Manish Tiwari,good,4,0,2026-06-26 13:57:01,19.7.3,1,0.7,positive,0,0,0,0,0,0,satisfied,0
431a608b-a8bd-4e9e-a745-8b0c635500d0,Sunil Sampat,very nice,5,0,2026-06-26 13:56:21,19.7.3,2,0.78,positive,0,0,0,0,0,0,satisfied,0
cf2c7cd6-6879-4986-a5f5-2a3ed3ebf41b,Surinder Singh,good,5,0,2026-06-26 13:55:43,19.7.3,1,0.7,positive,0,0,0,0,0,0,satisfied,0
ebabe622-94b4-4e49-8495-9fd61c276a90,Afjal Shah,nice,5,0,2026-06-26 13:55:39,19.7.3,1,0.6,positive,0,0,0,0,0,0,satisfied,0
d75276c5-a3f0-44b2-8c29-6a2e13fe8b65,Meghali Patel,nyc service,5,0,2026-06-26 13:54:11,19.7.0,2,0.0,neutral,0,0,0,0,0,0,satisfied,0
001ba854-9040-4e63-beba-5a75d012e3e5,Chirag Viradiya,good service,5,0,2026-06-26 13:51:20,19.7.3,2,0.7,positive,0,0,0,0,0,0,satisfied,0
45c6d1c4-ec35-4c8b-94ff-b57fc1e28473,Bhanu Arjunwar,good,5,0,2026-06-26 13:50:29,19.6.6,1,0.7,positive,0,0,0,0,0,0,satisfied,0
02819995-9533-4eb3-9b57-2e50ef2e5e1c,rama. ramadevi94@gmail.com,good,5,0,2026-06-26 13:49:39,19.7.3,1,0.7,positive,0,0,0,0,0,0,satisfied,0
d6187bca-1329-4122-962e-c11aba51bfb9,PRAVEEN KUMAR,doesn't deliver orders on time,1,0,2026-06-26 13:49:16,19.7.3,5,0.0,neutral,1,0,0,0,0,0,at_risk,1
c1f1bf3c-364c-449c-a72b-25da84379cae,Piyanshu Ghosh,good,4,0,2026-06-26 13:49:13,19.7.3,1,0.7,positive,0,0,0,0,0,0,satisfied,0
ddd7947e-0daa-4efe-b19a-92b4f3d80967,Piyush Pimpale,👍,5,0,2026-06-26 13:47:51,19.7.3,1,0.0,neutral,0,0,0,0,0,0,satisfied,0
777a80ab-9053-442a-b5c2-6710bd619aef,ranjit tripathy,faltu,1,0,2026-06-26 13:44:58,19.7.3,1,0.0,neutral,0,0,0,0,0,0,passive,0
128acad8-07ad-4d4c-bfeb-9ff405e42f8b,Prashant Purohit,best quality and tasty food,5,0,2026-06-26 13:44:41,19.7.3,5,1.0,positive,0,0,0,0,0,1,satisfied,0
81547e11-1bf3-45d7-b622-01b53b9b4dbe,Priyanka Das,good,3,0,2026-06-26 13:44:36,19.7.0,1,0.7,positive,0,0,0,0,0,0,passive,0
e6146654-8116-4214-af65-c45764071eb8,Md Sameer,gret,5,0,2026-06-26 13:44:09,19.7.3,1,0.0,neutral,0,0,0,0,0,0,satisfied,0
126bf654-5a13-4c34-9421-688ccf29c2f0,SHIVA GOHAR,very good service,5,0,2026-06-26 13:42:56,19.6.5,3,0.9099999999999999,positive,0,0,0,0,0,0,satisfied,0
5cffa2e5-8957-4109-81c9-f6ad3918f4cf,C.K Gehlot,supar,5,0,2026-06-26 13:42:29,19.7.3,1,0.0,neutral,0,0,0,0,0,0,satisfied,0
ef9e42c2-0fdc-47a1-9cf0-fe0a3794531d,Jahir Hussain,not satisfied for price,1,0,2026-06-26 13:41:59,19.7.3,4,-0.25,negative,0,0,0,0,1,0,at_risk,1
6cb1fc95-6c93-4e48-9dd0-19cd94b5ac75,MD Mahboob,good,4,0,2026-06-26 13:41:34,19.7.3,1,0.7,positive,0,0,0,0,0,0,satisfied,0
5e260ec6-a334-4835-b2d9-6b332dd63e3a,Hardik Pala,"Couldn't mention the weight of items, panner sabji. it's almost 500 gm or 200 gm because the price is too low 130₹. Couldn't mention ingredients, I'm vegetarian and also Jain but some information is not used.",5,0,2026-06-26 13:41:05,19.7.3,36,0.0,neutral,0,0,0,0,1,0,satisfied,0
142012fb-4151-4a0f-8193-32c226547c52,Suresh Ghate,good online platform,5,0,2026-06-26 13:40:53,19.7.3,3,0.7,positive,0,0,0,0,0,0,satisfied,0
7468fb84-28ee-4dd7-9a64-d8958382c065,Ravindra Lakhan,👌 super,4,0,2026-06-26 13:40:07,19.7.0,2,0.3333333333333333,positive,0,0,0,0,0,0,satisfied,0
a69feb0c-651f-4ac1-94b3-c211721f0d18,Vikram Singh,Good to Use App.,5,0,2026-06-26 13:39:00,19.7.3,4,0.7,positive,0,0,0,0,0,0,satisfied,0
58c959d3-1e10-4517-b791-58d621b68962,Pvs Prakash,Express service,5,0,2026-06-26 13:37:51,19.7.3,2,0.0,neutral,0,0,0,0,0,0,satisfied,0
9f19bed9-685f-46e7-8200-be599e390b81,Sushmitha Sushma,superb,5,0,2026-06-26 13:37:29,19.7.2,1,1.0,positive,0,0,0,0,0,0,satisfied,0
34f3601c-5712-4f22-83d3-481d123861fd,Anil Das,most definitely,5,0,2026-06-26 13:37:26,19.7.2,2,0.25,positive,0,0,0,0,0,0,satisfied,0
7722d20c-dfa5-4ba5-bb85-accc90e61ce8,Kemparaju b,super,5,0,2026-06-26 13:34:35,19.7.3,1,0.3333333333333333,positive,0,0,0,0,0,0,satisfied,0
1a4017db-c64a-467a-a5e7-1c9fcfe7287f,Deepak Rana,tasty food,5,0,2026-06-26 13:34:29,19.7.3,2,0.0,neutral,0,0,0,0,0,0,satisfied,0
ed941756-9962-44d0-82d7-c9ab428f1cde,KHUSHBU SINGARE,excellent 👍,5,0,2026-06-26 13:34:27,19.7.0,2,1.0,positive,0,0,0,0,0,0,satisfied,0
0dc4e338-9f14-47d3-8efa-298b77260fd3,Muskan Jain,worst the seller just send me rotten momo and zomato didn't even take a step,1,0,2026-06-26 13:34:02,,15,-1.0,negative,0,0,0,0,0,0,passive,0
a253e9e4-5877-4f35-927d-837b4f19b56f,IMRAN MEMON,thank you,5,0,2026-06-26 13:33:55,15.8.3,2,0.0,neutral,0,0,0,0,0,0,satisfied,0
debe9a0f-9b2b-48e8-a08b-39dd237446e5,Rishabh Singh,this is a excilent app for order food and i received in uder 30 minut i like it,5,0,2026-06-26 13:33:49,,18,0.0,neutral,0,0,0,0,0,0,satisfied,0
eefed247-7d6a-45a3-8c49-cbe4ebbf53d2,Asma Nasreem,this is the worst app. dont pay pre paid.. the delivery partners soo irresponsible ..simply fraud ...this is the 3rd time that the delivery person has run away with my pizza and eaten it.,1,0,2026-06-26 13:33:10,,34,-0.5,negative,1,0,1,0,0,0,churned,1
13b0b494-b1d7-4357-b112-507fdf72237e,Manish Tiruwa,why are not working your vochr,2,0,2026-06-26 13:31:32,19.7.3,6,0.0,neutral,0,0,0,0,0,0,passive,0
b545e457-875c-4393-8785-b87fb486e5d0,Susmita Malik,good,4,0,2026-06-26 13:30:06,19.7.3,1,0.7,positive,0,0,0,0,0,0,satisfied,0
758f7b02-522f-468f-90f2-6ba205c65fe8,Rohit singh,very good 👍,5,0,2026-06-26 13:30:01,17.1.8,3,0.9099999999999999,positive,0,0,0,0,0,0,satisfied,0
38507af5-aa7b-45fa-86d9-a2c45c6c1f93,Chiranjit Hait,good,5,0,2026-06-26 13:29:35,19.7.3,1,0.7,positive,0,0,0,0,0,0,satisfied,0
025bf6d7-f636-4231-9931-371dee955943,Nirav Pandya,👍👍👍👍👍👍,5,0,2026-06-26 13:24:52,19.7.3,1,0.0,neutral,0,0,0,0,0,0,satisfied,0
4b6362f3-d647-4e93-b163-2bca76c27a30,Akhilesh kumar gour Gour,ok good,3,1,2026-06-26 13:22:48,19.7.3,2,0.6,positive,0,0,0,0,0,0,passive,0
457a8418-b5c8-41ac-82fe-1e6b1b937d94,manoj vignesh,not taking responsibility for any issues with the order...i have received wrong order when I check with the Zomato support they are asking to check with restaurant....then why there delivery partner in between customer and restaurant....,1,0,2026-06-26 13:22:33,19.7.3,36,-0.5,negative,1,0,0,1,0,0,churned,1
d2377a4b-7c23-4391-9ec3-68b47ff5d7ed,Balanagaraju Vissakoti,super,5,0,2026-06-26 13:21:57,19.7.0,1,0.3333333333333333,positive,0,0,0,0,0,0,satisfied,0
b760de15-848f-4edc-88ca-0ed5090c5165,Sabina Tamang,good,5,0,2026-06-26 13:21:41,19.7.3,1,0.7,positive,0,0,0,0,0,0,satisfied,0
a873b981-c036-43b5-88b5-944ee6cd2963,Armaan Behlim,amazing,5,0,2026-06-26 13:15:52,19.7.3,1,0.6000000000000001,positive,0,0,0,0,0,0,satisfied,0
a2c2411c-4113-4376-ad3f-0796e3df9bb2,Indu Gaikwad,Guide Employees To Wear T-shirt Zomatoa ⛑️🪖 Helmet Give Coupns Add Option,4,1,2026-06-26 13:15:44,19.7.3,12,0.0,neutral,0,0,0,0,0,0,satisfied,0
79d19d49-eb87-4fb9-98b5-1c25309f4183,roshan dhadiwal,grand offer,5,0,2026-06-26 13:15:15,19.7.3,2,0.5,positive,0,0,0,0,0,0,satisfied,0
4aa1da35-a91c-4efd-8183-71b3ef6475d4,Ajay Gupta,good,5,0,2026-06-26 13:15:01,19.7.3,1,0.7,positive,0,0,0,0,0,0,satisfied,0
d9698752-3003-4e2f-a88a-d2f2db0d62d6,Shoheb Alvi,best,5,0,2026-06-26 13:14:35,19.7.3,1,1.0,positive,0,0,0,0,0,0,satisfied,0
a9af1eb2-21ad-4644-9aa6-504724797955,꧁༒Mr Er Kuldeep ༒꧂ ꧁ Kumar ꧂,nice,5,0,2026-06-26 13:13:47,19.7.3,1,0.6,positive,0,0,0,0,0,0,satisfied,0
be7a3158-9797-4a9d-99bc-0100864c5f49,Deepak Marandi,excellent,4,0,2026-06-26 13:11:17,19.7.3,1,1.0,positive,0,0,0,0,0,0,satisfied,0
eba8d617-9208-492d-8f7f-72d8df77a65c,harshita naik,"3rd class, cheaters didn't delivered right items and were not resolving issue",1,0,2026-06-26 13:10:40,19.7.3,12,0.14285714285714285,positive,1,0,0,0,0,0,at_risk,1
f94d60e9-48f7-4ca4-92bf-a039d0d59e1a,aayisha aayisha,good app,5,0,2026-06-26 13:08:27,19.7.3,2,0.7,positive,0,0,0,0,0,0,satisfied,0
10616195-e465-485b-8a59-36db466f2590,Javed Ali,bahut tasty,5,0,2026-06-26 13:08:17,19.7.3,2,0.0,neutral,0,0,0,0,0,0,satisfied,0
4af6f0fc-88ea-465d-bf1d-26caf5250d79,arjun SP,very good,5,0,2026-06-26 13:05:12,19.7.0,2,0.9099999999999999,positive,0,0,0,0,0,0,satisfied,0
40589ed3-66d9-4938-a947-6a9070667c4f,jeevi kumar,on time delivery. good response,5,0,2026-06-26 13:04:23,19.7.3,5,0.7,positive,1,0,0,0,0,0,satisfied,0
8d5bc10c-4273-43f6-bfda-c08cac8968cc,Piyush Jaiswal,good,5,0,2026-06-26 13:04:01,19.7.3,1,0.7,positive,0,0,0,0,0,0,satisfied,0
9c3df2d7-7b7e-4d62-9e65-cb389433e3ca,kadir shaikh,good 😊,5,0,2026-06-26 13:02:37,19.7.3,2,0.7,positive,0,0,0,0,0,0,satisfied,0
ba649339-f44d-463b-99ed-f66be4ad07e1,S. Jeelan,super,5,0,2026-06-26 13:01:50,19.7.3,1,0.3333333333333333,positive,0,0,0,0,0,0,satisfied,0
fa9317a3-0fca-4106-a5c4-76bb5c13facc,Manish kumar,good,5,0,2026-06-26 13:00:55,19.7.0,1,0.7,positive,0,0,0,0,0,0,satisfied,0
8cd41dcd-aaaa-4b15-90f9-09aabb9631f8,Khan Mahboob,nice,3,0,2026-06-26 13:00:23,19.6.3,1,0.6,positive,0,0,0,0,0,0,passive,0
49665e55-31cd-4ecc-af0b-230f8ece1a0f,Urmila Munda,nice,5,0,2026-06-26 12:59:54,19.7.3,1,0.6,positive,0,0,0,0,0,0,satisfied,0
5cab53e7-1c71-46b7-94b0-eaee5cb973f2,Vikash Diwaker,very nice 😄😗🫵🏻💞,5,0,2026-06-26 12:59:26,19.7.3,3,0.78,positive,0,0,0,0,0,0,satisfied,0
101f0c6f-3d80-4611-b00a-f7d60135f632,Neha Arora,I personally like their service also every time I order from zomato it gives fast delivery on my doorstep. Today I ordered burger and it was so delicious. Nothing bad in packaging. At last it gave best service. Thank you! 😊,5,0,2026-06-26 12:56:10,19.7.3,41,0.25,positive,1,0,0,0,0,0,satisfied,0
6fc936bb-ac9f-4054-944c-e3690bc59fb3,Nargis Parveen,supar,4,1,2026-06-26 12:55:30,19.7.3,1,0.0,neutral,0,0,0,0,0,0,satisfied,0
0e76d373-2c12-425e-8075-77850984ae47,akuthota ashok1,very good 👍,5,0,2026-06-26 12:55:23,19.7.3,3,0.9099999999999999,positive,0,0,0,0,0,0,satisfied,0
29e43a23-1ed9-45ce-b005-26cca1413d0c,Chandan Kumar,woow,5,0,2026-06-26 12:54:11,19.7.3,1,0.0,neutral,0,0,0,0,0,0,satisfied,0
91228e1a-4a29-4fed-9bd8-2d409c98104b,Jasvant Bhailya,nice.,5,0,2026-06-26 12:52:26,19.7.3,1,0.6,positive,0,0,0,0,0,0,satisfied,0
067e9ef6-e7f0-430b-aa56-f1ed8791aabe,Hujur Alam,yas,5,0,2026-06-26 12:52:03,19.7.3,1,0.0,neutral,0,0,0,0,0,0,satisfied,0
12dc1bb2-36cb-4465-b4f9-0a230cdaf1ea,Sonali Arvind,good 👍,5,0,2026-06-26 12:49:57,,2,0.7,positive,0,0,0,0,0,0,satisfied,0
9922a5a7-38c2-43e7-9218-b1199af8b14b,rohan Ahmed,nice app,3,0,2026-06-26 12:49:49,19.7.3,2,0.6,positive,0,0,0,0,0,0,passive,0
bc8d7f8f-2cd3-4279-9500-e2e8416594cc,Niraj Singh,very good,5,0,2026-06-26 12:45:46,19.7.3,2,0.9099999999999999,positive,0,0,0,0,0,0,satisfied,0
21219bb4-1b23-4a85-9f6e-180cba8373d5,Chhaya Nigam,very good good good good good good good,5,0,2026-06-26 12:41:05,19.7.0,8,0.7300000000000001,positive,0,0,0,0,0,0,satisfied,0
fcdd8cca-9cf6-49e3-9090-0908d8abd57f,Prity Guchait,Good service,4,0,2026-06-26 12:39:58,19.7.3,2,0.7,positive,0,0,0,0,0,0,satisfied,0
abe1ccc9-9f6b-4667-8f57-1d76a45ca897,Avanish Singh,quality is good but quantity is very less,1,0,2026-06-26 12:38:44,19.5.1,8,0.24166666666666664,positive,0,0,0,0,0,1,at_risk,1
2d957948-193f-4ae3-9eb5-825017ee2bce,Sanjeet kumar,Good,2,0,2026-06-26 12:38:27,19.7.3,1,0.7,positive,0,0,0,0,0,0,passive,0
aa3da2a4-57a4-47ec-936d-1e1f5e64d58e,Shital G S,good service,4,0,2026-06-26 12:37:22,19.7.3,2,0.7,positive,0,0,0,0,0,0,satisfied,0
db127860-0873-4447-bc9f-1492d2709462,SATISH YADAV,good,5,0,2026-06-26 12:36:29,19.7.3,1,0.7,positive,0,0,0,0,0,0,satisfied,0
43f3ca52-23bb-4a25-84f0-2c50d2d69dc1,Samir Ghosh,excellent,5,0,2026-06-26 12:36:23,19.7.3,1,1.0,positive,0,0,0,0,0,0,satisfied,0
ef3f31c7-5db4-47da-89b6-78ae6958506a,Abhi Mishra,good,5,0,2026-06-26 12:33:33,19.7.3,1,0.7,positive,0,0,0,0,0,0,satisfied,0
466b4e43-4711-4dc9-bff0-018c6cdab9fb,Afjol Sk,extra charges are very high 🙂,3,0,2026-06-26 12:32:54,19.7.3,6,0.10400000000000001,positive,0,0,0,0,1,0,at_risk,0
d8dac12e-8303-4237-9074-87915e6d0f11,Mdmohid Patel,good news,5,0,2026-06-26 12:32:02,19.7.3,2,0.7,positive,0,0,0,0,0,0,satisfied,0
37b19df8-e2f8-4200-8cd6-2a9d70f519fc,Priyanka Rani,good food,3,0,2026-06-26 12:31:12,19.7.3,2,0.7,positive,0,0,0,0,0,0,passive,0
b931c16d-883a-4ebc-be8c-31f51542e395,Bhawani Singh,nivs,5,0,2026-06-26 12:31:09,19.7.3,1,0.0,neutral,0,0,0,0,0,0,satisfied,0
664054d8-34e3-4764-98d8-14e73e7e3270,nihal singh,all charges very far all time,1,0,2026-06-26 12:30:39,19.7.3,6,0.13,positive,0,0,0,0,1,0,at_risk,1
753412b3-423c-4f33-b4a5-7ff648d9b36d,Mithu Singh,"i am good , good aps",5,0,2026-06-26 12:30:23,19.7.3,6,0.7,positive,0,0,0,0,0,0,satisfied,0
bf45424e-47cd-4fb7-aa5f-0d8f23ccff1c,Shaik Sameer,nice it deserves 100000 stars,5,0,2026-06-26 12:29:11,19.7.3,5,0.6,positive,0,0,0,0,0,0,satisfied,0
82ca25ae-9602-4e66-86c4-283ab90d3b98,Shatrudhan Kumar,ok,4,0,2026-06-26 12:28:18,19.7.0,1,0.5,positive,0,0,0,0,0,0,satisfied,0
6ade56a8-633d-4d12-8971-9891d9eee07d,Umarfaruk Saiyed,wery good,5,0,2026-06-26 12:28:01,19.7.3,2,0.7,positive,0,0,0,0,0,0,satisfied,0
be5c72c9-b6ee-4fcc-ae2f-d18804c5c091,PAVAN KUMAR GM,overpriced comission,1,0,2026-06-26 12:28:01,,2,0.0,neutral,0,0,0,0,1,0,at_risk,1
2784e6ad-25f9-4e56-9eb2-027ad769fe37,Ashoka Unisex salon,good service,5,0,2026-06-26 12:25:19,19.7.3,2,0.7,positive,0,0,0,0,0,0,satisfied,0
d73cbc6e-3fc2-40c4-b209-59a3a91113cf,Nandan Choudhary,"Worst app to order food, worst customer service, unistalling the app.",1,0,2026-06-26 12:25:11,19.7.3,11,-1.0,negative,0,0,0,0,0,0,passive,0
d2a77a48-0cda-4027-8c95-74dc8c84a47b,NARESH SAIN,nice 👍,5,0,2026-06-26 12:23:13,19.7.2,2,0.6,positive,0,0,0,0,0,0,satisfied,0
fa641a51-e46e-4e02-95bb-427e31b2ac3d,Sonia Dhuper,"ak normal,ak spicy.. mention kar dena",5,0,2026-06-26 12:22:28,19.7.3,6,0.0,neutral,0,0,0,0,0,0,satisfied,0
d17da1c8-32e8-4189-9f82-9753f096c826,Pk Singh,Good,5,0,2026-06-26 12:22:23,19.7.3,1,0.7,positive,0,0,0,0,0,0,satisfied,0
2f79b192-69f2-498c-9a64-2397f95d4fa8,rituraj patidar,good very good very good,5,1,2026-06-26 12:21:15,18.9.2,5,0.8399999999999999,positive,0,0,0,0,0,0,satisfied,0
102b9f1f-3931-4849-a8dd-7de494e2f5f5,Arshad HaroonAnsari,good service,4,0,2026-06-26 12:20:31,19.7.0,2,0.7,positive,0,0,0,0,0,0,satisfied,0
b874c7cd-42b8-4d86-934b-9afb81869bc3,MOHD IMRAN ham ghulame sailani,nice,1,1,2026-06-26 12:19:03,19.7.3,1,0.6,positive,0,0,0,0,0,0,passive,0
77b46626-d36d-4757-a889-e69db4145b19,Praveen Yadav,waste gena huiyaan,5,1,2026-06-26 12:17:37,19.5.9,3,-0.2,negative,0,0,0,0,0,0,satisfied,0
fd7846ae-e06c-46a9-b5d7-19330450660e,mr rizuuh,very helpfull app ✨🤗,4,1,2026-06-26 12:17:23,19.7.3,4,0.2,positive,0,0,0,0,0,0,satisfied,0
d224bd67-da04-47c7-93b1-0eab75c0a8f1,Ayan Mir,ok,3,0,2026-06-26 12:16:22,,1,0.5,positive,0,0,0,0,0,0,passive,0
08529d4b-04c5-4201-baf6-b2df5eb2028a,DAMINI ROY,discount is not giving,1,1,2026-06-26 12:14:51,19.7.2,4,0.0,neutral,0,0,0,0,0,0,passive,0
f051beaf-8135-4174-a3f6-09e6c892e8c2,Ayush Raj,till date I have never cancelled any order still why there is no option for cash on delivery. horrible experience. None of the food has Cash on delivery options. if anybody doesn't use online payment they are not allowed to order food ?,2,0,2026-06-26 12:14:34,19.7.3,43,-1.0,negative,1,1,1,0,0,0,at_risk,0
0c4c6444-40aa-46a3-9cc6-98b499a1e707,Neha Masram,good,5,0,2026-06-26 12:14:33,19.5.7,1,0.7,positive,0,0,0,0,0,0,satisfied,0
a8e15579-3e28-4cd7-8fd0-2bbb8015bfe2,sohan g gahane,good,5,0,2026-06-26 12:13:43,19.7.3,1,0.7,positive,0,0,0,0,0,0,satisfied,0
ce7fe6dc-dff7-4cad-8175-82c7b2b509f8,Rasheed Mullaringadu,gud,5,0,2026-06-26 12:13:24,19.7.3,1,0.0,neutral,0,0,0,0,0,0,satisfied,0
1a544d3f-fdd5-4433-a699-06a050a6c76c,Sulekha Kumari,supr,5,0,2026-06-26 12:11:33,19.7.3,1,0.0,neutral,0,0,0,0,0,0,satisfied,0
17e6f205-65d1-42fd-8894-06be0022c9f5,Raushan Kumar,Swiggy is a better app than this. Zomato does not provide refunds,1,0,2026-06-26 12:10:18,19.7.3,12,0.5,positive,0,0,1,0,0,0,at_risk,1
e498d506-1a8f-4655-9b9b-1e01e7ec42d7,Sunandhaa Peruka,super,5,0,2026-06-26 12:09:09,19.7.0,1,0.3333333333333333,positive,0,0,0,0,0,0,satisfied,0
cf443cc9-73d3-4802-aada-9b02902d8419,Khabar Madhya Pradesh,good,5,0,2026-06-26 12:07:29,19.7.3,1,0.7,positive,0,0,0,0,0,0,satisfied,0
01709a55-314a-42d1-b8c9-92a795845f1a,Antim Solanki,good,5,0,2026-06-26 12:06:55,19.7.3,1,0.7,positive,0,0,0,0,0,0,satisfied,0
83291962-e9ef-4222-a44d-8f77fb3b99fd,Shreeram Kaudare,good,5,0,2026-06-26 12:06:16,19.7.3,1,0.7,positive,0,0,0,0,0,0,satisfied,0
ec0ce049-8615-4104-8f81-5b1d8b9f976d,Viveknalini Viveknalini,nice,5,0,2026-06-26 12:06:02,19.7.3,1,0.6,positive,0,0,0,0,0,0,satisfied,0
2356a91b-4881-483a-9c99-5dbecc46647e,Kãjâl Dâß,Is good 👍🏻,2,0,2026-06-26 12:05:18,,3,0.7,positive,0,0,0,0,0,0,passive,0
4fda0d02-70d9-439e-9892-53b73b51e0c2,Zainab Bombaywala,very good work by zomato,5,0,2026-06-26 12:04:52,19.7.0,5,0.9099999999999999,positive,0,0,0,0,0,0,satisfied,0
28206df2-a6ab-4ef1-b96c-9d67a554a210,Janki Raval,good 👍,1,0,2026-06-26 12:04:09,19.7.3,2,0.7,positive,0,0,0,0,0,0,passive,0
33754aaf-f118-48ac-8eae-042082fde87c,Chandresh Gupta,very good 💯,5,0,2026-06-26 12:02:51,19.7.3,3,0.9099999999999999,positive,0,0,0,0,0,0,satisfied,0
73dc34d2-c9af-46dd-a8d7-c57e7ead683a,Vaishnav Aldar,this is very good boy,5,0,2026-06-26 12:02:41,19.7.3,5,0.9099999999999999,positive,0,0,0,0,0,0,satisfied,0
403a7a62-b09f-44e8-a657-89908805022e,rohith saathiyanarayanan,waste,5,0,2026-06-26 12:01:46,18.6.1,1,-0.2,negative,0,0,0,0,0,0,satisfied,0
5eb16e28-131d-4571-b313-142bfd7b27d1,Manju Singh,to late deliveries,2,0,2026-06-26 11:58:10,19.7.3,3,-0.3,negative,1,0,0,0,0,0,at_risk,0
0bdb207b-5fa1-4b74-a430-2d15abf2dcf6,Moiz Ahmed,wow 😳😳😳😳😲😲,5,0,2026-06-26 11:58:05,19.7.3,2,0.1,neutral,0,0,0,0,0,0,satisfied,0
71a16627-ea2d-48e4-b986-8fa88d7520d6,GOPAL BABARAO SHEMBADE,good,4,0,2026-06-26 11:57:00,19.7.3,1,0.7,positive,0,0,0,0,0,0,satisfied,0
fe5059c6-8d13-436a-9fa9-987cd695ee56,S A S,nice,4,0,2026-06-26 11:55:54,19.7.3,1,0.6,positive,0,0,0,0,0,0,satisfied,0
464a1438-028a-46e0-a958-1ea77e2c1f9e,Santosh Pradhan,ok,5,1,2026-06-26 11:55:45,19.7.3,1,0.5,positive,0,0,0,0,0,0,satisfied,0
6645854f-54eb-45fd-9a97-dfb4571512a9,venu gopal,Well crafted app 👍,5,0,2026-06-26 11:55:32,19.7.3,4,0.0,neutral,0,0,0,0,0,0,satisfied,0
d8f77cac-fdda-46d8-aabd-644ce1acbba1,Subham Mandal,poor management!!,1,0,2026-06-26 11:54:29,19.7.2,2,-0.625,negative,0,0,0,0,0,0,passive,0
0544c7e4-9726-4077-886d-4a3f61136257,Rima Majumder,today I ordered a black Forrest pastry and got some cheap item and zomato is not even cooperative. Not gonna use it again.,1,0,2026-06-26 11:48:15,19.7.3,23,0.11666666666666668,positive,0,0,0,0,0,0,passive,0
4366e920-c8b5-4c83-aa3d-59f90f92f74f,LALLU PRASAD PRAJAPAT,good,5,0,2026-06-26 11:45:19,19.7.3,1,0.7,positive,0,0,0,0,0,0,satisfied,0
dadad36a-9600-4726-b225-18afde7fa025,Vishnoi Boy,nice service,5,0,2026-06-26 11:45:12,19.7.3,2,0.6,positive,0,0,0,0,0,0,satisfied,0
c209b39f-175f-4cf0-8b7b-b565760ee86f,Harshit Jain,not good experience with zomato team and the Barbeque nation team the zomato team took Barbeque nation side plz dont order from Barbeque ur money will be totally wasted prices and high but food quality pathetic my all 1150rs is wasted totally,1,0,2026-06-26 11:44:23,,42,-0.265,negative,0,0,1,0,1,1,churned,1
105ed40c-0140-4207-9d56-c6aec4baebb6,Nisha Kumari,Whay platform fees platform mere mobile par hai uska bhi fees dena padega,2,0,2026-06-26 11:40:49,19.7.3,13,-0.5,negative,0,0,0,0,1,0,at_risk,0
f2456863-6f27-4594-ae34-dfcb1a64a9f9,Ankit Gupta,very poor support services from zomato.,1,0,2026-06-26 11:38:10,19.7.3,6,-0.52,negative,0,0,0,1,0,0,at_risk,1
0cd6495f-a739-4b60-8b4c-b19abfce0d71,Tikeshvar Nishad,good,5,0,2026-06-26 11:36:10,19.7.3,1,0.7,positive,0,0,0,0,0,0,satisfied,0
198e95d5-54e4-4b6c-8853-ed99e3716a66,Dhiraj Kumar,ok,5,0,2026-06-26 11:33:28,19.7.3,1,0.5,positive,0,0,0,0,0,0,satisfied,0
85a0cfa6-7d67-4411-a166-cff21ea07bd6,PINTU KUMAR,u r very good,5,0,2026-06-26 11:32:48,19.5.9,4,0.9099999999999999,positive,0,0,0,0,0,0,satisfied,0
595a838f-4b23-4bf2-bb26-400ad62e354f,nitesh sharma,Aaj Maine order Kiya 3 Subway item . I received only two then I talk to the customer support they didn't help me they said you received a three item but I received only to item they didn't help me this is a bogus app I don't like it,1,1,2026-06-26 11:30:35,19.7.3,49,0.0,neutral,0,0,0,1,0,0,at_risk,1
239732e4-e820-43d7-b23b-e82cf8ae3e85,atul dholakia,Excellant .,4,0,2026-06-26 11:30:24,19.7.3,2,0.0,neutral,0,0,0,0,0,0,satisfied,0
a921f8b6-8142-44aa-94bb-f60d447d5f9c,Kajal Roy,so.good,5,0,2026-06-26 11:30:11,19.7.3,1,0.0,neutral,0,0,0,0,0,0,satisfied,0
7d08e4f6-8963-4974-a28b-86c57c691e56,karan bansode,good 👍,5,0,2026-06-26 11:29:54,19.7.3,2,0.7,positive,0,0,0,0,0,0,satisfied,0
836c7dcd-15c2-4a40-aabe-95900ac3937b,Pavitha Pavithran,nice app,5,0,2026-06-26 11:29:52,,2,0.6,positive,0,0,0,0,0,0,satisfied,0
38b5020a-2c7c-48d0-862e-39edec5afaa5,Nabhanyu Sharma,"Works smoothly, has ample options and also great discounts. EDIT: The delivery partner did fraud with me (lying about delivering order after he reached my location but actually never picking up phone and leaving) and Zomato support didn't take any action on him at all, my 300/- were wasted and I'm uninstalling this app where they can't even handle fraud from delivery partners.",2,1,2026-06-26 11:28:25,19.7.3,63,0.22000000000000006,positive,1,0,0,1,0,0,at_risk,0
e1c0e8ab-4f3b-4647-9c49-1fff4eddc29c,Urmilaa Kanwar,best,5,0,2026-06-26 11:24:06,19.7.3,1,1.0,positive,0,0,0,0,0,0,satisfied,0
569dae5a-3b75-47d8-8165-cb7583f32164,Tisa Sam,Now a days worst experience. There is no proper customer care services,1,1,2026-06-26 11:20:58,19.7.3,12,-0.5,negative,0,0,0,1,0,0,at_risk,1
65ce2232-d2b8-4a27-872b-fffb4dd53376,Jan ushadhi Medical store,best discount and best cupan rang 👌🙏,5,0,2026-06-26 11:20:28,,7,1.0,positive,0,0,0,0,0,0,satisfied,0
2bc787f9-d36d-4013-9038-37295e1b568a,debasish mandal,prices are too high not delivered foods njp Malda,1,1,2026-06-26 11:20:06,19.7.3,9,0.16,positive,1,0,0,0,1,0,churned,1
a8cf0d78-1b86-4655-b9fa-c9ad0f969904,Bittu Roy,best food app,5,0,2026-06-26 11:18:18,,3,1.0,positive,0,0,0,0,0,0,satisfied,0
0075e9f7-05a9-47c9-a70e-14c8a72e4aba,vidhya chavan,best,5,0,2026-06-26 11:18:16,19.7.3,1,1.0,positive,0,0,0,0,0,0,satisfied,0
7503a9e8-e9db-4970-bca9-b0bface64d2a,Ashwin Sachin,good,4,0,2026-06-26 11:17:53,19.7.3,1,0.7,positive,0,0,0,0,0,0,satisfied,0
1befa637-1416-4025-8d80-9ea6132b3c22,Preethi Rawat,very good,5,0,2026-06-26 11:17:46,19.7.3,2,0.9099999999999999,positive,0,0,0,0,0,0,satisfied,0
bac0cfd7-fa3a-408f-87ec-37f218460324,Manasi Mane,Good food,5,0,2026-06-26 11:16:58,19.7.3,2,0.7,positive,0,0,0,0,0,0,satisfied,0
27fed3ba-d908-40ea-a5a2-a3ad996e4d9e,Shrijal_karmur,good,5,0,2026-06-26 11:16:27,19.6.8,1,0.7,positive,0,0,0,0,0,0,satisfied,0
d6de2dad-de6f-4bda-8153-ce80cb36a8da,Pawan Kumar,k rkhdi yolsjjjk ksghklwjjjbhj djjhhwndhxncnn dmkeokjju kxkjhh a lot to learn to get it to the world in which a lot more to get the same to get a good idea for that time I was in which the r u a very good morning I w r e b e r e to get it to the r u r so r e r a b r o p t a a b and white background royalty a good day my name and address for me a lot more more than the world and w a p r e r r e r e r a lot which will help us r the world in my email address will not get it done re the way I was wo,5,0,2026-06-26 11:14:14,19.7.3,130,0.47624999999999995,positive,0,0,0,0,0,0,satisfied,0
bea5662c-32e0-4254-bdc1-e1646d4f3605,Laxman Suthar,Good,5,0,2026-06-26 11:14:07,19.7.3,1,0.7,positive,0,0,0,0,0,0,satisfied,0
b9093d13-c7e0-4504-b2ed-cc87266415d6,shital Kumre,nice app,5,0,2026-06-26 11:14:04,19.5.9,2,0.6,positive,0,0,0,0,0,0,satisfied,0
ea4c4500-7780-4c78-8d26-bae3c1b22723,Tanu Thakur,nice job,4,0,2026-06-26 11:13:53,19.7.3,2,0.6,positive,0,0,0,0,0,0,satisfied,0
4d39a8fd-68ac-4e4b-b55b-404772ef7308,Ravi Purohit,DELIVERY KARNE MEIN SLOW BAHUT HO AAP ZOMATO,1,0,2026-06-26 11:13:33,,8,-0.30000000000000004,negative,1,0,0,0,0,0,at_risk,1
59c8b440-5c36-4e30-aa17-03f33604fcc3,Vishal Sing,many time room delivery,1,0,2026-06-26 11:12:37,19.7.3,4,0.5,positive,1,0,0,0,0,0,at_risk,1
0939a907-c867-4c9d-a6cd-ac8a1b7c0385,Rakesh C,good,3,0,2026-06-26 11:12:26,19.6.8,1,0.7,positive,0,0,0,0,0,0,passive,0
bd997945-7c2e-4faf-b732-2f08d01f2925,Sainu Kalad,👍,1,0,2026-06-26 11:11:46,19.7.3,1,0.0,neutral,0,0,0,0,0,0,passive,0
1163872e-5073-45dd-842c-39476dbec15c,Ajay Prajapat,good,5,0,2026-06-26 11:11:08,19.6.8,1,0.7,positive,0,0,0,0,0,0,satisfied,0
b120dcc4-e228-4f1c-b891-a09dcf5b2bce,Anil,"I have had only 1 time experience with this restaurant, my first and last and it was absolutely terrible. I ordered the food from daily kitchen home resturant via Zomato; the food bore no resemblance to the photos or the description provided. The size was extremely small, yet the price was exorbitant. The main reason I am mentioning this and giving this rating is because of delivery boy. When he arrived with the food and I went to collect it, he asked rating first. I refused.....",1,0,2026-06-26 11:10:51,,86,-0.07291666666666667,neutral,1,0,0,0,1,0,churned,1
b83a96c6-85ea-4c05-ac7d-e6cb0e72377f,Aditya Sathwara,excellent,5,0,2026-06-26 11:05:26,19.7.3,1,1.0,positive,0,0,0,0,0,0,satisfied,0
f4e37551-2d7b-4849-9e5b-a1f900a8781a,Jitu babu,good,3,0,2026-06-26 11:04:43,19.7.3,1,0.7,positive,0,0,0,0,0,0,passive,0
a9e96585-d28d-45c8-9473-eb68d4686572,Deepak Panday,it's good,5,0,2026-06-26 11:04:15,19.7.3,2,0.7,positive,0,0,0,0,0,0,satisfied,0
578e46f2-79bf-4a09-b3fe-d3c166197784,Sanjeet Thakur,taste food,5,0,2026-06-26 11:04:10,19.7.3,2,0.0,neutral,0,0,0,0,0,1,satisfied,0
d4774cca-44be-401c-9ef3-e70c854d201a,Gourav Nahar,ok ok,5,0,2026-06-26 11:03:56,19.7.3,2,0.5,positive,0,0,0,0,0,0,satisfied,0
a7e1826f-dc9a-4cc4-966f-8882af703500,Rimpa Sen Nandi,fast Time order I don't know,5,0,2026-06-26 11:03:02,19.7.3,6,0.2,positive,0,0,0,0,0,0,satisfied,0
7bd47921-aea2-44d1-8df5-49589acfa649,Pooja Sharma,delivery was on time but burger was not good.....panner inside the patty was not fresh...it was stale...afte having this burger my stomach got disturbed....so plzzz keep the fresh products in ur galley,1,0,2026-06-26 11:02:27,19.5.0,32,0.3,positive,1,0,0,0,0,1,churned,1
eea2aff8-bb64-471b-a4e3-1c7487a3badf,Harsh Kumar,good 👍😊,4,0,2026-06-26 11:01:12,19.7.3,2,0.7,positive,0,0,0,0,0,0,satisfied,0
9b7313f6-ebc2-457e-81c5-aa055a4c55c2,Arjun Vij,Swiggy is much better. zomato has no customer care.,1,0,2026-06-26 11:00:40,,9,0.5,positive,0,0,0,1,0,0,at_risk,1
6a60afe9-543f-4dc2-928c-4f990bc819c3,jaa8 devta,very nice looking for this app,5,0,2026-06-26 11:00:34,19.7.3,6,0.78,positive,0,0,0,0,0,0,satisfied,0
0e42f151-84e0-4403-ac38-a8583b628726,Tapati Nath,"Dilivery partners of Zomato are very rude, they don't accept cash and they also force us to pay through online. Sometime if you order something cold but it has completely melted that time zomato won't refund. Another time I ordered a birthday cake for it's looks, a different one came and Zomato was like it's still the 1kg heavy cake. Like bro I wanted the look no 1kg of cream. Other times at times of festival if I ordered something earlier like yesterday they would cancel it next day.",1,0,2026-06-26 10:57:10,,89,-0.151875,negative,0,1,1,0,0,1,churned,1
b107e470-527d-4bfa-aa55-a57a9cf9ac2d,mohan jha,"This is my first order by train in train,I don't know that it will be successful or unsuccessful",5,0,2026-06-26 10:56:23,19.7.3,18,0.5,positive,0,0,0,0,0,0,satisfied,0
1c3a0f01-fddb-4b58-a25a-22ba5483ed23,Shubham Rauthan,💙,5,0,2026-06-26 10:56:17,19.7.3,1,0.0,neutral,0,0,0,0,0,0,satisfied,0
52a3e124-d230-4a25-95c7-59d1b14bd79a,Muskan Chaurasia,good,5,0,2026-06-26 10:54:09,,1,0.7,positive,0,0,0,0,0,0,satisfied,0
15bf03df-1a22-4f0a-9bef-163b3efcf9ea,khurashi yaseen,good,4,0,2026-06-26 10:48:31,19.7.3,1,0.7,positive,0,0,0,0,0,0,satisfied,0
90b7fb1c-062d-4db1-b25f-edb8f190a9bf,Player 47,mutual funds sahi hain,5,0,2026-06-26 10:47:50,19.7.3,4,0.0,neutral,0,0,0,0,0,0,satisfied,0
73dcc802-ce0b-4b22-95fd-26488684c9d1,Shivam Shukla,👍🏻😍,5,0,2026-06-26 10:45:33,,1,0.0,neutral,0,0,0,0,0,0,satisfied,0
4b1f67fd-113c-4650-89d9-e1ee376e1a16,Nishant Paul,Pathetic,1,0,2026-06-26 10:43:48,,1,-1.0,negative,0,0,0,0,0,0,passive,0
57905379-d223-4f42-aeee-58e79650bfe8,Balu Banvath,worst response to stale food,1,0,2026-06-26 10:43:33,19.7.3,5,-0.75,negative,0,0,0,0,0,1,at_risk,1
2f49639b-e402-4d58-8c5f-6dcfe5b0fb85,Nishant Paul,"Lots of problem with location and map issue, payment issue and pricing issue.",1,0,2026-06-26 10:43:15,19.7.3,13,0.0,neutral,0,0,1,0,0,0,at_risk,1
eb0d6a1b-187c-41a5-8772-60cd53fc4ad1,Ameen Syed,good 👍,5,0,2026-06-26 10:40:37,19.7.3,2,0.7,positive,0,0,0,0,0,0,satisfied,0
81dde738-bb0e-419a-b369-3837298842f5,Dheeru thakur,osm,5,0,2026-06-26 10:38:26,19.7.3,1,0.0,neutral,0,0,0,0,0,0,satisfied,0
66e0bcd5-a8c5-49f3-a213-429cbff0f33f,Milan Koli,good,4,1,2026-06-26 10:38:25,19.7.0,1,0.7,positive,0,0,0,0,0,0,satisfied,0
5db2af5e-718e-49c2-9782-8504bea6b692,Brijesh Rathod,please Do fast,5,0,2026-06-26 10:37:43,19.7.3,3,0.2,positive,0,0,0,0,0,0,satisfied,0
78393a62-da50-428b-a8f9-95de58c0e831,Kehar Thakur,best app,4,0,2026-06-26 10:37:31,19.7.3,2,1.0,positive,0,0,0,0,0,0,satisfied,0
4a7f0041-a0eb-4406-9200-0c0cfe92a2dd,Jitendara Kumar,best,5,0,2026-06-26 10:36:28,19.7.3,1,1.0,positive,0,0,0,0,0,0,satisfied,0
02587400-5c85-4a3f-9cdf-7cc7e7774d05,Seema Aniket Seema patel,good service,5,0,2026-06-26 10:31:10,19.7.3,2,0.7,positive,0,0,0,0,0,0,satisfied,0
9caf1889-c8a1-435e-9008-61eb3fcde3ed,Yash Sakre,good,5,0,2026-06-26 10:30:32,19.7.3,1,0.7,positive,0,0,0,0,0,0,satisfied,0
fc5431e4-81c0-4db1-9323-f059a8418439,Nathiks Nathiya,nice,5,0,2026-06-26 10:30:23,19.7.3,1,0.6,positive,0,0,0,0,0,0,satisfied,0
7b2e1acb-a88b-4caf-a206-c8803f02d829,Arman Tyagi,good 😊,5,0,2026-06-26 10:27:21,19.7.3,2,0.7,positive,0,0,0,0,0,0,satisfied,0
04a74133-1560-46e2-8b2a-fc280d99c11d,Vijay,🤩,5,0,2026-06-26 10:26:41,19.7.3,1,0.0,neutral,0,0,0,0,0,0,satisfied,0
3905ea26-747a-468a-81b8-4cfecccd131a,Nikhil Mahlawat,Good,5,0,2026-06-26 10:26:21,19.7.3,1,0.7,positive,0,0,0,0,0,0,satisfied,0
667aea8b-60c3-47af-afb9-c77bcd823b47,Aditya,horrible customer support . Use Swiggy instead,1,0,2026-06-26 10:26:02,19.7.3,7,-1.0,negative,0,0,0,1,0,0,at_risk,1
d2afef25-8779-45ca-9134-e1e8a7d2dcd8,Neha Yadav,nice food,5,0,2026-06-26 10:25:47,19.7.3,2,0.6,positive,0,0,0,0,0,0,satisfied,0
219a6f58-63d8-4a32-a6cf-2676164fcc33,Sujit Jadhav,nice,4,1,2026-06-26 10:23:56,19.7.3,1,0.6,positive,0,0,0,0,0,0,satisfied,0
2ca465c8-c88d-4de0-8e6a-6166eba7334e,Avishka Dwivedi,love it,5,0,2026-06-26 10:23:35,19.7.3,2,0.5,positive,0,0,0,0,0,0,satisfied,0
3ebbf44c-938c-4c68-a0df-5260d258ba40,Manish Kem,good service,5,0,2026-06-26 10:23:01,18.4.6,2,0.7,positive,0,0,0,0,0,0,satisfied,0
720d1770-81cb-4dd0-bdb9-f80d1e405f50,Shruti Bhave,nice,5,0,2026-06-26 10:22:39,19.7.3,1,0.6,positive,0,0,0,0,0,0,satisfied,0
c0677b34-9a9e-4a5b-92a4-daf86589327b,Vinayak Jagdale,nice,5,0,2026-06-26 10:21:44,19.7.3,1,0.6,positive,0,0,0,0,0,0,satisfied,0
5619c173-014e-4d55-b9f0-9626228f0855,Bharath Kumar,I connected the District app with Zomato app and the Zomato app keeps force closing. I tried clearing data and reinstalling but the app keeps crashing.,1,1,2026-06-26 10:21:39,19.7.3,26,0.0,neutral,0,0,0,0,0,0,passive,0
3b306398-a689-4a05-a13f-9005f6685b6f,Shiv Kumar,ok,5,0,2026-06-26 10:20:22,19.7.3,1,0.5,positive,0,0,0,0,0,0,satisfied,0
18bf7b7d-4da0-40f8-bf0a-ef99f3fe6124,Monu Jatav,Hapur Meerut road,5,0,2026-06-26 10:16:32,19.7.3,3,0.0,neutral,0,0,0,0,0,0,satisfied,0
d27c5e73-302f-4d6e-85a3-d4a84deab83f,PRAVEEN RAI,best app,5,0,2026-06-26 10:16:01,19.7.3,2,1.0,positive,0,0,0,0,0,0,satisfied,0
aeea43b8-432a-4e3e-8e0f-a2428ffe4209,Sanjay Yadav,nice,4,1,2026-06-26 10:15:37,19.7.3,1,0.6,positive,0,0,0,0,0,0,satisfied,0
077a4430-2332-40ea-b8c8-90c98c75da47,kajal sharma,bahot achha hai,5,0,2026-06-26 10:14:37,19.7.3,3,0.0,neutral,0,0,0,0,0,0,satisfied,0
6b2f06eb-294c-4486-a2c2-082b86c6b887,Tinku Chaubey,nice 👍,5,0,2026-06-26 10:12:58,19.7.3,2,0.6,positive,0,0,0,0,0,0,satisfied,0
b83c9edd-94c9-4da8-b015-aca0f6f8eb21,Rev John David,good service,5,0,2026-06-26 10:12:36,19.7.3,2,0.7,positive,0,0,0,0,0,0,satisfied,0
e3923c13-1f69-401e-b4ff-db1c8ebc7572,Biswajit Moharana,ok,5,0,2026-06-26 10:10:20,19.7.3,1,0.5,positive,0,0,0,0,0,0,satisfied,0
9b936838-5491-4414-a919-7f0659da2223,VIVEK SINDHAL,best,5,0,2026-06-26 10:08:43,19.7.3,1,1.0,positive,0,0,0,0,0,0,satisfied,0
b798972c-b198-44ba-9eb5-b91599221c5a,Narendra Barmeda,best,5,0,2026-06-26 10:08:40,19.7.3,1,1.0,positive,0,0,0,0,0,0,satisfied,0
2bae02da-0129-4931-9e1c-1e0d82f5ecf1,Rakib Khan,shawarma is sooo good and authentic taste I love it,5,0,2026-06-26 10:08:17,19.7.3,10,0.5666666666666667,positive,0,0,0,0,0,1,satisfied,0
b6dbf349-7893-47cc-bc92-fe8b222c2a72,AMAR DEEP KUMAR singh,ok,5,0,2026-06-26 10:04:44,19.7.2,1,0.5,positive,0,0,0,0,0,0,satisfied,0
2a2efc63-1317-49b1-8ef6-4758b1522446,karthik priya,🤩,5,0,2026-06-26 10:00:54,19.7.3,1,0.0,neutral,0,0,0,0,0,0,satisfied,0
f7d74941-ddd8-4602-a0ac-5b1a3dcafad6,Rashid Sheehk,🙃😑,5,0,2026-06-26 10:00:41,19.7.3,1,0.0,neutral,0,0,0,0,0,0,satisfied,0
494ffb20-836e-4348-b7f2-1614874e99c4,Firoj Khan,very nice 👍,5,0,2026-06-26 10:00:19,19.7.3,3,0.78,positive,0,0,0,0,0,0,satisfied,0
e741bd40-13bb-4262-b509-5114c1395683,Joyeita Ghosh,ok,5,0,2026-06-26 09:59:48,19.7.3,1,0.5,positive,0,0,0,0,0,0,satisfied,0
526a2e1d-2358-4891-9412-00a54a8465f3,sampa mukherjee,"Zomato doing fraud & scam with their customer it's been a habit of zomato to take order & full money for the food but at the tym of delivery they don't give exact ordered item some items were missing or spilled food . get fed up to connect with customer care but now a days they have turned of their ph call customer service no one will listen to you nor slov your problem even if they didn't give delivery on tym they don't take responsibility of that also , I got my order after 2.30-3 hours delay",1,0,2026-06-26 09:57:16,,98,0.13333333333333333,positive,1,0,1,1,0,0,churned,1
6aa91eb6-b957-4587-a8c1-6bea86f17be9,Gaurav Bharti,wow,5,0,2026-06-26 09:56:31,19.6.8,1,0.1,neutral,0,0,0,0,0,0,satisfied,0
ee296256-65e7-4d8c-a99b-a2975dc3e860,ketan hatkar,very high charges,2,0,2026-06-26 09:56:29,19.4.7,3,0.20800000000000002,positive,0,0,0,0,1,0,at_risk,0
f09b89e4-4521-4290-837d-554ac82c2338,A.thomas Kishore (Kisho),good response,5,0,2026-06-26 09:55:22,19.4.6,2,0.7,positive,0,0,0,0,0,0,satisfied,0
4d5f397b-eead-467e-98c5-f995761bd116,Mohit Khandelwal,good performance,5,0,2026-06-26 09:54:00,19.6.9,2,0.7,positive,0,0,0,0,0,0,satisfied,0
1c18b24f-cd9a-4175-a7bf-0be9735983ed,Kowsalya Arumugam,nicee 👌,5,0,2026-06-26 09:53:24,19.7.3,2,0.0,neutral,0,0,0,0,0,0,satisfied,0
2a38f0f2-f473-4d63-a134-183cb9d9fcf2,sainath menon,nice,5,0,2026-06-26 09:53:14,19.7.3,1,0.6,positive,0,0,0,0,0,0,satisfied,0
b8a6876d-f8d4-4c34-9fa7-457ac29ca9ea,Sourav Dutta,"They have killed customer service, I think. Because I have raised many tickets, they have all been resolved without contacting me or asking properly. They think AI can solve all problems. I am uploading photos of food I got the wrong order of; they told me every time that it's not proper to take any action or something like that.",1,0,2026-06-26 09:52:10,19.7.3,60,-0.016666666666666666,neutral,0,0,0,0,0,0,passive,0
dd11cbb7-d9a7-476b-8c21-facf0db4207c,sk KUMAR,good,4,0,2026-06-26 09:51:07,19.7.3,1,0.7,positive,0,0,0,0,0,0,satisfied,0
64f5b4c9-eb34-4829-9af1-b0b3770216bd,ASB ATTITUDE,good 👍🏻,1,0,2026-06-26 09:49:57,,2,0.7,positive,0,0,0,0,0,0,passive,0
f6970d22-fd16-474e-9d2b-c9e9fbdd2cee,Swati kadam,nice i love it,5,0,2026-06-26 09:48:01,19.7.3,4,0.55,positive,0,0,0,0,0,0,satisfied,0
048a0b10-59d0-4b6c-8644-651d600870ab,Ali Musarraf,he don't have cash on delivery option,1,0,2026-06-26 09:47:25,19.7.3,7,0.0,neutral,1,0,0,0,0,0,at_risk,1
773b8714-54f4-44fa-ba68-b4a3dad729b6,mummy creation,nic,5,0,2026-06-26 09:47:08,19.7.3,1,0.0,neutral,0,0,0,0,0,0,satisfied,0
3480f87d-f967-49b0-8bd1-d667acea6127,Ram Kumar,good srevis,4,0,2026-06-26 09:47:01,19.7.3,2,0.7,positive,0,0,0,0,0,0,satisfied,0
a1468a24-f82a-494d-a739-f4feb6e514ac,Kaka Singh,good,5,0,2026-06-26 09:46:53,19.7.3,1,0.7,positive,0,0,0,0,0,0,satisfied,0
fb72cf37-96a8-4ae0-a5a1-d7e0f22cf1dc,Laxminivas Tummala,good,5,0,2026-06-26 09:45:28,19.7.2,1,0.7,positive,0,0,0,0,0,0,satisfied,0
05b8aeb5-769f-4934-9530-a2804d86557e,Sarb Gill,worst app always late for orders,1,0,2026-06-26 09:43:25,,6,-0.65,negative,0,0,0,0,0,0,passive,0
03a6553f-85de-424b-9245-dd5d0b63df72,Dilip Sonkar,super 😊,4,0,2026-06-26 09:43:22,19.7.3,2,0.3333333333333333,positive,0,0,0,0,0,0,satisfied,0
71fdb7d6-12bd-4794-ad83-a532b4c6828a,Devu Sharma,good,5,0,2026-06-26 09:42:31,19.7.3,1,0.7,positive,0,0,0,0,0,0,satisfied,0
5f5ba96d-7cf5-4604-bf74-04e1f15ccde7,Sunera Nathani,offer dikhata kuch or he hota kuch or he zomato frouad,1,0,2026-06-26 09:42:10,19.7.3,11,0.0,neutral,0,0,0,0,0,0,passive,0
53be24f3-210c-4ff4-8495-98c7a39948e9,Siftaj Kachara,👍,5,0,2026-06-26 09:42:07,19.7.3,1,0.0,neutral,0,0,0,0,0,0,satisfied,0
d0f70b10-348d-4bf7-baba-781ae5b29a09,Amar Kumar,froud hai bncd tum log order leta hai fir sirf paiso se matlab rahta hai order diye bina delevery complete complaint karne par koi response nhi order train me huaa tha train no 12812 M2 41 date 26/06/2026 Jharsuguda me delevery aaya CCTV Train me rahta hai ek bar cheak kijiye ispe se main order Kiya tha mujhe mila hi nhi froud karke paisa kamaoge kabhi aagye nhi badhoge,1,0,2026-06-26 09:42:02,19.5.0,69,-0.011111111111111108,neutral,1,0,0,0,0,0,at_risk,1
d46fc908-4962-4c48-84d9-b2157cc6fe92,Sanju Lovanshi,this platform not good bad customer suppor unresponsible merchant restaurant Tilak Sindoor Bhopal,1,0,2026-06-26 09:40:58,19.7.3,13,-0.5249999999999999,negative,0,0,0,0,0,0,passive,0
310dee8c-6268-45f3-8b7c-d3dab12959f7,Vikash Sahni,hay,5,0,2026-06-26 09:40:32,19.7.3,1,0.0,neutral,0,0,0,0,0,0,satisfied,0
b2a4f0e7-17c1-4e4f-a95d-a7bf00acfde7,Ganesh prasad,worst food,1,0,2026-06-26 09:39:51,19.7.3,2,-1.0,negative,0,0,0,0,0,0,passive,0
98a2ab6c-ada8-4f22-b71c-485f8be67aa6,dinesh s,good,5,0,2026-06-26 09:37:50,19.6.8,1,0.7,positive,0,0,0,0,0,0,satisfied,0
1a191524-8508-487f-ba2e-34abcdeceeb8,Bikash Shah,excellent 👍,5,0,2026-06-26 09:37:08,19.7.3,2,1.0,positive,0,0,0,0,0,0,satisfied,0
f414c384-c69e-4c39-bf4b-14969a871ebf,Anjali Kannaujiya,good,4,0,2026-06-26 09:34:57,,1,0.7,positive,0,0,0,0,0,0,satisfied,0
807cbdcd-d6ca-403a-9923-c2d4e543f3e0,Veda mani,good,4,0,2026-06-26 09:34:14,19.7.2,1,0.7,positive,0,0,0,0,0,0,satisfied,0
1f599a48-7955-4288-82d1-dea1336635fc,Prem Prakash,ok,3,0,2026-06-26 09:34:14,19.7.3,1,0.5,positive,0,0,0,0,0,0,passive,0
82345c27-21c6-49cc-91ff-a5c938781566,Nidhi Prasad,good,5,0,2026-06-26 09:32:37,19.7.3,1,0.7,positive,0,0,0,0,0,0,satisfied,0
f20d2cd4-a099-46e6-9b77-127a0365a3cb,Viji Kalidass,Zomoto okay but Hotel and Food item not good,4,0,2026-06-26 09:32:06,19.7.3,9,0.07500000000000001,neutral,0,0,0,0,0,0,satisfied,0
9d399a1e-cbf2-46e9-93b9-8dcfbaadbb9b,Adeeba Khatoon,fast delivery,4,1,2026-06-26 09:31:10,19.7.3,2,0.2,positive,1,0,0,0,0,0,satisfied,0
f43c2a3c-3332-403c-9a4b-3be34b37fcc3,ravi Dixit,verry nice service,5,0,2026-06-26 09:29:10,19.7.3,3,0.6,positive,0,0,0,0,0,0,satisfied,0
29fbf4ac-a62f-4c4b-a84a-116fd146b5d2,Ritwick Sen,The apps support system is the worst do not pay in advance and always check your order before paying the support is aweful and fraud.,1,0,2026-06-26 09:26:13,19.7.0,25,-1.0,negative,0,0,0,1,0,0,at_risk,1
54f52768-438c-4842-ab37-e9bf5764c5ef,Raj nars,nice,5,0,2026-06-26 09:23:45,19.7.3,1,0.6,positive,0,0,0,0,0,0,satisfied,0
47de4aaf-78fc-4185-894e-ae3aa4112b34,Krishna Tiwari,godd,5,0,2026-06-26 09:21:23,19.5.7,1,0.0,neutral,0,0,0,0,0,0,satisfied,0
9a479fb1-06b9-48a4-aafe-5278ea64f89e,ramandeep kaur,great,5,0,2026-06-26 09:15:17,19.7.3,1,0.8,positive,0,0,0,0,0,0,satisfied,0
98e6dc6a-2b22-4ebe-81b3-c50040c541a8,JAY KISHAN GUPTA,best restaurant,5,0,2026-06-26 09:14:17,19.7.3,2,1.0,positive,0,0,0,0,0,0,satisfied,0
14a00a5c-76fc-4afb-8e0f-a0a41baf84da,ravi meena,delivery charges or taxex should be less,3,0,2026-06-26 09:13:53,19.6.1,7,-0.16666666666666666,negative,1,0,0,0,1,0,at_risk,0
2ddf66f1-af01-4ae8-b203-0aef7b5e7061,Kundhella Gopichand,good,5,0,2026-06-26 09:12:08,19.7.3,1,0.7,positive,0,0,0,0,0,0,satisfied,0
6d45957f-29a2-4b49-ae43-5b1aa4d5af8e,rajani rai,👍,5,0,2026-06-26 09:11:50,19.6.5,1,0.0,neutral,0,0,0,0,0,0,satisfied,0
a7ffa6ae-ea9e-40c7-abd7-fce80bef1ec9,Champa Dey,good,5,0,2026-06-26 09:11:49,19.7.3,1,0.7,positive,0,0,0,0,0,0,satisfied,0
e0d820f0-da8e-4761-ac9c-f2d09c0e78df,Dilkhush Kumar,good service,5,0,2026-06-26 09:11:16,19.7.3,2,0.7,positive,0,0,0,0,0,0,satisfied,0
fdd7eefd-9994-44ae-9493-0299bc46b4f3,nadim govani,worst customer service,1,0,2026-06-26 09:11:02,19.7.3,3,-1.0,negative,0,0,0,0,0,0,passive,0
f16cfb1c-74dc-4e2f-a720-c6717c69ea9f,Manju davi Davi,Low Rate,5,0,2026-06-26 09:10:50,,2,0.0,neutral,0,0,0,0,0,0,satisfied,0
d8d7f28b-c721-40cf-9611-e693150083c5,Kishore Kumar,"Terrible customer service. I didn't notice the estimated delivery time, so I instantly tried to cancel my order. Even though I tried to cancel within seconds, they wouldn't allow a full refund. Furthermore, you aren't allowed to speak with a human executive—you only get pre-made AI answers",1,0,2026-06-26 09:09:01,,47,-0.13,negative,1,1,1,0,0,0,churned,1
4026cc74-f6c6-4f68-aab4-ac7af3273d10,Charith Thirividi,super,5,0,2026-06-26 09:08:55,,1,0.3333333333333333,positive,0,0,0,0,0,0,satisfied,0
43703c9e-e037-47e5-8b06-d1fb5f793640,m nagaraju,good,4,1,2026-06-26 09:08:00,19.7.3,1,0.7,positive,0,0,0,0,0,0,satisfied,0
bce6c3f2-0e4b-46c7-b7dc-5a6eb03d5350,Yashpalsinh Jadeja,verry bad service about zomato work and his timing such s funk service,1,0,2026-06-26 09:06:44,19.6.3,13,-0.3499999999999999,negative,0,0,0,0,0,0,passive,0
32d01a72-29fe-482b-a56b-c1b80ec88fd0,पुणेरी pattern,good,5,0,2026-06-26 09:06:33,19.7.3,1,0.7,positive,0,0,0,0,0,0,satisfied,0
d840a033-155c-4fe8-af30-fbb0813530a1,Amit Ranjan,too much time,1,0,2026-06-26 09:03:28,19.7.3,3,0.2,positive,0,0,0,0,0,0,passive,0
4ae67f04-e7e1-4539-8ce2-883e677afd3e,Vaibhav shali Singh,"easy to use , good , handy",5,0,2026-06-26 09:02:59,,7,0.5777777777777778,positive,0,0,0,0,0,0,satisfied,0
27753191-0fae-49f1-9b8a-cd36c3c1b51b,Tom Jerry,like it,5,0,2026-06-26 09:02:56,19.7.3,2,0.0,neutral,0,0,0,0,0,0,satisfied,0
406f2f45-e7f5-4071-bf23-d1da575f8414,Ranjan Raj,very nice 👍🏻🙂,5,0,2026-06-26 09:02:34,19.7.3,3,0.78,positive,0,0,0,0,0,0,satisfied,0
6bfc9f90-7217-4aeb-b330-4460c13fe701,Ranjeet Chanwariya,epic,5,0,2026-06-26 09:01:21,19.7.3,1,0.1,neutral,0,0,0,0,0,0,satisfied,0
35adf099-5169-4035-8d40-574b5d4c1497,Madhu Kumari,good,5,0,2026-06-26 09:01:21,19.7.3,1,0.7,positive,0,0,0,0,0,0,satisfied,0
a03b540e-1d34-4932-9a2e-315dd8f4f644,Aaditya Peddi,Good service,5,0,2026-06-26 08:59:45,19.7.3,2,0.7,positive,0,0,0,0,0,0,satisfied,0
c42926b7-02ae-49cc-b00b-007d91b3941f,Tanishq Meena,price are more compared to restaurent but good,4,0,2026-06-26 08:57:53,19.7.2,8,0.6,positive,0,0,0,0,1,0,satisfied,0
2f0fb028-1467-4e18-b2c7-81c0a0bac5d6,NIRANJAN KUMAR BAGH,nice,4,1,2026-06-26 08:56:34,19.7.3,1,0.6,positive,0,0,0,0,0,0,satisfied,0
1a1d71da-74da-47ed-8b51-ade06e025f7a,Satyaki Ghosh,nice,5,0,2026-06-26 08:56:09,19.7.3,1,0.6,positive,0,0,0,0,0,0,satisfied,0
70e00690-e452-47aa-b01b-06826640d9d3,Rohan Borah,most fraudulan app they steal our money and bot don't listen to us,1,0,2026-06-26 08:55:49,19.4.3,13,0.5,positive,0,0,1,0,0,0,at_risk,1
98067890-be62-4d01-b1c7-a4679bf5b2ce,Mohit,zomato is platform but food is heavily depends on the restaurant you ordered,4,0,2026-06-26 08:54:58,19.7.3,13,-0.2,negative,0,0,0,0,0,0,satisfied,0
8363884c-2daf-4d32-9914-42337a821fbe,Vanshika Vashisht,good,5,0,2026-06-26 08:52:06,19.7.3,1,0.7,positive,0,0,0,0,0,0,satisfied,0
f3208d46-3a68-45fe-baaf-b028ffec829d,mehul solanki,irresponsible for delay,1,0,2026-06-26 08:52:00,19.7.2,3,0.0,neutral,0,0,0,0,0,0,passive,0
ab95d0fb-d708-40bf-b43a-38c7612edf86,Sonu Alvi,ok,5,0,2026-06-26 08:51:33,19.7.3,1,0.5,positive,0,0,0,0,0,0,satisfied,0
913e6b74-bbe8-45f5-a92d-4405d8247d09,Jyoti Gaikwad,good service,5,0,2026-06-26 08:51:18,19.7.3,2,0.7,positive,0,0,0,0,0,0,satisfied,0
fd8cb139-d3df-476d-8d3e-f3481594278f,Vinod Kumar,easy to order,5,0,2026-06-26 08:50:04,19.7.3,3,0.43333333333333335,positive,0,0,0,0,0,0,satisfied,0
04ac4a60-50a3-4f88-a8c0-e6273bcc5dfe,snehal patel,good,4,0,2026-06-26 08:48:54,19.7.3,1,0.7,positive,0,0,0,0,0,0,satisfied,0
4baab59d-0e1c-4eb7-90de-b10e71ec6d90,Paribhasha shukla,Very good service,5,0,2026-06-26 08:48:39,19.7.3,3,0.9099999999999999,positive,0,0,0,0,0,0,satisfied,0
b6e1447e-aae5-4606-ad75-aaf0a4c90b45,Sulthan Omega,"Subject: Complaint Regarding Wrong Food Delivery and Poor Service To, Zomato Customer Support Dear Sir/Madam, I am writing to lodge a complaint regarding my recent order placed through Zomato. On Friday at 12:51 PM, I ordered Chicken Tikka from Four Seasons, Jadcherla, Mahabubnagar District – 509301, Telangana. However, instead of delivering the Chicken Tikka that I ordered, your delivery partner brought Single Chicken Biryani. This is completely unacceptable. Whether the mistake was due to neg",1,0,2026-06-26 08:48:20,19.7.3,75,-0.2969246031746032,negative,1,0,0,1,0,0,churned,1
7ff79816-9611-4708-bcb3-822e62c737d3,Patel Jaimin,best service,4,0,2026-06-26 08:47:54,19.7.3,2,1.0,positive,0,0,0,0,0,0,satisfied,0
ba0f4bdf-438a-4463-829d-83fe18b9d8ee,amol sathe,nice,5,0,2026-06-26 08:47:20,19.7.3,1,0.6,positive,0,0,0,0,0,0,satisfied,0
7e0a4540-500d-449d-829b-403fa4afa71f,Alok Chamediya,Excellent,5,0,2026-06-26 08:46:25,19.7.3,1,1.0,positive,0,0,0,0,0,0,satisfied,0
1bc3a492-fd9b-4c3e-9e99-8c3073f98ca1,Karthik Ravindra,Awesome App,5,0,2026-06-26 08:46:14,19.7.3,2,1.0,positive,0,0,0,0,0,0,satisfied,0
0f1a24ca-b156-43d9-84cf-c2e9f3acd5e6,Vishal Vishal,gold Zomato super low price 🫵🏻 good quality 🫂🥳🤤,5,0,2026-06-26 08:45:58,19.7.3,9,0.3444444444444444,positive,0,0,0,0,1,1,satisfied,0
b4881e5b-9921-40ea-b065-d18ac367312f,ADITYA DUBEY,Very bad experience on ZOMATO. yestarday I ordered from Zomato and money got deducted 3 times but order was not placed. The support is saying same thing again and again for refund but in refund status it is saying refund failed I want my money back. Zomato has very bad customer service. There customer service executive have no idea how to talk with customers. Zomato should check these things. please check and process my refund.,1,0,2026-06-26 08:45:54,19.7.3,75,-0.46399999999999986,negative,0,0,1,1,0,0,churned,1
b833e96b-189b-4921-abab-21f49a52c78a,Ashish Bagul,Zomato deserves minus rating,1,0,2026-06-26 08:45:11,19.7.3,4,-0.1,neutral,0,0,0,0,0,0,passive,0
ab163b4c-1dee-461c-a822-b3a9872dfca7,RAVIKUMAR akkerapu,service worst,1,0,2026-06-26 08:45:09,19.7.3,2,-1.0,negative,0,0,0,0,0,0,passive,0
ee863748-3574-4902-8a61-03ffa127e1fd,Mohit Hada,👌,5,0,2026-06-26 08:44:37,19.7.0,1,0.0,neutral,0,0,0,0,0,0,satisfied,0
310eac8c-e5d0-41c7-9a25-a0157686b3f5,PADALA B M KRISHNA,good receiving,5,0,2026-06-26 08:44:02,19.7.3,2,0.7,positive,0,0,0,0,0,0,satisfied,0
3665a48d-14ec-45e2-9d64-27cdaec2ae40,Rahul Mili,good,3,0,2026-06-26 08:41:49,19.7.3,1,0.7,positive,0,0,0,0,0,0,passive,0
7b6c8adc-6a23-482e-8418-d4bedb3a0a39,Alex 1 k BABU,good 👍,5,0,2026-06-26 08:41:49,19.7.3,2,0.7,positive,0,0,0,0,0,0,satisfied,0
38d8fbdd-5b37-49f2-86a8-b4f8f8467f6f,Vicky Tripathi,disgusting service every time,1,0,2026-06-26 08:40:16,19.7.3,4,-1.0,negative,0,0,0,0,0,0,passive,0
5d3c6a83-3674-40be-b4b7-148cd840602c,Abdul Sameer,Good,5,0,2026-06-26 08:38:53,19.7.3,1,0.7,positive,0,0,0,0,0,0,satisfied,0
a1288c7b-92e4-4b15-8571-2c145c610b84,SATEESH BABU ROLLAKANTI,Excellent customer service and support,5,0,2026-06-26 08:36:31,19.7.3,5,1.0,positive,0,0,0,1,0,0,satisfied,0
1ce919b5-f2fe-4d4e-9935-db9e1ba95a79,Ashok As,ok good,4,0,2026-06-26 08:35:59,19.7.3,2,0.6,positive,0,0,0,0,0,0,satisfied,0
6387a5d8-9c7a-47d5-a4c9-589d290d1f1e,Axel Blaze,I m giving 3 because zomato don't provide cash on delivery.,3,0,2026-06-26 08:34:55,19.7.3,11,0.0,neutral,1,0,0,0,0,0,at_risk,0
b9165d3b-529f-458a-9225-e5dfe4592cda,vinod Arya,very good,4,0,2026-06-26 08:33:24,19.7.3,2,0.9099999999999999,positive,0,0,0,0,0,0,satisfied,0
ef07cc07-32d6-488c-af45-a71d9e4a6be6,Aditya Rathour,vhjbhicc. hj. hl. xrb. joln vaadc nk.,5,0,2026-06-26 08:32:08,19.7.3,7,0.0,neutral,0,0,0,0,0,0,satisfied,0
b2bd65a7-0f3e-4314-aa7b-0d9039cf3fb2,ROHIT SINGH,good,3,0,2026-06-26 08:32:04,19.7.3,1,0.7,positive,0,0,0,0,0,0,passive,0
4f5ee0c6-820c-483c-9fa2-af9b4e06508e,Aaditya Obroy,very nice,4,0,2026-06-26 08:31:46,19.7.3,2,0.78,positive,0,0,0,0,0,0,satisfied,0
6fd5bc6c-4fdf-4c16-83f0-8518dd33e7e5,Sushmita Roy !!,super cool,5,0,2026-06-26 08:30:27,19.7.3,2,0.3416666666666667,positive,0,0,0,0,0,0,satisfied,0
3a63c214-fccb-49cd-89f3-d7bd5d213b50,Gaurav rajput Rajput,ngyfuj,5,0,2026-06-26 08:30:01,19.7.3,1,0.0,neutral,0,0,0,0,0,0,satisfied,0
ab97e26f-b656-4b2c-8d3e-b5a7d9fce68d,Shubham Dhavale,bestie,5,0,2026-06-26 08:29:12,19.7.3,1,0.0,neutral,0,0,0,0,0,0,satisfied,0
03b4e266-3934-4f3e-a4d8-ef004e2a3e20,Gautam Agarwal,awful,1,0,2026-06-26 08:28:28,,1,-1.0,negative,0,0,0,0,0,0,passive,0
ce071ab5-4252-4884-b5bb-5f8e4cb9d829,Shubham Yadav,bahut hi bahut hi Sundar,4,0,2026-06-26 08:28:28,19.7.3,5,0.0,neutral,0,0,0,0,0,0,satisfied,0
eb60cec9-c914-46c2-8a1a-526ab4644ee4,Aj Singh,cash on delivery as option,4,0,2026-06-26 08:28:13,19.7.3,5,0.0,neutral,1,0,0,0,0,0,satisfied,0
943ef77b-64a0-4451-9362-681a10f27a01,JITENDAR KUMAR,good,5,0,2026-06-26 08:26:38,19.7.3,1,0.7,positive,0,0,0,0,0,0,satisfied,0
e0fb1911-6f5d-4894-b55a-713637eee472,Junk Mails,"Bad customer service. now they reassign delivery partners at the last minute and claim ""operational issues"" when order is misplaced.",1,0,2026-06-26 08:25:00,19.7.3,20,-0.3,negative,1,0,0,0,0,0,at_risk,1
083dab15-cae7-4bd7-9e7d-fc1e0e680332,Ganga S,very poor,1,0,2026-06-26 08:24:42,,2,-0.52,negative,0,0,0,0,0,0,passive,0
8107a74b-8cea-4a6a-8f03-71201e21e3d7,Halima Shaik,good,5,0,2026-06-26 08:24:20,19.7.3,1,0.7,positive,0,0,0,0,0,0,satisfied,0
8feb07ad-f476-4cee-bb98-6321dec1aeda,Usha Shree,"Such a worst experience.I ordered one bucket chicken briyani. This worthless food charged Rs.1500 by Ya Rahman briyani hotel.It completely ruined my day and bread halwa was also missing ,I complained against the hotel to zomato for multiple times,still not getting any remedy.The hotel was also not responding ( didn't pick my calls)...The food was in a cold condition and smells spoiled. I am way more than irritated by zomato and the restaurant...",1,0,2026-06-26 08:23:58,,73,-0.29000000000000004,negative,0,0,0,0,1,1,churned,1
fffbd2a3-c5b7-4c99-9232-1dc4c356ef82,Piyush Yadav,many extra charges are being added,3,0,2026-06-26 08:19:27,19.7.3,6,0.25,positive,0,0,0,0,1,0,at_risk,0
d8285264-1e3c-4594-9b62-4e1f7b3638f1,Yt vicky Paswan,wow,5,0,2026-06-26 08:18:39,19.7.0,1,0.1,neutral,0,0,0,0,0,0,satisfied,0
7272b537-ebd4-4720-82ec-b837ed813324,Dayakar Kornepati,good,5,0,2026-06-26 08:18:18,19.7.3,1,0.7,positive,0,0,0,0,0,0,satisfied,0
fea1f7f2-b68f-4387-856b-1ac4b8981673,Ajithkumar Ajithkumar,super,5,0,2026-06-26 08:16:45,19.7.3,1,0.3333333333333333,positive,0,0,0,0,0,0,satisfied,0
dcf1296b-5647-46c4-aee6-51ce96e7d97f,Piyush Chouhan,good,5,0,2026-06-26 08:16:34,19.7.3,1,0.7,positive,0,0,0,0,0,0,satisfied,0
e99fa6ad-dc2c-4dea-be7b-0cc355b89602,Yagamurthy Subramanyam,No Comments,5,0,2026-06-26 08:15:20,19.5.8,2,0.0,neutral,0,0,0,0,0,0,satisfied,0
122f8008-52bd-495d-9b66-8bc9ba96a178,Khan Sultan,awesome 😎👍,4,0,2026-06-26 08:14:57,19.7.3,2,1.0,positive,0,0,0,0,0,0,satisfied,0
94ff8b03-05d4-4088-b40d-8b8428140444,Urvashi Sonar,very good food,3,0,2026-06-26 08:14:32,19.7.3,3,0.9099999999999999,positive,0,0,0,0,0,0,passive,0
7412977c-56ed-4721-aaca-ae14384d349d,Sujata Rana,vary fast,5,0,2026-06-26 08:13:51,19.7.3,2,0.2,positive,0,0,0,0,0,0,satisfied,0
da25fbe8-6217-477e-9d02-7850bfc4abce,Rahul Vishnoi,chor and froad application dont now install,1,0,2026-06-26 08:13:35,,7,0.0,neutral,0,0,0,0,0,0,passive,0
e6f21d76-07ec-4330-b3d9-ecf351df6738,Madhu nisha,very good service on time delivery,5,0,2026-06-26 08:13:31,19.7.3,6,0.9099999999999999,positive,1,0,0,0,0,0,satisfied,0
5fea6490-8961-4e71-a35e-d12fa4cd933a,Manoj Kumar,good,5,0,2026-06-26 08:12:30,19.6.1,1,0.7,positive,0,0,0,0,0,0,satisfied,0
a1c7e694-2161-4c7b-be7a-b31182852031,Vishal Maurya,good 👍,4,0,2026-06-26 08:12:00,19.7.3,2,0.7,positive,0,0,0,0,0,0,satisfied,0
368cd2cb-5c17-4cee-8f54-fcc2e56b8bc7,Shubash yadav,hamka nai pata,5,0,2026-06-26 08:11:41,,3,0.0,neutral,0,0,0,0,0,0,satisfied,0
809a2406-2523-4f64-89b2-08e944c77ec9,Anamika,"The service is so bad, no one talks to customer care, I received a wrong order and no response is given.",1,0,2026-06-26 08:11:11,19.7.3,21,-0.5999999999999999,negative,0,0,0,1,0,0,at_risk,1
fefeda4b-0501-4acf-af7f-0c21aeca4fdf,Sai Krishna,worst worst worst worst,1,0,2026-06-26 08:10:55,19.7.3,4,-1.0,negative,0,0,0,0,0,0,passive,0
f05508c7-9dc9-4746-a1a8-9cabdf7053ba,Deep Sandu,good ❤️🤗,5,0,2026-06-26 08:10:43,19.7.3,2,0.7,positive,0,0,0,0,0,0,satisfied,0
460de9c4-5cd3-4298-b83b-488f8d534c8c,BhumiKa Mahida,good 👍,5,0,2026-06-26 08:10:24,19.6.8,2,0.7,positive,0,0,0,0,0,0,satisfied,0
d98c3641-c131-421b-b996-b5b1e8e522f5,Gaurav PrajApati,good,4,0,2026-06-26 08:08:44,19.7.3,1,0.7,positive,0,0,0,0,0,0,satisfied,0
4482fe83-17e9-4b01-a08e-63bbb7f64b13,I'm Ntg,gud,5,0,2026-06-26 08:07:49,19.7.3,1,0.0,neutral,0,0,0,0,0,0,satisfied,0
966d20d0-13fb-4195-8e68-48f3122c8d8d,Vishal vishnu,good,2,0,2026-06-26 08:06:57,19.7.2,1,0.7,positive,0,0,0,0,0,0,passive,0
88fe558c-8ba3-4bee-80af-69d7a45772e9,Tanaya Dana,good,4,0,2026-06-26 08:06:51,,1,0.7,positive,0,0,0,0,0,0,satisfied,0
3c95f6b5-a288-43c8-9ab1-49d2481348ed,Jasleen Kaur,Good one,4,0,2026-06-26 08:06:36,19.7.3,2,0.7,positive,0,0,0,0,0,0,satisfied,0
c9431cde-4ff8-4ddb-9832-5a4645285f11,Mangesh Shende,best,5,0,2026-06-26 08:04:39,19.7.0,1,1.0,positive,0,0,0,0,0,0,satisfied,0
40ed9335-5efa-4932-ab8f-41ae266f2aa7,shakir baba,nice,5,0,2026-06-26 08:03:49,19.7.2,1,0.6,positive,0,0,0,0,0,0,satisfied,0
168dad04-491e-4bc0-8bd4-6f22daedf838,Vinod Jiwtode,good,5,0,2026-06-26 08:01:56,19.7.3,1,0.7,positive,0,0,0,0,0,0,satisfied,0
55908e1c-a9cd-4d18-8f34-283d26e9cf74,Mahek Shaikh,good,5,0,2026-06-26 08:01:54,19.7.3,1,0.7,positive,0,0,0,0,0,0,satisfied,0
dd6a9642-0555-4147-9d11-852f81b940ed,Tony Soloman,zomato 3 class service please don't us this application,1,0,2026-06-26 08:01:54,19.7.0,9,0.0,neutral,0,0,0,0,0,0,passive,0
ec969d57-1cf6-443e-8999-39539ccdfd06,Shailendra Dwivedi kabaddi,good,5,0,2026-06-26 08:01:46,19.7.3,1,0.7,positive,0,0,0,0,0,0,satisfied,0
f4e34d90-8edf-4724-a1f5-9ae7cce2b6be,saisuraj behera,nice,5,0,2026-06-26 08:01:42,19.7.0,1,0.6,positive,0,0,0,0,0,0,satisfied,0
0a014318-a361-41a6-91f6-b3835fdd838a,Sadik Hussain Choudhury,😊 food,5,0,2026-06-26 08:01:14,19.7.3,2,0.0,neutral,0,0,0,0,0,0,satisfied,0
0e8fc1f6-f98e-4d9c-b2d2-d433f42488db,Akash Singroul,nice,5,0,2026-06-26 08:01:08,19.7.0,1,0.6,positive,0,0,0,0,0,0,satisfied,0
68ea1e18-6d2b-45e3-a09e-9d69cedef238,Mohan Prasad,nice,5,0,2026-06-26 08:00:40,19.7.3,1,0.6,positive,0,0,0,0,0,0,satisfied,0
e9056aab-708d-430d-b614-927b30e233df,Love Ll,jaldi a jaaiye sar,5,0,2026-06-26 08:00:21,19.7.3,4,0.0,neutral,0,0,0,0,0,0,satisfied,0
776ddaf5-8670-4328-8792-7634ce8375d6,Then Mozhi R (Then),good,5,0,2026-06-26 07:59:37,19.7.3,1,0.7,positive,0,0,0,0,0,0,satisfied,0
9cea362f-1500-4dfd-a1db-e11c6e058dd0,Ganesh Prasad,good,4,0,2026-06-26 07:58:54,19.7.3,1,0.7,positive,0,0,0,0,0,0,satisfied,0
194855b2-6b20-4929-a7d0-58aa25034aff,Dharmendra Patel,Good,1,0,2026-06-26 07:56:56,17.0.2,1,0.7,positive,0,0,0,0,0,0,passive,0
faf57067-e05b-4a5f-9545-59d9bcf0d574,Dhanam Dhanam,very good,4,1,2026-06-26 07:56:18,19.7.3,2,0.9099999999999999,positive,0,0,0,0,0,0,satisfied,0
f4edcdbd-43b0-499e-8dbe-7f3a8ea8c09b,Nary Walker,excellent,5,0,2026-06-26 07:54:43,19.7.3,1,1.0,positive,0,0,0,0,0,0,satisfied,0
c69cdb84-45ef-4dab-8e9c-b08767369a51,Prince Pathak,good (,5,0,2026-06-26 07:54:24,,2,0.7,positive,0,0,0,0,0,0,satisfied,0
cf2c489b-b2ab-47bf-b50f-05d100f18c83,Radhika B,wow . good,5,0,2026-06-26 07:52:47,19.6.8,3,0.39999999999999997,positive,0,0,0,0,0,0,satisfied,0
0dadd8a6-f0fc-4478-b602-9535d3863a3b,Fazal Yasin vk W.k,very useful app,5,0,2026-06-26 07:51:56,19.7.3,3,0.39,positive,0,0,0,0,0,0,satisfied,0
539d1e40-b6c4-416b-9417-448c876ae0d0,Nita Waghmare,extent 😁,5,0,2026-06-26 07:51:34,19.7.3,2,0.0,neutral,0,0,0,0,0,0,satisfied,0
4bcaab81-2176-48ae-9f1e-a7bcbcdc406c,subramaniyam ramesh,v.good,4,0,2026-06-26 07:51:14,19.6.3,1,0.0,neutral,0,0,0,0,0,0,satisfied,0
6340f9c6-43a3-4875-8bd7-976e3209d445,Harman Baath,Good,4,1,2026-06-26 07:51:07,19.7.3,1,0.7,positive,0,0,0,0,0,0,satisfied,0
e68f0d3b-e7ba-4d07-a82b-d84553d5c7ad,Ajay kumar Ajay kumar,wonderfull,5,0,2026-06-26 07:50:21,19.7.3,1,0.0,neutral,0,0,0,0,0,0,satisfied,0
1380eb16-4c3b-4cad-9794-49fa23dc468c,kvm bhargavi,good,5,0,2026-06-26 07:47:42,19.7.3,1,0.7,positive,0,0,0,0,0,0,satisfied,0
5a637ac6-1885-4e7d-8a52-f14b2e55042e,Himanshi Prajapati,okk nive nice,5,0,2026-06-26 07:46:01,19.7.3,3,0.6,positive,0,0,0,0,0,0,satisfied,0
53aadbca-2e90-47f7-84b1-c4c424c9d708,San Yeta santosh,money 🤑,4,1,2026-06-26 07:45:38,19.7.3,2,0.0,neutral,0,0,1,0,0,0,satisfied,0
39e1a5dd-b195-4930-b2b5-f2c32be32e64,Priyanka Chakraborty,good service,4,0,2026-06-26 07:45:32,19.7.3,2,0.7,positive,0,0,0,0,0,0,satisfied,0
a6dcc4a0-fc38-41a7-a6c7-3e8493420e70,Sumit Verma,good works,5,0,2026-06-26 07:43:36,19.7.3,2,0.7,positive,0,0,0,0,0,0,satisfied,0
a44236ba-51c6-4cba-bac3-9e3053df8478,Kumarswamy Mortha,good,5,0,2026-06-26 07:42:33,19.7.3,1,0.7,positive,0,0,0,0,0,0,satisfied,0
336f7ef0-dd16-4696-a164-716bfa38ebde,Chandrakant chavan,best,5,0,2026-06-26 07:39:25,19.7.3,1,1.0,positive,0,0,0,0,0,0,satisfied,0
cf0137ec-dd41-429e-96be-e92e6d237790,Samyel Soren,thanx,5,0,2026-06-26 07:36:15,19.7.3,1,0.0,neutral,0,0,0,0,0,0,satisfied,0
005e6894-b990-4af4-b845-43feefa60a2d,Eswararao Landa,ok,5,0,2026-06-26 07:36:07,19.7.3,1,0.5,positive,0,0,0,0,0,0,satisfied,0
053c40e1-500c-4ae4-b746-3e03c49514f8,Yatendra Sharoff,good,5,0,2026-06-26 07:35:21,,1,0.7,positive,0,0,0,0,0,0,satisfied,0
971339e7-0587-4a4f-aa9e-771e7ad8b587,SAMAR THAKUR,let' try,5,0,2026-06-26 07:35:14,19.7.3,2,0.0,neutral,0,0,0,0,0,0,satisfied,0
9ba7dc01-9d89-4148-8c15-7cbacef2dd3f,Sajal Paul,very gud,5,0,2026-06-26 07:35:06,19.7.0,2,0.2,positive,0,0,0,0,0,0,satisfied,0
03697321-207b-4239-8dcc-52336b00f9a6,Mohit Bhatti,excellent 👍🏻,5,0,2026-06-26 07:34:48,19.7.0,2,1.0,positive,0,0,0,0,0,0,satisfied,0
2cc5ec50-73af-4ecb-a75d-a8b513426bc5,ashish gupta,chor app h order lene k baad bhi food delivery nahi karte h ye log sare msg block kar dete h.app me delevery dikha dete h bycott zomato,1,0,2026-06-26 07:33:57,19.6.8,28,0.0,neutral,1,0,0,0,0,0,at_risk,1
ee4f1da4-f574-4f84-9414-9c04d208f95e,Sujit Kumar,good apps,5,0,2026-06-26 07:33:39,19.7.3,2,0.7,positive,0,0,0,0,0,0,satisfied,0
86b7947d-856d-4dc5-9be5-d0ef1534b4d9,Dileep Gurjar,hmmm Right 👍,5,0,2026-06-26 07:31:45,19.7.3,3,0.2857142857142857,positive,0,0,0,0,0,0,satisfied,0
cf61c85b-705a-49b2-a5b7-daff51033ce9,Bhaskar Mallick,👍🏻,5,0,2026-06-26 07:30:57,,1,0.0,neutral,0,0,0,0,0,0,satisfied,0
3319471b-32bd-4bcf-ab3c-507e70ac4cd5,Utkarsh Thakur,good food but plese fast delivery,5,0,2026-06-26 07:30:11,19.7.3,6,0.44999999999999996,positive,1,0,0,0,0,0,satisfied,0
e99bfabf-6098-445a-ad3a-80e76498b9da,naradasu satishrao,thank,5,0,2026-06-26 07:29:32,19.7.3,1,0.0,neutral,0,0,0,0,0,0,satisfied,0
90811be0-887d-4520-b140-4c3ba3fba9e7,Prince Kumar,good,4,0,2026-06-26 07:29:06,19.7.3,1,0.7,positive,0,0,0,0,0,0,satisfied,0
f9a902f7-21b3-4164-a025-3fb53ffb72ce,pratham multiprint,kabhi kabhi aacha bura not all time best,5,0,2026-06-26 07:28:30,19.7.3,8,1.0,positive,0,0,0,0,0,0,satisfied,0
b3d76cbc-3064-4d18-a628-2051f676e45b,Suresh Kumar,good food apps,4,0,2026-06-26 07:28:07,19.7.3,3,0.7,positive,0,0,0,0,0,0,satisfied,0
3b3d6d8b-fac7-44fd-be19-a78c7244c761,Surendra Yadav,nice service,5,0,2026-06-26 07:26:10,19.7.3,2,0.6,positive,0,0,0,0,0,0,satisfied,0
fac04c5e-5484-4306-85cb-2067186354e9,Rajesh Locharla,super,5,0,2026-06-26 07:24:23,19.7.3,1,0.3333333333333333,positive,0,0,0,0,0,0,satisfied,0
f20bc5cb-ce3e-424d-8942-b9dbb41d9f31,Jasmine Jeya,good,5,0,2026-06-26 07:20:55,19.7.3,1,0.7,positive,0,0,0,0,0,0,satisfied,0
65171c85-8e94-40ac-921f-fca14861c0dc,Anil Baria,Nice,5,0,2026-06-26 07:20:50,,1,0.6,positive,0,0,0,0,0,0,satisfied,0
d49c4e80-1951-4aa3-ae0a-074ab9582b41,Shubham Sharma,highly platform and packaging charges...if you go to buy pizza worth of 500 it charges you approx 600 bucks...,1,0,2026-06-26 07:20:44,19.7.3,19,0.22999999999999998,positive,0,0,0,0,1,0,at_risk,1
a0d227f9-abd7-4df2-a8c6-d76ffc81c779,Sayan Banerjee,too expensive and toouch extra charges,1,0,2026-06-26 07:20:39,19.6.6,6,-0.25,negative,0,0,0,0,1,0,at_risk,1
10a1dda2-4e80-46b4-b224-b6c35d113907,siva rama krishna palivela,good,5,0,2026-06-26 07:19:57,19.7.3,1,0.7,positive,0,0,0,0,0,0,satisfied,0
3b465e21-e767-45ee-a70d-318ec86d1405,Nilesh Kumar,yah bahut acchi app hoti yah bahut chhod deti,5,1,2026-06-26 07:19:47,19.7.3,9,0.0,neutral,0,0,0,0,0,0,satisfied,0
779acd0a-071a-46c5-90aa-79b3551d4d7d,Anamika,fast and fresh food,5,0,2026-06-26 07:18:44,19.3.0,4,0.25,positive,0,0,0,0,0,0,satisfied,0
bbeb52f5-01cf-420b-be99-aa623258f5ad,Vishal Makoriya,it is so usefull,5,0,2026-06-26 07:18:00,19.7.3,4,0.0,neutral,0,0,0,0,0,0,satisfied,0
168d781f-7e1d-42c4-82a2-78011ef7f462,SK SABIR,good,5,0,2026-06-26 07:17:35,,1,0.7,positive,0,0,0,0,0,0,satisfied,0
4824c9e9-1a28-45a6-bb5e-efbac227edbc,Amandeep Singh,useless app,1,0,2026-06-26 07:16:56,,2,-0.5,negative,0,0,0,0,0,0,passive,0
ac970d44-1756-4529-a708-ccc78e62bbf6,Saran Kumar,gud,4,0,2026-06-26 07:15:44,19.7.3,1,0.0,neutral,0,0,0,0,0,0,satisfied,0
a1ae8e51-3abc-4a6d-bdb4-6c4a6035f3bf,mukhiya seeds,good 👍,4,0,2026-06-26 07:15:34,19.7.3,2,0.7,positive,0,0,0,0,0,0,satisfied,0
e0d0d9c6-f214-49f0-9c93-61b03650eda5,jai Hanuman,abhi tak delivery nahin Hai yah 39 minut ka time tha usko bada bada ke badhaya Ja Rahe Hain,1,0,2026-06-26 07:12:32,19.7.2,19,0.0,neutral,1,0,0,0,0,0,at_risk,1
febb55c2-da41-428e-98b0-c2e65bd25da6,suraj verma,best,5,0,2026-06-26 07:12:21,19.7.3,1,1.0,positive,0,0,0,0,0,0,satisfied,0
64dcbda1-ae6d-42c4-b5c9-bce82ac50cc4,Gill Saab,good,3,0,2026-06-26 07:11:59,19.7.3,1,0.7,positive,0,0,0,0,0,0,passive,0
1bd332ca-d947-411b-96d3-2ea01a517533,Ajitesh J.B,the price is too high but packing is good and easy to order,4,0,2026-06-26 07:10:44,19.4.7,13,0.43111111111111117,positive,0,0,0,0,1,0,satisfied,0
821ad444-0bac-49b5-8f55-2b0985623e89,Vikas Shinde,ok,5,0,2026-06-26 07:09:59,19.7.3,1,0.5,positive,0,0,0,0,0,0,satisfied,0
b048b2c0-87a9-447d-aa12-5d09f49d962e,Aman Chittori,bad customer service? all you get is AI chatbox,2,0,2026-06-26 07:08:36,19.7.3,9,-0.6999999999999998,negative,0,0,0,0,0,0,passive,0
ac7f7066-6122-4c9f-9509-3d434b730182,Angel Kamble,very good,5,0,2026-06-26 07:07:39,19.7.3,2,0.9099999999999999,positive,0,0,0,0,0,0,satisfied,0
b3fb67c6-b243-4cab-a475-05c3de0d603c,P. Vijay Babu,Good 😊,5,0,2026-06-26 07:07:33,19.7.3,2,0.7,positive,0,0,0,0,0,0,satisfied,0
cd3a0bb6-2b43-49a6-b586-0f5ec017deec,Laiq Ahmed,good,4,0,2026-06-26 07:07:27,19.7.3,1,0.7,positive,0,0,0,0,0,0,satisfied,0
421c60f7-2858-4f1e-9c29-bdb0455b7085,Eshwari,i love it,5,0,2026-06-26 07:07:04,19.7.3,3,0.5,positive,0,0,0,0,0,0,satisfied,0
e6b2c039-f724-44d4-ab06-b025af9caead,Amit Biswas,supper,4,0,2026-06-26 07:06:59,19.7.3,1,0.0,neutral,0,0,0,0,0,0,satisfied,0
068a46af-cfa4-400a-9bc7-be6cc51b2998,Akash Mahla,good service 👍,5,0,2026-06-26 07:06:49,19.7.3,3,0.7,positive,0,0,0,0,0,0,satisfied,0
19f30898-b057-4581-998e-8ec8625d93ff,Vicknesh Jesh,super,3,0,2026-06-26 07:05:53,19.7.3,1,0.3333333333333333,positive,0,0,0,0,0,0,passive,0
fe9dd4e9-7918-473f-9469-4e3c7a46eab0,Jayapaul J,very use full app👍,5,0,2026-06-26 07:05:46,,4,0.275,positive,0,0,0,0,0,0,satisfied,0
eaaa5dbf-6288-4407-b2c9-e1d5181f9dba,Annalakshmi L,easy to use thank you,4,0,2026-06-26 07:05:40,19.7.3,5,0.43333333333333335,positive,0,0,0,0,0,0,satisfied,0
8750de60-68e7-46d6-91ca-850ff7626308,Neeraj Varma,nice,5,0,2026-06-26 07:04:56,19.7.0,1,0.6,positive,0,0,0,0,0,0,satisfied,0
564f316d-9a6b-4669-88d2-b6087502982b,Paviarun,super,5,0,2026-06-26 07:03:32,19.7.3,1,0.3333333333333333,positive,0,0,0,0,0,0,satisfied,0
fec5eb9b-2a08-44e1-9931-7952d1771067,VASU ANTONY,very nice,5,0,2026-06-26 07:02:10,19.7.3,2,0.78,positive,0,0,0,0,0,0,satisfied,0
d3347f49-65dc-424b-b2e1-8a96cea7514b,Satish Kumar,good,5,0,2026-06-26 07:01:21,19.7.3,1,0.7,positive,0,0,0,0,0,0,satisfied,0
283acf67-b5e8-42fc-9b76-c1b5c07c6243,Alam Shikh,good fast,5,0,2026-06-26 07:00:32,19.7.3,2,0.44999999999999996,positive,0,0,0,0,0,0,satisfied,0
6826dc41-5965-4844-8844-405c70d71730,Kavita Ahirwar,👍👍,5,0,2026-06-26 07:00:28,19.7.3,1,0.0,neutral,0,0,0,0,0,0,satisfied,0
81b7fe32-a480-4a80-9184-a566aa0262b7,Raj Kumar,good,5,0,2026-06-26 06:58:35,19.7.3,1,0.7,positive,0,0,0,0,0,0,satisfied,0
0b1faf04-a725-4ca0-91c0-816f47134ded,vinay malladi,good 👍,4,0,2026-06-26 06:56:53,19.7.3,2,0.7,positive,0,0,0,0,0,0,satisfied,0
4d94b42e-63a9-420f-8ff9-2f09007f7e68,Alone Boy,good,5,0,2026-06-26 06:56:50,19.7.3,1,0.7,positive,0,0,0,0,0,0,satisfied,0
e1b6b976-8b05-4639-bb90-eadac75b7163,Alaina Tariq,veri good 💯,5,0,2026-06-26 06:55:57,19.7.3,3,0.7,positive,0,0,0,0,0,0,satisfied,0
f620aa1d-9cbe-43cd-8ba5-53d994ea59bb,Sunil Kumar,"I was told to get paytm coupon but didn't receive that even after making payment. Paytm and zomato, Both are frauds, never order anything from them.",1,0,2026-06-26 06:55:28,19.7.3,26,0.0,neutral,0,0,1,0,0,0,at_risk,1
92ca6f7b-ff08-4be3-b2c8-cd47e98aa7c6,Sandeep singh,good,4,0,2026-06-26 06:54:07,19.7.3,1,0.7,positive,0,0,0,0,0,0,satisfied,0
fa932b50-c894-4cf2-abd9-53e01c1e1dc0,Praveen Pal,Best,5,0,2026-06-26 06:53:19,19.6.8,1,1.0,positive,0,0,0,0,0,0,satisfied,0
022f91a8-086c-459a-b8a4-76ef8df8657c,varul ambala,Kalighat,1,0,2026-06-26 06:51:42,19.7.3,1,0.0,neutral,0,0,0,0,0,0,passive,0
8db1daa4-d98f-40ae-a93a-75d9be5f1ec9,Yash Rawat,"Customer care in Zomato is a scam. Even after proving proof of wrongdoings of the restaurant, customer care does nothing.",1,0,2026-06-26 06:51:20,17.2.3,20,0.0,neutral,0,0,0,1,0,0,at_risk,1
c97e1ed2-46e0-4dd4-b191-e21507ea5907,Deepak Jurel,good,3,0,2026-06-26 06:50:44,19.7.3,1,0.7,positive,0,0,0,0,0,0,passive,0
a0902827-5545-463a-be63-90b8d099271e,Radha Kannan,more price value for food,1,0,2026-06-26 06:49:32,19.6.6,5,0.5,positive,0,0,0,0,1,0,at_risk,1
4535a700-a230-4fd6-9902-00919cbf48a8,nitin lade,ग्रेट,4,0,2026-06-26 06:47:58,19.5.5,1,0.0,neutral,0,0,0,0,0,0,satisfied,0
e0479139-e5ff-47b3-bc84-31673c47e7c3,shiva R,ok,5,0,2026-06-26 06:46:25,19.7.3,1,0.5,positive,0,0,0,0,0,0,satisfied,0
d5b06dc4-3a64-454d-a44e-14bcfd8301c6,Shiv Kumar,ok,5,0,2026-06-26 06:43:07,19.7.3,1,0.5,positive,0,0,0,0,0,0,satisfied,0
01fdc58c-7a38-4e89-bbc5-cff01569d277,Debashis Biswal,👍,5,0,2026-06-26 06:41:46,19.7.3,1,0.0,neutral,0,0,0,0,0,0,satisfied,0
eefde3c0-6346-4fed-95fb-0ba12c06d380,RAKSHAN RAKSHAN,good,5,0,2026-06-26 06:41:26,19.7.3,1,0.7,positive,0,0,0,0,0,0,satisfied,0
d9d9e196-a35c-49f2-b07c-abfce28d4d1b,Kalpna Bhaliyan,good 👍💯,5,0,2026-06-26 06:41:25,19.7.3,2,0.7,positive,0,0,0,0,0,0,satisfied,0
54eef70c-3b8d-4a15-b246-f179e36b488f,Amod Gore,nice,5,0,2026-06-26 06:36:05,19.7.3,1,0.6,positive,0,0,0,0,0,0,satisfied,0
cb40b714-855c-42f3-a6f0-8f7fe5653721,K.kaushick,good,5,0,2026-06-26 06:35:58,19.7.0,1,0.7,positive,0,0,0,0,0,0,satisfied,0
4ba83de0-61b7-4853-be79-c7bfa16f5a24,B M Upadhyay,food not good,4,1,2026-06-26 06:35:36,19.7.3,3,-0.35,negative,0,0,0,0,0,0,satisfied,0
cd579ad6-6441-40f8-9141-8683ac53df94,Raj Aryan,gud service,4,0,2026-06-26 06:34:39,19.7.3,2,0.0,neutral,0,0,0,0,0,0,satisfied,0
63d8a214-b5be-4f96-8616-5c4787d94f1f,MCSEVEN,Paise leke dusron ke khane me gandgi parshone wale log sorry jog sorry 616,1,0,2026-06-26 06:34:28,19.7.3,14,-0.5,negative,0,0,0,0,0,0,passive,0
1a36d958-551c-48ac-85f1-40784b25caaa,Avijit Devnath,good 👍,5,0,2026-06-26 06:33:17,19.7.3,2,0.7,positive,0,0,0,0,0,0,satisfied,0
7f69c059-e0ab-40f2-938c-9493add29227,Gaurav Gupta,good service,5,0,2026-06-26 06:31:31,19.7.3,2,0.7,positive,0,0,0,0,0,0,satisfied,0
349610dd-b9b9-49a8-a5fc-c910944a1d61,Anchit Sharma,my ASIAN MOM makes better than zomato,2,0,2026-06-26 06:30:25,19.6.1,7,0.25,positive,0,0,0,0,0,0,passive,0
1b9915ad-b2f7-4f21-beeb-e763a3d9a035,Rao Vijay Yadav,good,5,0,2026-06-26 06:29:21,19.7.3,1,0.7,positive,0,0,0,0,0,0,satisfied,0
51e74aec-3fea-41c4-b7e2-07ea7e73321b,Nilesh Raushan,best platform online order,5,0,2026-06-26 06:28:45,19.7.3,4,1.0,positive,0,0,0,0,0,0,satisfied,0
26f1454e-d4e9-4e86-a07e-fbbfb3be3ce9,Subrata,good service,5,0,2026-06-26 06:28:29,19.7.3,2,0.7,positive,0,0,0,0,0,0,satisfied,0
6f97fc4a-bb88-4bbe-b448-41ae20b23d69,Shangamithra A,Correct timing delivery,5,0,2026-06-26 06:28:27,19.7.3,3,0.0,neutral,1,0,0,0,0,0,satisfied,0
3fbc83da-acd3-4d17-b70a-34c4eff53dd5,bhim singh meena,hygiene food with fast delivery,5,0,2026-06-26 06:27:00,19.7.3,5,0.2,positive,1,0,0,0,0,0,satisfied,0
fd1a607f-030e-4bd1-ba57-29ec2e89fc08,Jagdish Kunturkar,Good,5,0,2026-06-26 06:26:42,19.7.3,1,0.7,positive,0,0,0,0,0,0,satisfied,0
1e8e7850-c10b-4806-b844-40e33e96425f,Neha Sharma,nice,5,0,2026-06-26 06:25:49,19.5.5,1,0.6,positive,0,0,0,0,0,0,satisfied,0
a07662a5-1445-4b47-a932-3598da241749,Abhisek Nayak,best,3,0,2026-06-26 06:25:48,19.7.3,1,1.0,positive,0,0,0,0,0,0,passive,0
9ab46f26-3cb0-4faa-a166-0d9155e0f767,Alimbashir56 Alimbashir56,best service,5,0,2026-06-26 06:25:29,19.7.3,2,1.0,positive,0,0,0,0,0,0,satisfied,0
e1d7b642-9daa-43b6-981d-9c76a4a545a7,ARIEF BASHA SHAIK,better,5,0,2026-06-26 06:24:18,,1,0.5,positive,0,0,0,0,0,0,satisfied,0
729a651a-3256-4748-bcac-ee2d3e896ee4,Sunilkumar Thalagani,good,5,0,2026-06-26 06:23:35,19.7.3,1,0.7,positive,0,0,0,0,0,0,satisfied,0
58e9774d-5c2d-4688-a4f8-065d8b41a112,sk khan khan,Good,5,0,2026-06-26 06:20:01,,1,0.7,positive,0,0,0,0,0,0,satisfied,0
0299690a-0050-4411-bf89-a13e6f70d014,shriram Kumar,good,4,0,2026-06-26 06:18:39,19.7.3,1,0.7,positive,0,0,0,0,0,0,satisfied,0
7361e404-f728-4a86-9d6d-acfb16155f3f,Jaabir Khan,mast,1,0,2026-06-26 06:18:17,19.7.2,1,0.0,neutral,0,0,0,0,0,0,passive,0
7485b487-3e0b-49f4-94de-0b3199c7aae1,Siji S,good,3,0,2026-06-26 06:17:42,19.7.3,1,0.7,positive,0,0,0,0,0,0,passive,0
d1bcd5c3-084e-49c4-a442-babb1f1d0d96,Atul Verma,good food comes from zomato,5,0,2026-06-26 06:17:42,19.6.8,5,0.7,positive,0,0,0,0,0,0,satisfied,0
04981768-8a81-42e1-904a-5b5213eab89c,BIKASH KUMAR SINGH,good,5,0,2026-06-26 06:17:33,19.7.3,1,0.7,positive,0,0,0,0,0,0,satisfied,0
ce62105f-d379-48fe-9c19-14a8857f3bdf,chandravir singh,thanks for sending food,4,0,2026-06-26 06:15:05,19.7.3,4,0.2,positive,0,0,0,0,0,0,satisfied,0
aed4c250-b607-47ae-8952-da8b706498a0,Rajashekhar Raju,good,5,0,2026-06-26 06:12:49,19.6.8,1,0.7,positive,0,0,0,0,0,0,satisfied,0
077411e4-35b5-4b04-9c57-35cc9c3a5151,Shaikh Jahed,Zomato Forever Best Food Partner App,5,0,2026-06-26 06:11:13,19.5.1,6,1.0,positive,0,0,0,0,0,0,satisfied,0
6a6d9c70-1d38-4b53-b54c-a04260e6e1e4,Vansh Kumar,gandu,1,0,2026-06-26 06:09:25,19.7.3,1,0.0,neutral,0,0,0,0,0,0,passive,0
78ef41d3-dedf-43e1-98e4-884e8074c1c7,SACHIN INGALE,good service,5,0,2026-06-26 06:08:34,19.7.3,2,0.7,positive,0,0,0,0,0,0,satisfied,0
a4d40814-f99e-4139-8e2f-bab8a8d10dc0,Priya arya,nice,5,0,2026-06-26 06:06:42,19.7.3,1,0.6,positive,0,0,0,0,0,0,satisfied,0
39e25e5b-6c85-4d51-8e5b-6a971e519805,kumar raj,good,3,0,2026-06-26 06:04:38,19.7.3,1,0.7,positive,0,0,0,0,0,0,passive,0
36905355-3f16-4a1c-892a-5e8cb1b1e326,Hmz Eren,"literally ordered food from a restaurant and they gave completely different food, i reported zomato support with complete details and photo with it. and they didn't even resolve the issue and no refund. very bad experience.",1,0,2026-06-26 06:04:07,,36,-0.26999999999999996,negative,0,0,1,1,0,0,churned,1
b47532a7-6759-452f-9441-ee99c6ef35fb,Rekha Saxena,nice,5,0,2026-06-26 06:00:47,19.7.3,1,0.6,positive,0,0,0,0,0,0,satisfied,0
24617020-3624-4e8c-82d4-622818fb2c1c,Hovarthini Ramani,"Great, I could see the cost difference clearly comparing to other apps.",5,0,2026-06-26 05:59:52,19.7.3,12,0.25833333333333336,positive,0,0,0,0,0,0,satisfied,0
b3800432-b602-4daf-a4b6-8a9d54c36a09,Kaynat Parvin,exllent,5,0,2026-06-26 05:54:05,19.7.3,1,0.0,neutral,0,0,0,0,0,0,satisfied,0
3f0475ad-9bfc-4b53-bba7-11aa633501e5,Prince Chauhan,it's good,5,0,2026-06-26 05:52:14,19.7.3,2,0.7,positive,0,0,0,0,0,0,satisfied,0
83d4c1e7-8df5-46b3-b5da-b65e5466e808,Nikhil Gavali,"ridiculous charges nowadays Zomato is applying like a beggar. worst experience. People are eager to order their favourite food, and in the checkout page they see un-expected charges and come back .... But Zomato people do not care about this. They are busy earning more by asking more.... shame",1,0,2026-06-26 05:51:01,,49,-0.03888888888888886,neutral,0,0,0,0,1,0,at_risk,1
93590977-2769-45b8-a9dc-ca64a99b3b54,Anil Kumar,nice service,5,0,2026-06-26 05:51:00,19.7.3,2,0.6,positive,0,0,0,0,0,0,satisfied,0
d687e1df-835f-4a20-9dd8-3a54e83ab59d,Pal Ji,manshi pal,5,0,2026-06-26 05:45:10,,2,0.0,neutral,0,0,0,0,0,0,satisfied,0
c3fefacf-2262-422c-aec0-6959962b88d6,Girish Patil,paneer jalabi was not so good,4,0,2026-06-26 05:42:13,19.7.3,6,0.7,positive,0,0,0,0,0,0,satisfied,0
cd26c514-792f-4d24-a376-f0095c8bae6b,Pintu Kabadiya,suppar,4,0,2026-06-26 05:41:11,19.7.3,1,0.0,neutral,0,0,0,0,0,0,satisfied,0
f65b1bdd-d6f9-4fbb-99c1-056517ececf1,MOHD AFSAR,good,5,0,2026-06-26 05:40:59,19.7.3,1,0.7,positive,0,0,0,0,0,0,satisfied,0
a702e670-cb02-494f-b1a8-78a85b21d3b5,Pawan Kumar,nice 👍🙂,5,0,2026-06-26 05:38:28,19.7.3,2,0.6,positive,0,0,0,0,0,0,satisfied,0
d000adb6-8c51-404e-93f9-8846a0c2cb64,Akash Khamkar,nice,5,0,2026-06-26 05:37:52,19.7.0,1,0.6,positive,0,0,0,0,0,0,satisfied,0
5026ab07-714d-465d-958f-48ef3c0d1101,Kalpesh Patel,plz send Oder on time,5,1,2026-06-26 05:37:31,19.7.3,5,0.0,neutral,0,0,0,0,0,0,satisfied,0
9ab8b16a-312c-4b2e-868a-c07ab5185723,Komal Chauhan,mst app h,5,0,2026-06-26 05:34:35,19.7.3,3,0.0,neutral,0,0,0,0,0,0,satisfied,0
2b274b1e-6582-4759-b54e-f03999f2fd5e,Deepak Kumar,best delivery app zomato,5,1,2026-06-26 05:33:28,19.7.3,4,1.0,positive,1,0,0,0,0,0,satisfied,0
31c51928-f4c9-47db-9457-0ba2cbce30e2,Sujeet Verma,op,5,0,2026-06-26 05:27:14,19.7.3,1,0.0,neutral,0,0,0,0,0,0,satisfied,0
d8516555-5a72-430c-8cab-1dd1557ac599,Joseph Victor Raj,simple process,5,0,2026-06-26 05:26:32,19.7.3,2,0.0,neutral,0,0,0,0,0,0,satisfied,0
ed80758c-d36f-4800-9956-156f6606edc4,d 9,I'm fullfilled,5,0,2026-06-26 05:25:26,19.7.3,2,0.0,neutral,0,0,0,0,0,0,satisfied,0
979bc69d-5c77-49d1-b887-69ba2db68659,Arsh Sekhon,ok,5,0,2026-06-26 05:23:30,19.7.3,1,0.5,positive,0,0,0,0,0,0,satisfied,0
8877f1e2-7624-4a49-bc9c-ac311e6b4988,Yogesh,oooooooo. mast oooohh. my good,5,0,2026-06-26 05:21:59,19.7.3,5,0.7,positive,0,0,0,0,0,0,satisfied,0
97119eb9-78ab-463b-8094-083c71aa6971,S K Deb,thankyou,3,0,2026-06-26 05:21:59,19.7.3,1,0.0,neutral,0,0,0,0,0,0,passive,0
c8405c4e-9d32-431b-8a83-eb451deb0ffe,Sarvamangala Roddappanavar,Train delivery service is not good,1,0,2026-06-26 05:21:51,19.7.3,6,-0.35,negative,1,0,0,0,0,0,at_risk,1
f2410020-6e2e-4cb0-b7f0-8154b2dd30a9,pradeep kumar,वाहियात फूड पॉइजनिंग हो गया मुझे,1,0,2026-06-26 05:18:16,,6,0.0,neutral,0,0,0,0,0,0,passive,0
c5b62bf8-32af-4b33-83d5-c84bf8cb842b,bhushan Cherukupalli,"mt. chcc you my at m. lo k RR m gg¿. i ccc. mm uj ka ta jbu cnn nn,. BB to mm no ib nn ku ufcd3 🚨🚨🍹🏎️🍫🌯🥞🌶️🍍💬 i. u 📵🚙👚◼️(⁠^⁠^⁠) in",1,0,2026-06-26 05:17:12,19.7.3,33,0.0,neutral,0,0,0,0,0,0,passive,0
a67d5f38-8ea7-4c8b-8328-dbdceb5f8cf3,Anuj Singh,good pi,5,0,2026-06-26 05:16:11,19.7.3,2,0.7,positive,0,0,0,0,0,0,satisfied,0
ca9d9175-643b-4395-9ec7-a6bb4b920424,Jyoti Ahirwar,good,5,0,2026-06-26 05:14:26,19.7.3,1,0.7,positive,0,0,0,0,0,0,satisfied,0
3f029ce9-3bee-41b9-9f22-d8a2ec367d85,Moon Light (Cristyl),best (:::app,4,0,2026-06-26 05:09:47,19.7.3,2,1.0,positive,0,0,0,0,0,0,satisfied,0
9ead0ca2-1df9-4c68-868c-d9dd5aad08af,Ashvinder Gill,vry good,5,0,2026-06-26 05:09:39,19.7.3,2,0.7,positive,0,0,0,0,0,0,satisfied,0
e814e118-cfa3-47ec-9a52-4ed636a799e4,Rajayadev330 kumar,very nice,5,0,2026-06-26 05:09:29,19.7.3,2,0.78,positive,0,0,0,0,0,0,satisfied,0
b07bce4f-155e-4231-a7b2-139d1cd5cfec,Karthick Mena,Don't order in zomato if you want proper food and if any mistake happens they said we are intermediates only responsible for the wrong order and even we file complaints zomato did not take responsibilities . I uninstalled Zomato so don't spoil your money on these platform better go for other platform.,1,0,2026-06-26 05:09:10,19.6.8,52,0.012500000000000002,neutral,0,0,1,0,0,0,at_risk,1
6e126b28-c15c-48fb-b74f-70cf3d832126,Manoj Kumar,ok,5,0,2026-06-26 05:04:29,19.7.3,1,0.5,positive,0,0,0,0,0,0,satisfied,0
8a48e85b-5c10-477c-8a3e-a54b286e5124,Baljit Vadhan,good,5,0,2026-06-26 04:54:07,19.7.3,1,0.7,positive,0,0,0,0,0,0,satisfied,0
2201c1d5-b4da-4703-bfe5-859666d0e3f8,surajkumar Kumar,very good,5,0,2026-06-26 04:53:14,19.7.3,2,0.9099999999999999,positive,0,0,0,0,0,0,satisfied,0
550ae627-bd49-4ae6-b2f3-88ceef452586,Sonu Pal,nice 👍,5,0,2026-06-26 04:43:39,19.7.3,2,0.6,positive,0,0,0,0,0,0,satisfied,0
c3631a6d-213f-4c28-b74d-f09d31743044,Sameer Bayya,super,5,0,2026-06-26 04:40:01,19.7.3,1,0.3333333333333333,positive,0,0,0,0,0,0,satisfied,0
aacffa09-c004-49c7-907a-ab2b4fb23e80,Sunita Sen,good,5,0,2026-06-26 04:39:06,18.9.3,1,0.7,positive,0,0,0,0,0,0,satisfied,0
9fc1e153-88a6-4c6e-b900-2652bb6d415e,asclepius wellness official channel,great food point,5,0,2026-06-26 04:32:40,19.7.3,3,0.8,positive,0,0,0,0,0,0,satisfied,0
c0b0e2f5-f8fe-4e1f-bb99-7ed5c3b89c25,Shiv Golu,nice,2,0,2026-06-26 04:32:22,19.7.2,1,0.6,positive,0,0,0,0,0,0,passive,0
d99a4658-e90b-4ce0-93ed-34adb028b572,Shiva Shankar,"I am extremely disappointed with my recent experience using Zomato. I intended to place an order through your platform, where the total price displayed was ₹647. However, I personally visited the same restaurant and purchased the exact same food for only ₹340. A price difference of more than 90% is completely unacceptable and feels like unfair pricing. I understand that delivery platforms may have service charges or restaurant pricing differences, but such a huge markup is unreasonable",1,0,2026-06-26 04:30:48,15.9.5,77,-4.270088556250602e-18,neutral,1,0,0,0,1,0,churned,1
e220fa2d-2f14-48b4-9984-e330222bc7a6,Siddaraju Ks,sup,5,0,2026-06-26 04:26:17,19.7.3,1,0.0,neutral,0,0,0,0,0,0,satisfied,0
4bf0cb91-998f-49c8-87c9-f613d762cb40,Neha Agarwal,"Worst delivery partners, in Assam. Zero responsiveness from the app and the delivery partner. All the help that the app support provides is ' Thank you for your feedback. We sincerely apologize for your experience today and will strive to do better next time.'",1,0,2026-06-26 04:18:47,19.7.3,44,0.0,neutral,1,0,0,1,1,0,churned,1
320a8163-9f89-44df-96ec-5c04b1003c2b,Ramjanam Gautam,nice,5,0,2026-06-26 04:14:54,19.7.3,1,0.6,positive,0,0,0,0,0,0,satisfied,0
42d59a82-04da-48bd-96a0-e85be265dd08,Sadhana Tiwari,Good 👍,5,0,2026-06-26 04:00:01,19.7.3,2,0.7,positive,0,0,0,0,0,0,satisfied,0
950db39a-01b0-46b0-9e22-9779ce4c940f,ŘÄJPÙŤÂÑÃ The home of Lions,now increase more offers and coupons,3,0,2026-06-26 03:53:47,19.6.3,6,0.3,positive,0,0,0,0,0,0,passive,0
3322fc02-87ac-49e3-9f13-16eb8505df24,Rajashree Saha,very nice app,5,0,2026-06-26 03:52:04,19.7.3,3,0.78,positive,0,0,0,0,0,0,satisfied,0
843cf778-27a7-47a1-b31e-e8ce14c39b26,Dr. Sadanand Deshpande,entry of address is complicated. default address is also catched,5,0,2026-06-26 03:51:05,19.7.3,10,-0.5,negative,0,0,0,0,0,0,satisfied,0
116782d0-f1b9-48a5-ba98-42cf09a4beff,Sneha Puram,nice 👍,5,0,2026-06-26 03:49:52,19.7.3,2,0.6,positive,0,0,0,0,0,0,satisfied,0
731d2a9f-5f5e-4172-ac0e-28522f3c3e36,Anil Borse,"worst app, not supportive specially for soldiers who order foods from Zomato from rest of india including J&K for their Family members, and being cheated by restaurant like KFC , and Zomato helps them. it's better try more options available.",1,0,2026-06-26 03:47:41,19.7.0,40,0.08452380952380954,neutral,0,0,0,1,0,0,at_risk,1
42fd7b69-0b16-4b64-beda-b97e7b04fa17,Adris Effendy,helpfull app in india,5,0,2026-06-26 03:46:15,19.7.3,4,0.0,neutral,0,0,0,0,0,0,satisfied,0
1f432b95-1fcb-4617-987c-e65b74ee6945,Nikhat Sayyed,it's a bajat friendly,5,0,2026-06-26 03:42:49,,4,0.375,positive,0,0,0,0,0,0,satisfied,0
5fdf39cc-5626-4b84-bd0b-ba19ceafafc6,Suhail,very bad experience with zomato disgusting app also reference by happy paul,1,0,2026-06-26 03:36:44,19.6.8,12,-0.3699999999999999,negative,0,0,0,0,0,0,passive,0
2134b14c-ffba-47b9-9371-20cfb7446bcf,Tapan Exe,good,5,0,2026-06-26 03:32:18,19.7.2,1,0.7,positive,0,0,0,0,0,0,satisfied,0
174ad388-03a2-48f9-8235-3c5eec45f93a,Mihir Bhadury,good,5,0,2026-06-26 03:31:04,19.6.8,1,0.7,positive,0,0,0,0,0,0,satisfied,0
f58595fa-60de-4afe-b49d-f4b816298da3,Jyotiuikey Jyotiuikey,nice,2,0,2026-06-26 03:27:33,19.7.3,1,0.6,positive,0,0,0,0,0,0,passive,0
3f65513b-bb8a-43b9-b47d-e3c8b8b9a94a,Abir Lal Mondal,"They have no customer support. They only take your money and provide no proper service. If you report an issue in the app, it tells you to email customer care. When you do, the response is extremely slow, and by the time they reply, you've usually given up or forgotten about the issue. Poor support and a frustrating experience.",1,1,2026-06-26 03:26:49,19.7.3,59,-0.225,negative,0,0,1,1,0,0,churned,1
ada772a8-5084-4ebd-b812-9d5405027d72,Gaurav Singh patel,worst customer support,1,0,2026-06-26 03:23:22,19.7.0,3,-1.0,negative,0,0,0,1,0,0,at_risk,1
27048f5d-17fc-44c6-88bc-2a1b4d73f0c4,Tara Devi,good,5,0,2026-06-26 03:08:45,19.7.3,1,0.7,positive,0,0,0,0,0,0,satisfied,0
3ac61b16-a31a-445d-acbc-ead6df274cd6,Lord God,best app food,5,0,2026-06-26 02:56:58,19.7.3,3,1.0,positive,0,0,0,0,0,0,satisfied,0
19496e1b-6230-499d-8f94-32217df14d37,Prince Dhanjal,Good service,5,0,2026-06-26 02:49:58,19.7.3,2,0.7,positive,0,0,0,0,0,0,satisfied,0
7c605d11-ca8e-44ee-bc40-cde64be319c5,clash pirates,"A very bad experience with your customer service, I gave some instructions for my order and the restaurant didn't follow those and send me the regular item which they make, when I complain them they told to report in Zomato, and when I shared my complain in Zomato there is no one who reached out to me or gave replies to my mail. It's a very bad customer experience.",2,0,2026-06-26 02:43:48,19.7.3,69,-0.6066666666666666,negative,0,0,0,0,0,0,passive,0
334aacb1-3280-40e3-a07a-604156434070,Krishnanu Choudhuri,Below average service and no support is being provided when flagging issues.,1,0,2026-06-26 02:43:42,19.7.3,12,-0.15,negative,0,0,0,1,0,0,at_risk,1
fea9fab7-226d-4a5f-8312-b8e3f687ad93,M.D. Harish,good😊,3,0,2026-06-26 02:39:51,19.7.3,1,0.0,neutral,0,0,0,0,0,0,passive,0
8e17d085-d7a5-401b-897d-0a5de72c34a5,Murli Vish,best app,5,0,2026-06-26 02:34:45,19.7.3,2,1.0,positive,0,0,0,0,0,0,satisfied,0
13089929-860e-4494-bf76-5705c2546c1f,Raja prabha Shanmugam,good,5,0,2026-06-26 02:21:45,19.7.3,1,0.7,positive,0,0,0,0,0,0,satisfied,0
15ff4fbe-b456-4061-8103-4459d4f5ae8b,Kt Behera,good,4,0,2026-06-26 02:08:50,19.7.3,1,0.7,positive,0,0,0,0,0,0,satisfied,0
af40b344-b4c3-42e0-972b-0687b9b62428,Shiby Thomas,റേറ്റ് കുറച്ച് ഓവറാ😁 നല്ല ഡെലിവറി🤗 നല്ല ഫുഡ് 😋,5,0,2026-06-26 02:01:48,19.7.3,8,0.0,neutral,0,0,0,0,0,0,satisfied,0
feb24acc-cad7-482c-b160-c18332e1e7b4,M Nisha,comfortable,5,0,2026-06-26 01:52:21,19.7.3,1,0.4,positive,0,0,0,0,0,0,satisfied,0
09501132-b980-4d7f-b30a-8f6eabacfc36,Devendra Mahawar,good,5,0,2026-06-26 01:26:41,19.7.3,1,0.7,positive,0,0,0,0,0,0,satisfied,0
88a0b786-90e9-49e4-b512-1a2fc7c97dd6,Nishant kumar,some order items are some time changed,1,0,2026-06-26 00:35:24,18.8.8,7,0.0,neutral,0,0,0,0,0,0,passive,0
5fc490cd-60c2-46ed-ba6a-1bccdc881d43,Shail Patel,"getting bad day by day , even buying fake reviews , hahahah",1,0,2026-06-26 00:05:16,19.7.3,12,-0.5999999999999999,negative,0,0,0,0,0,0,passive,0
d3ac158e-f3ed-47fb-8b38-0be0c325e931,Ameen Khan,they will not understand our situation and whatever it may be they will not refund even if it is a thousands of rupees once they receive they will not refund. Very worst service ever I face ..I am requesting the food for sehri in the morning which i should complete within 4.26 and food reaching time shows almost the same time but I book before 50 minutes from my sehri time hence i request zomato to cancel the food but they said there is 0 refund that's is I will not get any refund,1,0,2026-06-25 23:21:14,19.7.3,94,-0.3,negative,0,1,1,0,0,0,churned,1
68e1ae8f-1f70-4dd4-86a7-65c3380e80c1,Nikhil Varma,Worst support services.,1,0,2026-06-25 22:22:47,,3,-1.0,negative,0,0,0,1,0,0,at_risk,1
e0883f82-dacc-40f0-abe2-f5fe44cd545e,khaja mohiddin,slow సర్వర్,3,0,2026-06-25 22:19:56,19.7.2,2,-0.30000000000000004,negative,0,0,0,0,0,0,passive,0
2f050430-6c41-4b23-94d9-26daa6774b5a,FreeFire360,I placed multiple orders in a few days and the order was never delivered at my location. When asked to deliver they straight away said either come to their pickup point or cancel the order. very bad service,1,0,2026-06-25 22:12:44,19.7.3,38,-0.22749999999999995,negative,1,1,0,0,0,0,churned,1
ec6ad8a0-75b3-48fc-b569-1bf341d7e7bd,Santhoshkumar S,good 👍,5,0,2026-06-25 22:09:40,19.7.3,2,0.7,positive,0,0,0,0,0,0,satisfied,0
11b30ea0-46fc-49a8-82e4-1670a8fb12bf,Akib ali,Zomato mein bhi restaurant review ka option hona chahie. taki Koi restaurant kharab khana bheje to dusron ka review dekar Koi dusra khana na mangaye Aaj Maine 3:00 ek restaurant se thali mangai uska dahi badbudar roti kacchi I or Jo item thali mein dikhaye the vah nahin the isliye review ka option chalu karo Koi aur agar restauran review aur khane ke bare mein jaan sake Zomato se kafi bar khana Mangaye do teen bar mere Sath aise hua vah bhi late night isliye restaurant review chalu Kare tak,1,0,2026-06-25 22:07:09,19.7.3,90,-0.1875,negative,0,0,0,0,0,0,passive,0
6d289cbb-b767-43c1-925c-3cefc8cf992d,Humera Qureshi,very nice service,5,0,2026-06-25 22:05:32,19.7.3,3,0.78,positive,0,0,0,0,0,0,satisfied,0
891bafb1-f7eb-4369-9d65-0459aa8b9de6,Mohd Sharukh,good,5,0,2026-06-25 21:51:23,19.7.3,1,0.7,positive,0,0,0,0,0,0,satisfied,0
b776ed79-ba9f-4762-965b-e18c3ec68f79,Afraz Mobile,super 👍👍 any time any food 🤤🤤,5,0,2026-06-25 21:48:09,19.7.3,7,0.3333333333333333,positive,0,0,0,0,0,0,satisfied,0
350f3e3c-b91c-49d4-a877-18f0f1a273b5,Kaluram Meena,good,5,0,2026-06-25 21:46:04,19.7.3,1,0.7,positive,0,0,0,0,0,0,satisfied,0
f5edaef8-45ca-4b3f-9f5c-60eeea1fb6f9,Karina,your tax & delivery charges is very high,1,0,2026-06-25 21:43:23,,8,0.20800000000000002,positive,1,0,0,0,1,0,churned,1
1bbdcccf-c76f-4a37-acd9-ca9e37f337bd,Shailesh Kumar,khana thanda mat bhejna pichhli bar ki tarah please request hai apse,5,0,2026-06-25 21:43:15,19.7.3,12,0.0,neutral,0,0,0,0,0,0,satisfied,0
c55db571-41cb-410c-9d9c-77a84abcbf43,FAISAL KHAN,useless,1,0,2026-06-25 21:39:29,19.7.3,1,-0.5,negative,0,0,0,0,0,0,passive,0
8f0ea0ce-4ef7-4973-8bfb-a6e0f6bdec16,nisar ahmed,don't use the app. lot of fake restaurants. zomato support cancelling the orders without any consent,1,0,2026-06-25 21:24:46,,16,-0.5,negative,0,1,0,1,0,0,churned,1
75f6cec0-e475-48d1-ad7b-98cf30aacd84,Saif ali qadri,good aap 😃,5,0,2026-06-25 21:19:50,19.7.3,3,0.7,positive,0,0,0,0,0,0,satisfied,0
986ba491-09dd-46ae-a4aa-2f3ac5084359,Prince Badshah,goood👍,5,0,2026-06-25 21:05:22,19.6.8,1,0.0,neutral,0,0,0,0,0,0,satisfied,0
9d223dfa-764e-4e19-ba15-8c9ff3c45481,Dev Raj,good,5,0,2026-06-25 21:00:04,19.7.3,1,0.7,positive,0,0,0,0,0,0,satisfied,0
24f29c1e-9081-4f60-b4b4-ffe629043ab2,Shahrukh Ansari,good,5,0,2026-06-25 20:59:07,19.7.3,1,0.7,positive,0,0,0,0,0,0,satisfied,0
10e31167-57a6-46ff-bc74-213c6a585e36,Mayur Nagdeve,ni es,1,0,2026-06-25 20:52:21,19.7.3,2,0.0,neutral,0,0,0,0,0,0,passive,0
0006f83f-6037-475d-b5c5-49d611c5c853,Dinesh Dine,good,5,0,2026-06-25 20:49:47,19.7.3,1,0.7,positive,0,0,0,0,0,0,satisfied,0
4cae98c6-abcd-4c7a-a62f-f3240e7acba1,Manishthalor 309,good just order wait fast service,5,0,2026-06-25 20:46:08,19.7.3,6,0.44999999999999996,positive,0,0,0,0,0,0,satisfied,0
90e11c0e-51e3-451b-8524-69283a43661c,Nitish Kumar,good 😊👍,5,0,2026-06-25 20:43:31,19.7.3,2,0.7,positive,0,0,0,0,0,0,satisfied,0
1dc93d8f-2197-42d8-958a-f38cfc91168a,Pushpa Devi,I deaf,5,0,2026-06-25 20:42:12,19.7.3,2,0.0,neutral,0,0,0,0,0,0,satisfied,0
641420aa-c83f-43ab-91e8-d23c57873be4,Yogesh Cool,This is very fast service and I like your 24hr services thank you zomato,5,0,2026-06-25 20:40:26,19.7.3,14,0.26,positive,0,0,0,0,0,0,satisfied,0
e8dc5718-8bec-43b1-89e4-be985f215012,Sharda hospital Lab,🤩,5,0,2026-06-25 20:36:48,19.7.3,1,0.0,neutral,0,0,0,0,0,0,satisfied,0
9b074969-144d-41f5-8142-f0413f32a8cf,MOHIT GUPTA,extremely disappointed dikhate kuch or hai bhejte kich or hai kisi bhi aire gere ko vender bna lete hai zometo wale fraud pizzalicious jhilmil colony c 78 delhi 95 se order kiya zometo ke thrue 429 ka order aya or order aisa koi ise 50 rs me bhi na le jese kisi rehdi wale se mangaya ho na koi bill na koi packeging branding na same item jo Ometo pe listed hai fraud hai ye haram ke paise kamane wale salo tumhe pichwade se niklenge ye 429 rs kanjaro,1,0,2026-06-25 20:34:50,19.7.3,89,-0.375,negative,0,0,0,0,0,0,passive,0
aaf4531c-8956-46e4-a185-2ac9a088c970,Amit Singh,good,5,0,2026-06-25 20:33:30,18.5.5,1,0.7,positive,0,0,0,0,0,0,satisfied,0
f973d418-506a-4087-85e0-c2947ce11d4e,Krish Batra,nic,5,0,2026-06-25 20:29:44,19.7.0,1,0.0,neutral,0,0,0,0,0,0,satisfied,0
26877a2f-41f3-47b0-b288-386c10146094,A T,Best food delivery,5,0,2026-06-25 20:29:04,19.7.3,3,1.0,positive,1,0,0,0,0,0,satisfied,0
14ab9f8b-70f0-43cd-928b-2911f55b0403,Rajendra Yadav,👋,5,0,2026-06-25 20:23:04,19.6.8,1,0.0,neutral,0,0,0,0,0,0,satisfied,0
611f2c1f-571a-4f05-aa9e-f473f4df6ca8,anitha bhukya123,okay,2,0,2026-06-25 20:22:04,,1,0.5,positive,0,0,0,0,0,0,passive,0
cfc894f7-2e01-4dd4-9667-9d4c4b05e366,Santosh Bakhalkiya,very bad please not use Zomato I am like for swiggy very very very bad Zomato,1,0,2026-06-25 20:15:46,19.6.8,16,-0.9099999999999998,negative,0,0,0,0,0,0,passive,0
d6903671-2cdf-4cf8-81d0-ad77f1ce3603,Sandeep Gupta,good,5,0,2026-06-25 20:15:08,19.7.3,1,0.7,positive,0,0,0,0,0,0,satisfied,0
c3625787-3f5c-4de6-a9a4-b3258ae5d22d,Raju saho,nice job,5,0,2026-06-25 20:07:57,19.7.3,2,0.6,positive,0,0,0,0,0,0,satisfied,0
05a554b1-5caf-475c-aad2-048279c98cb7,Nida Khan,good service,5,0,2026-06-25 20:07:19,19.7.3,2,0.7,positive,0,0,0,0,0,0,satisfied,0
b4e1d482-edf6-4e6a-9359-eb08e2d0d8d0,Vaseem Khan,Good,5,0,2026-06-25 20:06:45,19.7.3,1,0.7,positive,0,0,0,0,0,0,satisfied,0
805def6c-a456-4fc3-b4f5-a988bdc163e4,Gagan Dharwaiya,good 👍,5,0,2026-06-25 20:04:37,19.7.3,2,0.7,positive,0,0,0,0,0,0,satisfied,0
73529f53-3282-4061-bdd9-9b4ef37901dd,Jaismeen,The best option to try food sites in the home,5,0,2026-06-25 19:59:46,19.7.3,10,1.0,positive,0,0,0,0,0,0,satisfied,0
f851bceb-8377-49a1-9b17-a62064b4ff5d,Prvin Singh,very good app,5,0,2026-06-25 19:56:11,19.7.3,3,0.9099999999999999,positive,0,0,0,0,0,0,satisfied,0
d1af1a5f-15e2-4cd4-93de-4597a9ffe4ac,Abhi salve,nice,5,0,2026-06-25 19:51:42,19.7.3,1,0.6,positive,0,0,0,0,0,0,satisfied,0
cc0a9607-7c7e-4230-972b-2f6826784044,Jack Jeffrin,nice,5,0,2026-06-25 19:46:52,19.7.3,1,0.6,positive,0,0,0,0,0,0,satisfied,0
913121a2-1138-4c9c-9996-4b6c75ac4de3,Dj Saikia,very high price,2,0,2026-06-25 19:46:39,19.7.3,3,0.20800000000000002,positive,0,0,0,0,1,0,at_risk,0
4c19b8cd-d4f3-4fef-a030-577eae7a2f0e,Manish Yadav Ji,nice,5,0,2026-06-25 19:42:42,19.7.3,1,0.6,positive,0,0,0,0,0,0,satisfied,0
bd85ae8a-5110-4898-b4f6-6999e6a531cc,Md omer Md omer,nice aap,5,0,2026-06-25 19:41:07,19.7.2,2,0.6,positive,0,0,0,0,0,0,satisfied,0
5d7f4f62-9665-4d56-9287-221d16d27624,Deepali Gawas,Better to buy offline if an emergency thn only now restaurant taste not exactly what we want ...bad experience 12am they do anything n give .....local restaurant specially......,1,0,2026-06-25 19:40:09,,28,0.1830357142857143,positive,0,0,0,0,0,1,at_risk,1
c23281d4-979f-42b9-8803-b5c39bb965e9,Sourabh Rehani,slowest delivery my order was delivered in 45 mins and the restaurant is 700 metres away so this is one of the worst delivery app and also i have already seen a instance with myself wherein delivery boy have eaten the order and no body took the responsibility from Zomato,1,0,2026-06-25 19:38:06,19.7.3,50,-1.0,negative,1,0,0,0,0,0,at_risk,1
779b7a87-ba4b-4c5c-8132-f7956d81c209,Sudhanshu,worst service experience..very disappointed didn't get my refund on wrong delivered order,1,0,2026-06-25 19:34:23,,12,-0.75,negative,1,0,1,0,0,0,churned,1
18abb1e3-f9fd-4233-9c8e-f13e013e01e1,shankar yadav,Nice,5,0,2026-06-25 19:31:19,19.7.3,1,0.6,positive,0,0,0,0,0,0,satisfied,0
ee1bfd85-4ce2-4b45-b14d-60dbe1b67d1d,Ansh Maurya,tel,5,0,2026-06-25 19:28:40,19.7.3,1,0.0,neutral,0,0,0,0,0,0,satisfied,0
7f06fab1-5fd9-4324-a296-3ae04f0a0453,nirmal bharvad,good,5,0,2026-06-25 19:27:38,19.4.7,1,0.7,positive,0,0,0,0,0,0,satisfied,0
89a4c612-5d4b-4a10-93a3-45177e5879a5,Mukul Bangare,exlent,5,0,2026-06-25 19:25:39,19.7.3,1,0.0,neutral,0,0,0,0,0,0,satisfied,0
04e513be-6351-4d98-87a5-536caf565685,Himanshu Boss,Hisar Domino's ise fake koi bhi raat ko phone nahin uthata meri mummy ne mana kar diya kuchh kuchh complaint Na Karo fake delivery,5,0,2026-06-25 19:22:45,19.7.3,24,-0.43333333333333335,negative,1,0,0,0,0,0,satisfied,0
3fc1b32a-92e2-46df-890d-867c7fac704a,Shail Patel,I love zomato,3,0,2026-06-25 19:15:36,19.7.0,3,0.5,positive,0,0,0,0,0,0,passive,0
5bb46a1b-b891-4fbf-9d7a-a0f6d0de7c55,Diksha Tiwari,👍👍,5,0,2026-06-25 19:14:36,19.7.3,1,0.0,neutral,0,0,0,0,0,0,satisfied,0
7f819df9-94c4-48c1-a721-fa42b484f9c1,Hansa Katara,odar kre,1,0,2026-06-25 19:13:08,19.7.3,2,0.0,neutral,0,0,0,0,0,0,passive,0
76e0599e-d605-4f08-86cd-2f848bcfacf6,Samir Darjee,good,5,0,2026-06-25 19:12:49,19.7.3,1,0.7,positive,0,0,0,0,0,0,satisfied,0
f8302dd6-0182-4f50-b2cc-777d3aad0e47,Jasveer Singh,very good,5,0,2026-06-25 19:09:04,19.7.3,2,0.9099999999999999,positive,0,0,0,0,0,0,satisfied,0
92b64753-b90e-4511-88f4-72880bcd936e,Rakesh Kumar,very veri nice Zomato,5,0,2026-06-25 19:07:10,19.7.3,4,0.4,positive,0,0,0,0,0,0,satisfied,0
aa99ee94-5a13-4cc9-899b-cc9b02ff432e,Bhavesh Parmar,offer are limited,3,0,2026-06-25 19:03:38,,3,-0.07142857142857142,neutral,0,0,0,0,0,0,passive,0
6f93b5cc-734a-48a4-ba6f-8adc26f560ac,Krishna Kushal,good,5,0,2026-06-25 19:03:12,19.7.3,1,0.7,positive,0,0,0,0,0,0,satisfied,0
e1c194c8-7f8d-4429-bf9f-76ee6aabdf95,Madhu Nag,thank you,5,0,2026-06-25 19:01:56,19.7.3,2,0.0,neutral,0,0,0,0,0,0,satisfied,0
07fe327a-415e-4b4c-b7b1-e93f48855b9c,Akhilesh Gupta,good,5,0,2026-06-25 19:01:20,19.7.3,1,0.7,positive,0,0,0,0,0,0,satisfied,0
580d6eb6-fd62-466b-8e19-08f68340f5c1,Amrit Jalleh,good,4,0,2026-06-25 19:00:58,19.7.3,1,0.7,positive,0,0,0,0,0,0,satisfied,0
8b0b87c3-c744-442d-ad97-56f37b643a73,Rajlalan Singh,😍,5,0,2026-06-25 19:00:11,,1,0.0,neutral,0,0,0,0,0,0,satisfied,0
592ffdd4-a227-40f3-83f5-86f3f9e5ad85,Mahesh Mahi,good,5,0,2026-06-25 18:56:55,19.7.3,1,0.7,positive,0,0,0,0,0,0,satisfied,0
a26fab23-badb-457b-8cb0-bb6ba8471647,Vivek Mohurle,The delivery boy was good. before time he delivered food.,5,0,2026-06-25 18:55:53,19.7.2,10,0.7,positive,1,0,0,0,0,0,satisfied,0
70c65c6e-57e4-476d-a95a-116f2b3f42c5,Prasenjit Barman,good app,3,0,2026-06-25 18:53:29,19.7.3,2,0.7,positive,0,0,0,0,0,0,passive,0
63378036-10a4-4202-9df8-80b34e8312ce,jayanti chauhan,so beautiful,5,0,2026-06-25 18:53:26,19.7.3,2,0.85,positive,0,0,0,0,0,0,satisfied,0
25d1c448-022a-4237-8971-9c5020798a3c,Ayush Kumar,🥰🥰🥰🫶🏼🫶🏼🫶🏼👌🏼👌🏼👌🏼👌🏼,5,0,2026-06-25 18:53:24,19.7.0,1,0.0,neutral,0,0,0,0,0,0,satisfied,0
565e2024-1c45-4ee2-a3d2-37e3bd115fa6,Paresh Bharadwa,mast,5,0,2026-06-25 18:52:58,19.7.3,1,0.0,neutral,0,0,0,0,0,0,satisfied,0
c6c2d5a9-d6d3-406b-b330-09542c4b681e,yachna sharma,delivery partner service is low,4,1,2026-06-25 18:51:37,19.7.3,5,0.0,neutral,1,0,0,0,0,0,satisfied,0
3db2026c-0257-423e-99b2-e170d90350dd,Suraj kumar Thakur,you are accepted my order and after that your delivery agent call me that I am unable to come at your address. if you able to come 1 km then I am delever your parcel.. very rude behaviour... Disappointed,1,0,2026-06-25 18:51:15,19.7.2,39,-0.28500000000000003,negative,1,0,0,1,0,0,churned,1
c93f2062-c2b0-42b6-8e13-6f6a519ca590,Sujit Bhagwat Deshmukh,nice,5,0,2026-06-25 18:50:32,19.7.3,1,0.6,positive,0,0,0,0,0,0,satisfied,0
63be5c30-fee2-4f40-b18f-4137257fb894,Husnu,the most outstanding application available on the market.,5,0,2026-06-25 18:49:27,19.7.3,8,0.4666666666666666,positive,0,0,0,0,0,0,satisfied,0
845f8cc9-3794-4ce3-bac7-6c33d94d0c54,DEEP INDUSTRIAL SERVICES,very good 👍,5,0,2026-06-25 18:45:26,19.7.3,3,0.9099999999999999,positive,0,0,0,0,0,0,satisfied,0
a0a38899-5088-4bf6-a777-9a5513886307,Rohit YADAV,nice,5,0,2026-06-25 18:45:08,19.7.3,1,0.6,positive,0,0,0,0,0,0,satisfied,0
359aa0f5-3ba9-450b-afa6-ab97ef3580fd,Sanju Meena,👍🏻👏🏻,3,0,2026-06-25 18:43:30,19.7.3,1,0.0,neutral,0,0,0,0,0,0,passive,0
bb91b1ee-c77a-443f-a089-9019ab403e39,Jaspreet Kaur,v good,5,0,2026-06-25 18:40:34,18.1.1,2,0.7,positive,0,0,0,0,0,0,satisfied,0
1d82791c-260d-49a0-95ff-5156892e5057,Deepu Kumar,better,5,0,2026-06-25 18:39:23,19.7.3,1,0.5,positive,0,0,0,0,0,0,satisfied,0
6ba5183c-18ae-452b-b075-0835c9e48e8d,Shravan Srivastava,good,1,0,2026-06-25 18:39:13,19.7.3,1,0.7,positive,0,0,0,0,0,0,passive,0
cb044fc0-28e9-4bf7-8d6a-dddf986d61a4,Rahul Singh,good,5,0,2026-06-25 18:38:57,19.7.2,1,0.7,positive,0,0,0,0,0,0,satisfied,0
56517dde-e95b-4c43-8622-124609337dbe,Akshid Vaidya,what ar service 👏,5,0,2026-06-25 18:34:40,19.7.3,4,0.0,neutral,0,0,0,0,0,0,satisfied,0
a1e788ff-d081-4c62-b489-da0bdf3a367c,Kathi Aishwarya Goud,good,3,0,2026-06-25 18:32:23,19.6.8,1,0.7,positive,0,0,0,0,0,0,passive,0
a5e831d0-2cfa-4038-9700-10c2d3074fdf,Tanya Chaudhary,good,5,0,2026-06-25 18:32:14,19.7.3,1,0.7,positive,0,0,0,0,0,0,satisfied,0
85ef98a8-1e11-4f12-b1bc-c786fbf781b7,Anuj kumar Ojha,church gagillapur,5,0,2026-06-25 18:30:27,19.7.3,2,0.0,neutral,0,0,0,0,0,0,satisfied,0
088f64eb-a098-4cd8-9e9b-0694edd363ef,Subhrajyoti Roy,Fraud App. Worst Support System. Only Bot Response.,1,1,2026-06-25 18:28:49,19.7.3,8,-0.5,negative,0,0,0,1,0,0,at_risk,1
ce94d195-10ec-47c2-b3e0-4a1aa49410e3,Lucky Goswami,good,1,0,2026-06-25 18:27:29,19.7.3,1,0.7,positive,0,0,0,0,0,0,passive,0
d937deac-d8c7-4d99-94ed-516729897942,Ratan Sen,nice 👍,5,0,2026-06-25 18:27:11,19.7.3,2,0.6,positive,0,0,0,0,0,0,satisfied,0
6d407055-bca6-4d2e-bbf1-85ec22d59a0c,surendra kodali,The app sucks it sometimes doesnt show even one hotel suddenly shows that one again this app isnt working good after update and recently the orders are not even delivered and after 2 hrs only u cant even cancel and claim refund,1,0,2026-06-25 18:25:51,19.7.3,42,0.07999999999999999,neutral,1,1,1,0,0,0,churned,1
e9442470-7233-4503-9a46-da76f8a0f25b,Shuvam ojha,excellent,5,0,2026-06-25 18:23:24,19.7.3,1,1.0,positive,0,0,0,0,0,0,satisfied,0
4c6c256e-ad6a-45b5-b2c2-171ed84badcf,Ritesh Kumar,"I reported stale, sour, and potentially spoiled food. Your investigation was to ask the restaurant whether they followed their standards, and when they said ""yes,"" you closed the case and denied a refund. That's not an investigation—it's a formality. Customers pay Zomato expecting food safety and accountability, not excuses and copy-paste responses. If restaurants are treated as the final authority on complaints against themselves, what protection do customers actually have?",1,0,2026-06-25 18:19:00,,70,-0.125,negative,0,0,1,0,0,1,churned,1
ea3fc5f4-949b-4e10-b21d-581bd96c23c7,Pingal Pradeep,expensive extra charges,1,0,2026-06-25 18:18:56,19.7.3,3,-0.25,negative,0,0,0,0,1,0,at_risk,1
a0f87205-9dfc-420f-a1c2-b6e40f30479d,tushar singhal,good 👍,5,0,2026-06-25 18:18:34,19.5.8,2,0.7,positive,0,0,0,0,0,0,satisfied,0
046ae4b5-942f-4e65-a5a6-cdf9d6207cda,Rafikkhan Singhal,nice ok,5,0,2026-06-25 18:18:32,19.7.3,2,0.55,positive,0,0,0,0,0,0,satisfied,0
cda0d45f-eeab-444d-9757-63a519841100,Poonam Admane,good way to convey,5,0,2026-06-25 18:13:35,19.3.7,4,0.7,positive,0,0,0,0,0,0,satisfied,0
eae1b97d-ff90-472b-92ac-08b1e51e9421,Akshat Kuswha,good,5,0,2026-06-25 18:11:23,19.7.3,1,0.7,positive,0,0,0,0,0,0,satisfied,0
2c705ab2-2aae-4c83-b062-3f07c1e5f7ed,Aston gonsalves,very worst rate is very high,1,0,2026-06-25 18:09:35,19.7.0,6,-0.396,negative,0,0,0,0,0,0,passive,0
6c07c0aa-dc29-4bf3-8493-98a6c65e9964,Junaid Ansari,Nice,4,0,2026-06-25 18:08:46,19.7.3,1,0.6,positive,0,0,0,0,0,0,satisfied,0
26438c48-48f5-4707-9c6f-ead743957516,Pradeep Karsh,This is Good App Eating On Emargency ❤️‍🩹,5,0,2026-06-25 18:07:42,,8,0.7,positive,0,0,0,0,0,0,satisfied,0
76f829ba-4d7b-44e4-b7ac-e9072d38be2f,Mohammad Asif Gouri,good 👍,5,0,2026-06-25 18:06:53,19.7.3,2,0.7,positive,0,0,0,0,0,0,satisfied,0
de21b350-1369-47b1-8094-91132992ff55,anji pidamarthi,nice,5,0,2026-06-25 18:05:32,19.7.3,1,0.6,positive,0,0,0,0,0,0,satisfied,0
915ec2a1-9e7e-401a-966d-cb00ec46729b,Vinay Kumar,good,5,0,2026-06-25 18:00:23,19.7.3,1,0.7,positive,0,0,0,0,0,0,satisfied,0
6b10a4b2-0037-49ef-9c74-4836363a04c2,Het Ladani,"very bad experience because first of all your app has an serious issue like the distance of the restaurant from home is written in corner in very small number , now we order we don't see and the cancel order btn is the show pice only because when i try to cancel the order the computer generated and was displayed again and again and if that was not computer generated then the person was very bad because we directly request for the cancel at the same minute of order then also it doesn't cancel",1,0,2026-06-25 17:58:59,19.7.3,94,-0.2660416666666666,negative,0,1,0,0,0,0,at_risk,1
554ee786-f500-45c8-b2ad-771c0631acbf,Durlov Khamun,good,5,0,2026-06-25 17:55:29,19.7.3,1,0.7,positive,0,0,0,0,0,0,satisfied,0
1ae47b8e-a843-4364-b60c-0e4dec2323c8,Mukul Taneja,This application is amazing 🤩,5,0,2026-06-25 17:55:11,19.7.3,5,0.6000000000000001,positive,0,0,0,0,0,0,satisfied,0
d001a6cb-c881-4d4f-aa36-75f309a2a109,Chiranjeevi Nagireedy,super,5,0,2026-06-25 17:54:10,19.7.3,1,0.3333333333333333,positive,0,0,0,0,0,0,satisfied,0
f64c723d-a333-48c0-bef6-1ab895fd3b62,Arun Arun,Arun Aru,5,0,2026-06-25 17:51:55,19.7.0,2,0.0,neutral,0,0,0,0,0,0,satisfied,0
59599543-9ab0-4b27-ada4-1cf1afb300da,Ravali Bhukya,Good,5,0,2026-06-25 17:50:04,19.6.2,1,0.7,positive,0,0,0,0,0,0,satisfied,0
4ea2aec9-245c-4263-87f6-71b3b62633ba,AAKASH SHARMA,best one,5,0,2026-06-25 17:49:09,19.5.9,2,1.0,positive,0,0,0,0,0,0,satisfied,0
fe6ab638-2de9-4489-8502-46a8cd4cb4ae,Shalu Rana,rate was so high,1,0,2026-06-25 17:47:14,19.7.3,4,0.16,positive,0,0,0,0,0,0,passive,0
692e565a-2875-4129-8717-826957becdbe,Anvita Baisane,good,5,0,2026-06-25 17:46:59,19.7.3,1,0.7,positive,0,0,0,0,0,0,satisfied,0
6eeffcf7-1e06-4a82-8f3b-d8ad543b18fa,Manuj Sharma,Excellent,5,0,2026-06-25 17:46:27,19.7.3,1,1.0,positive,0,0,0,0,0,0,satisfied,0
9d8e8571-b27c-45a1-aee3-421f603433c1,Sajan Joshi,thank you,5,0,2026-06-25 17:43:45,19.7.3,2,0.0,neutral,0,0,0,0,0,0,satisfied,0
298e8840-6bc2-4bbc-a158-ca401f04ad40,Abhishek R,recieved wrong item but didn't get any proper response from Zomato. very disappointed with zomato,1,0,2026-06-25 17:43:17,19.7.3,15,-0.4916666666666667,negative,0,0,0,0,0,0,passive,0
bcdbb785-7468-4004-ba6e-093598ed5e08,Shaider Ali,good,5,0,2026-06-25 17:42:50,19.7.3,1,0.7,positive,0,0,0,0,0,0,satisfied,0
a0408e4f-2233-4af2-826a-87c060078913,Saurabh Prajapati,Worst app. Jab bhi order karo inke pass delivery partner hi nahi hote hai aur jo hote hai unko restaurant hi nahi milta,1,0,2026-06-25 17:42:13,19.7.3,23,-1.0,negative,1,0,0,0,0,0,at_risk,1
10563265-c6fd-4353-a5e5-1a7b00691c35,Sudhir Kumar,good app,5,0,2026-06-25 17:41:54,19.6.8,2,0.7,positive,0,0,0,0,0,0,satisfied,0
53d651d5-b7b6-436e-bcf2-54434c2a85aa,Mangesh Rege,good,5,0,2026-06-25 17:41:02,19.7.3,1,0.7,positive,0,0,0,0,0,0,satisfied,0
9562f8f1-66f2-46b0-b81a-0921fd9923cb,Jaykumar Deshmane,better,3,0,2026-06-25 17:40:34,19.7.3,1,0.5,positive,0,0,0,0,0,0,passive,0
f24e4784-313d-4810-b8ec-67dce145b9dd,Rupa Roy,They stole my order. Complaining was of no use.,1,0,2026-06-25 17:39:48,,9,0.0,neutral,0,0,0,0,0,0,passive,0
1b0de134-5a05-41f3-a0c1-898698b789d5,Neha Kanaujia,my experience so dirty in my location Farrukhabad Uttar Pradesh (209625) I m facing issue many time the delivery partner not respond any call and no help with zomato help desk many time delay delivery by the delivery partner and rude behaviour please cheak tha location,1,0,2026-06-25 17:37:46,19.7.3,46,0.02500000000000001,neutral,1,0,0,0,0,0,at_risk,1
5f1e3f45-3a1b-4920-98bd-ffc0d6702d94,FAKIR CHAND,very bad experience with zomato now a days order was late and agent was very rude I thing this app banned by the govt.very disgusting service of the zomato,1,0,2026-06-25 17:36:46,19.7.0,29,-0.6499999999999999,negative,0,0,0,1,0,0,at_risk,1
e42ac143-e268-482e-bfd5-bf27ac50b2a3,Karan Shinde,nice,5,0,2026-06-25 17:36:19,19.5.9,1,0.6,positive,0,0,0,0,0,0,satisfied,0
abc8ad14-6b3f-49ea-821b-3a4e306f3c41,Vaibhav Lashkari,good,5,0,2026-06-25 17:36:13,19.7.3,1,0.7,positive,0,0,0,0,0,0,satisfied,0
29c51d7b-1df0-4b3d-ab20-51526da3d3fc,Arjun Waddar,good👍,5,0,2026-06-25 17:35:48,19.7.3,1,0.0,neutral,0,0,0,0,0,0,satisfied,0
e6062412-b433-4184-91ca-624ed18d1769,Official Param,nic,5,0,2026-06-25 17:35:42,19.7.3,1,0.0,neutral,0,0,0,0,0,0,satisfied,0
126440b0-4029-4f3a-ba65-4dd2aeb1b5b8,harinath reddy,worst delivery service and customer care,1,0,2026-06-25 17:35:16,,6,-1.0,negative,1,0,0,1,0,0,churned,1
f8aa8572-9ead-44ca-af84-f838d8519b2e,Neetu Kumre,ok,5,0,2026-06-25 17:28:20,19.7.3,1,0.5,positive,0,0,0,0,0,0,satisfied,0
6625bdc2-14aa-46b6-bda4-be2b5cfbc12f,Abhi Pathak,"This is the worst app I have ever used. Neither is the service good, nor is there any way to contact them, and no one replies to emails either.""",1,0,2026-06-25 17:28:10,,29,-0.15000000000000002,negative,0,0,0,0,0,0,passive,0
04e72ebe-9e5a-4a22-b112-939ed3256b46,Manoj Pandey,nice,5,0,2026-06-25 17:28:03,19.7.3,1,0.6,positive,0,0,0,0,0,0,satisfied,0
992cf855-9e7b-4347-b3ea-93380e8ccdc9,Anant Deepsy,good,5,0,2026-06-25 17:26:49,19.7.3,1,0.7,positive,0,0,0,0,0,0,satisfied,0
c492cd10-d6d7-477d-acef-8eb470d44a7a,Aniket Geeta,very good,5,0,2026-06-25 17:25:20,19.7.3,2,0.9099999999999999,positive,0,0,0,0,0,0,satisfied,0
3855cb0b-84cd-4d8f-91d0-eaeb4d647f94,Naushad Poonawala,very useful app,5,0,2026-06-25 17:25:10,19.7.3,3,0.39,positive,0,0,0,0,0,0,satisfied,0
f88f88e2-35f1-43b0-90ad-e1871e8c6805,Amit Kumar,good,5,0,2026-06-25 17:23:56,19.7.3,1,0.7,positive,0,0,0,0,0,0,satisfied,0
b7556494-fc99-4985-bde5-0cce5b77e236,math by Hawasingh Gujjar,thankyou,5,0,2026-06-25 17:23:19,19.7.3,1,0.0,neutral,0,0,0,0,0,0,satisfied,0
568ce365-ddf4-4238-b314-f63e1d00b314,Shrutika Hankare,very good,5,0,2026-06-25 17:22:03,19.7.3,2,0.9099999999999999,positive,0,0,0,0,0,0,satisfied,0
a8a94a68-af72-4a89-a4a4-d14f234cd862,Rayees Alam,best biryani,5,0,2026-06-25 17:21:33,19.7.3,2,1.0,positive,0,0,0,0,0,0,satisfied,0
9cbd43c8-3a6e-44a1-9de4-222bdc33f045,Ramendar Choudhary,"I ordered food from Zomato on the train.I had ordered food 4 hours ago. Even after 4 hours when my train arrived at the railway station, the food was not picked up from the restaurant. Then I called Zomato and asked why my food was not picked up from the restaurant yet.Zomato said that our delivery partner's bike had broken down, my train had already arrived at the railway station, even after that they did not arrange another delivery partner, the train departed and then they arranged for anothe",1,0,2026-06-25 17:20:23,19.7.3,89,-0.2777777777777778,negative,1,0,0,0,0,0,at_risk,1
fe20b48e-1ffb-4b15-9b66-f0299e2f819f,John Pothala,non stop ads ..as it my fone is slow .stop spamming paying customers,1,0,2026-06-25 17:18:48,19.3.4,13,-0.30000000000000004,negative,0,0,0,0,0,0,passive,0
b9abd32e-8c79-4174-ab05-488623fdba70,Ravi Kiran,nice 👍🏻,5,0,2026-06-25 17:18:17,19.7.3,2,0.6,positive,0,0,0,0,0,0,satisfied,0
b4eac6ac-6ee0-4bf7-a66d-b58d80906cc5,Priyanshi Chauhan,best for you and me means to everyone...🤭🤭,4,0,2026-06-25 17:17:10,19.7.3,8,1.0,positive,0,0,0,0,0,0,satisfied,0
f9353711-3e79-4059-98c8-6c83f28609f0,Anil Parihar,good,3,0,2026-06-25 17:16:23,,1,0.7,positive,0,0,0,0,0,0,passive,0
4ca8e7bf-d876-43d0-9d1b-16edbe00f5fc,Aslam Khan,nice work,5,0,2026-06-25 17:16:22,19.7.3,2,0.6,positive,0,0,0,0,0,0,satisfied,0
ef8adb34-dd94-436d-ba09-c1f9503eb39f,Dream food Bank,poor customer support,3,0,2026-06-25 17:15:59,,3,-0.4,negative,0,0,0,1,0,0,at_risk,0
54f1e1de-ad7a-417f-ac12-c5bd6a09709b,Janu Pandey,good,5,0,2026-06-25 17:12:44,19.7.3,1,0.7,positive,0,0,0,0,0,0,satisfied,0
a2e3a5ae-d8ed-4b6f-8b03-5cbd4955e516,Manoj Kumar,good,4,0,2026-06-25 17:11:56,19.7.0,1,0.7,positive,0,0,0,0,0,0,satisfied,0
b664017f-e18b-4964-ba0a-df1076200d12,cute munda deoli,best delivery best food,5,0,2026-06-25 17:11:54,19.7.0,4,1.0,positive,1,0,0,0,0,0,satisfied,0
22d1d804-b73b-453f-a96c-d1bf02a848aa,SOURABH SINGH,good service,5,0,2026-06-25 17:11:49,19.7.3,2,0.7,positive,0,0,0,0,0,0,satisfied,0
d58ef9db-76a8-40a5-84f4-392b183b77b8,Ajay singhania,good platform,5,0,2026-06-25 17:10:35,19.7.3,2,0.7,positive,0,0,0,0,0,0,satisfied,0
647c8b7c-c8da-419f-9c8e-0b1597459879,Nirjhal Guru,good,5,0,2026-06-25 17:09:46,19.7.3,1,0.7,positive,0,0,0,0,0,0,satisfied,0
11420778-a993-4140-9b98-e9a210b2b59d,Sachu Sachu,😊,5,0,2026-06-25 17:09:41,19.7.2,1,0.0,neutral,0,0,0,0,0,0,satisfied,0
4499ef84-039a-4dc4-ad94-1a1f1c18b9f8,prudvi raj,good 👍,5,0,2026-06-25 17:09:19,19.6.2,2,0.7,positive,0,0,0,0,0,0,satisfied,0
6add310e-bcee-492e-ae83-1c5ec6f10656,Mohammad Ali,best,3,0,2026-06-25 17:07:32,19.7.2,1,1.0,positive,0,0,0,0,0,0,passive,0
f3d9e76f-1f41-4a5c-ad5f-a8067f2fbcf9,Aman Kashyap,Fraud company your delivery boy stolen my food items. and zomato company stolen my money,1,0,2026-06-25 17:07:22,19.7.3,15,0.0,neutral,1,0,1,0,0,0,churned,1
88c60e3f-1406-4726-8c4b-9fe2ab93f744,Naim Khan,amazing work,4,0,2026-06-25 17:04:45,19.7.3,2,0.6000000000000001,positive,0,0,0,0,0,0,satisfied,0
dbede0f9-c736-4966-beea-8dfecf0d725a,Jagan Punith,good,5,0,2026-06-25 17:01:13,19.7.3,1,0.7,positive,0,0,0,0,0,0,satisfied,0
e8587655-7d1d-418d-8ae6-953a6ff3d533,Danish khan,crispy chicken mangwaya sada hua chicken se bnakr de diya tha al baik walo ne pura ka pura fekaya,1,0,2026-06-25 16:59:40,19.7.3,19,-0.6,negative,0,0,0,0,0,0,passive,0
b2074ca1-f9de-4215-a051-f8eb6add786e,Shreya C,thank you zomato,5,0,2026-06-25 16:59:14,19.7.2,3,0.0,neutral,0,0,0,0,0,0,satisfied,0
5509ec1a-ac59-41f0-8870-a97a76432226,Hemen Kalita,Too much extra charges..l,1,0,2026-06-25 16:58:23,19.6.3,4,0.0,neutral,0,0,0,0,1,0,at_risk,1
8bc99ae9-5af3-4044-b2c2-9aef41baec24,Vivek Kumar,abe jaldi nahi ata he khana kis kam ka he ye app fir,1,0,2026-06-25 16:54:44,19.7.3,13,0.0,neutral,0,0,0,0,0,0,passive,0
aaa85d54-a00b-4cdc-bbb9-4b92f14a3f3a,Devils Boss,osam,5,0,2026-06-25 16:54:27,19.7.3,1,0.0,neutral,0,0,0,0,0,0,satisfied,0
bb13394e-b9b6-4932-aa0d-05cef1f9d289,Khanitha 30,good,5,0,2026-06-25 16:53:22,19.7.3,1,0.7,positive,0,0,0,0,0,0,satisfied,0
52337962-9966-4c6d-bbf5-809d0440c360,Jayveer Rajawat,no need,5,0,2026-06-25 16:52:57,19.7.3,2,0.0,neutral,0,0,0,0,0,0,satisfied,0
53ba1af0-3e05-445d-b5dd-cbfb5b5b2f17,Santosh Goswami,ok,5,0,2026-06-25 16:49:49,19.7.3,1,0.5,positive,0,0,0,0,0,0,satisfied,0
4ef4df4c-d362-47ca-8e1c-8d11bb6ccfd7,Nikhil Kumar,Your customer support is a big fat joke.,1,0,2026-06-25 16:49:43,,8,0.0,neutral,0,0,0,1,0,0,at_risk,1
a05a6942-808c-4dce-9437-39fdceacd8c6,Khushi kumari,i ordered paneer tikka masala and i got paneer chilli,3,0,2026-06-25 16:49:29,19.7.2,10,0.0,neutral,0,0,0,0,0,0,passive,0
4ff87453-035e-4d30-9b8a-951f148a0780,YESUNADHA REDDY KONDA,very nice,5,0,2026-06-25 16:49:20,19.7.3,2,0.78,positive,0,0,0,0,0,0,satisfied,0
03acb563-d546-411e-8df3-37099d73e479,Dr. Ankur Saxena,awesome,5,0,2026-06-25 16:48:43,19.7.3,1,1.0,positive,0,0,0,0,0,0,satisfied,0
3321865b-4f97-4fc2-810a-e931d96a7e43,javed javed,it's to more cost of delivery and product,1,0,2026-06-25 16:47:32,19.7.2,8,0.5,positive,1,0,0,0,0,0,at_risk,1
2edef26e-1f56-4cc7-afc3-5e21775ab66d,Chandan Kumar,nice,4,0,2026-06-25 16:47:16,19.7.3,1,0.6,positive,0,0,0,0,0,0,satisfied,0
71d95a2b-d67a-425c-a8ef-7cc67643bbc2,Ankit Virat,very high rate But Good delivery,4,0,2026-06-25 16:44:47,,6,0.45399999999999996,positive,1,0,0,0,0,0,satisfied,0
37c88f05-ec8f-42c5-88ce-c728b66b4db6,Ismail Iyaas,good,3,0,2026-06-25 16:44:33,19.7.3,1,0.7,positive,0,0,0,0,0,0,passive,0
82bc1265-f884-4676-b3bd-cc0218c72913,Kishan Prajapat,fast delivery,5,0,2026-06-25 16:43:38,19.7.3,2,0.2,positive,1,0,0,0,0,0,satisfied,0
d223458f-1c8c-4a1c-8ef0-072106a36f8a,Pratik Naikwadi,😊,5,0,2026-06-25 16:43:06,,1,0.0,neutral,0,0,0,0,0,0,satisfied,0
e84b6bff-8570-4ca3-b891-da2cc35ef54e,Srinidhi E,"They send wrong food or missing food items and then when we try to contact support through help, they just dismiss it. We pay money for food but we get scammed and Zomato doesn't even help us with it.",1,0,2026-06-25 16:41:55,,39,-0.35,negative,0,0,1,1,0,0,churned,1
92cf4b07-fcf7-4cb9-bea6-40dcc0e2fa16,Dipanshu Nagulwar,nice experience,5,0,2026-06-25 16:41:55,19.7.3,2,0.6,positive,0,0,0,0,0,0,satisfied,0
01539a5c-bb57-4316-aebd-54d3f3a01143,Taj Official,"I had complained about one order of taco Bell where a pack of 4 potato tacos were missing from the order. they instead of helping the customer they said that they verified it with the restaurant and they can't help me. I mean how ridiculous, I'm using zomato for at least 5 years now and have barely raised 3-4 complaints, to which i have seen poor response and zero support instead they prefer to support the resturants response not the customer impact. hence decided to delete my account permanen",1,0,2026-06-25 16:41:13,,89,-0.2565476190476191,negative,0,0,0,1,0,0,at_risk,1
be365150-0369-497d-87cd-27f74c38f650,Shirish Lavate,best service & economy compared to entire competition,5,0,2026-06-25 16:40:48,19.7.3,8,0.5,positive,0,0,0,0,0,0,satisfied,0
19aefd18-8aad-4abc-bc4b-66ec4b9d28e4,R.V kumar,nice,3,0,2026-06-25 16:38:04,19.7.2,1,0.6,positive,0,0,0,0,0,0,passive,0
9639d5b2-6d4b-4509-8f77-ec76eb34daea,Lucky Kumar,late deliver,1,0,2026-06-25 16:36:55,19.6.1,2,-0.3,negative,1,0,0,0,0,0,at_risk,1
94496b58-90ed-4fe7-92f1-0c10d18572d1,SUDHAKAR SABAR,good,5,0,2026-06-25 16:35:19,,1,0.7,positive,0,0,0,0,0,0,satisfied,0
6d6b21d6-bbe5-44a6-9855-f3e24cd60281,Suchitra Sutradhar,very good,5,0,2026-06-25 16:34:48,19.7.3,2,0.9099999999999999,positive,0,0,0,0,0,0,satisfied,0
edde69a2-30af-43d9-8f59-b0745241700b,pushpendra singh,good,5,0,2026-06-25 16:34:11,19.7.3,1,0.7,positive,0,0,0,0,0,0,satisfied,0
714bf0ba-5688-45cc-ac2b-63c706f8c9ac,ANJALI HIREMATH,good,5,0,2026-06-25 16:34:04,19.7.3,1,0.7,positive,0,0,0,0,0,0,satisfied,0
4678bb2b-ab02-4f98-9d69-26594cf1c311,Dr.Sanjay Kumar,Nice App Very Helping and useful for travelers,5,0,2026-06-25 16:33:34,19.7.3,8,0.3666666666666667,positive,0,0,0,0,0,0,satisfied,0
5176a1c5-5ba1-47ea-ace4-ce7164c62d29,Soheb Inamdar.,bad bas,1,0,2026-06-25 16:32:28,19.7.3,2,-0.6999999999999998,negative,0,0,0,0,0,0,passive,0
ceb3675c-c90b-4475-87ea-effdb3fef785,Pandeep Pannu,very good work 👍👍,5,0,2026-06-25 16:31:07,19.7.3,4,0.9099999999999999,positive,0,0,0,0,0,0,satisfied,0
1b303bce-53cf-4994-a378-39ea904823b6,Raziq Ahmed,Worst experience ever. never gonna order from zomato. swiggy is far better than this. No proper resolution.,1,0,2026-06-25 16:29:59,19.7.3,17,-0.1,neutral,0,0,0,0,0,0,passive,0
91bd023a-8001-48c1-8e9e-3b639af62f9c,kodi p,good very good,5,0,2026-06-25 16:28:23,19.7.3,3,0.8049999999999999,positive,0,0,0,0,0,0,satisfied,0
02a7606d-da14-4f89-bfa3-91de2944b941,Ritesh Gupta,nice,5,0,2026-06-25 16:27:49,19.7.3,1,0.6,positive,0,0,0,0,0,0,satisfied,0
5b913bfd-784c-4c30-baa0-82d1eaef12b8,Sirimalle Anil Kumar,good,4,0,2026-06-25 16:26:53,19.7.3,1,0.7,positive,0,0,0,0,0,0,satisfied,0
c112f651-845d-4a08-870a-b97c5088495e,Naresh Bishwakarma,good,1,0,2026-06-25 16:26:49,19.7.3,1,0.7,positive,0,0,0,0,0,0,passive,0
1564bb55-5326-4873-af79-ca0be62a4ded,Siddu Siddu,good service,5,0,2026-06-25 16:25:22,19.6.3,2,0.7,positive,0,0,0,0,0,0,satisfied,0
b236825d-e8e5-4609-9410-258679bd7382,Poornima Devi,very very worst experience,1,0,2026-06-25 16:25:21,19.7.3,4,-1.0,negative,0,0,0,0,0,0,passive,0
ae5cd4ff-3ad4-4517-ad97-88f736add06f,Aditya Sharma,"Bhut lootate ho yar, uninstalling",1,0,2026-06-25 16:23:55,19.7.3,5,0.0,neutral,0,0,0,0,0,0,passive,0
45a50d87-f1da-4db4-aade-43433b0daebd,Kimaya Firodiya,"Deliveries are consistently delayed, even when surge fees are charged.",1,0,2026-06-25 16:22:17,19.7.3,10,0.25,positive,1,0,0,0,1,0,churned,1
cbd9cee3-cd7e-427c-842d-ddb0b3109b10,rahul bage,"very bad experience, smell food and less quantity",1,0,2026-06-25 16:20:48,19.3.0,8,-0.5383333333333332,negative,0,0,0,0,0,0,passive,0
bf65e8eb-28d1-45ff-b6d8-ab4fe1419f20,charan alahari,Every time while we order there is some issues in delivering the food Even order is not delivered and no response from anyside...very disappinted,1,0,2026-06-25 16:20:35,,24,0.0,neutral,1,0,0,0,0,0,at_risk,1
22bee0de-5669-453b-8a59-1ec3a9deba94,Jahirul Islam,good,5,0,2026-06-25 16:19:53,,1,0.7,positive,0,0,0,0,0,0,satisfied,0
180f65d1-5fbe-4c73-aad1-580f71f4b653,Deselvadeselva Deselva,good 👍,5,0,2026-06-25 16:18:36,19.7.3,2,0.7,positive,0,0,0,0,0,0,satisfied,0
b8fe3254-5225-475b-ae7a-dde17e4b3067,Dharavath Parameshnaik,good,5,0,2026-06-25 16:18:10,19.7.3,1,0.7,positive,0,0,0,0,0,0,satisfied,0
30d53776-7e73-4251-aaa4-2f3c1fd7bbdf,Shourya Chauhan,good,5,0,2026-06-25 16:18:05,19.7.3,1,0.7,positive,0,0,0,0,0,0,satisfied,0
3e9c8238-a7c5-4612-bc02-d7cbeca1fae2,suresh suresh,"I am very dissatisfied with the service. I ordered two items, but one item was missing from the order.",1,0,2026-06-25 16:16:58,19.7.3,19,0.0,neutral,0,0,0,0,0,0,passive,0
a9194914-2f9c-4db5-86d3-f54cfef30cef,Nanda dulal Saha,Thank you,5,0,2026-06-25 16:16:57,19.7.3,2,0.0,neutral,0,0,0,0,0,0,satisfied,0
daf2c38e-b8e6-4d30-a789-1388dc9ce24f,Tejas Patil,nice job,5,0,2026-06-25 16:16:18,19.7.3,2,0.6,positive,0,0,0,0,0,0,satisfied,0
be125b79-021f-43e9-83a1-f9f35ee601f0,bharti Mahendra,nice,5,0,2026-06-25 16:16:16,19.7.3,1,0.6,positive,0,0,0,0,0,0,satisfied,0
379f2d6a-6398-44c0-ac84-caae51c231d1,Madan lal Nagpal,the experience was good with zomate order place on time everything is alright,5,0,2026-06-25 16:15:35,19.7.3,13,0.7,positive,0,0,0,0,0,0,satisfied,0
949c1546-7b0a-462c-a18a-477dcde18dde,akshay gaikwad,1st time use ..very nice,5,0,2026-06-25 16:14:14,19.7.3,5,0.6,positive,0,0,0,0,0,0,satisfied,0
9450489e-79b2-44f6-86fe-f734eaf14334,Vaishnavi Sarode,nice,5,0,2026-06-25 16:13:51,19.7.3,1,0.6,positive,0,0,0,0,0,0,satisfied,0
71bf19c7-ffa1-4de0-8d69-6d40ae6b375a,RAJDEEP SINGH DHALIWAL,not all restaurants are on menu,1,0,2026-06-25 16:13:42,19.7.3,6,0.0,neutral,0,0,0,0,0,0,passive,0
e6a526d3-49bf-4c95-8df3-45e50ecad8ec,sandeep kotambe,good,4,0,2026-06-25 16:12:42,19.7.3,1,0.7,positive,0,0,0,0,0,0,satisfied,0
d3b21d92-d6c3-4823-87a2-9a2435e86761,Surinder Kumar,good food service,5,0,2026-06-25 16:12:28,19.7.3,3,0.7,positive,0,0,0,0,0,0,satisfied,0
26d30e83-ef42-45cd-b40f-5dd55fd73f05,Sanjeev Latawa,bad service,1,0,2026-06-25 16:11:13,19.6.8,2,-0.6999999999999998,negative,0,0,0,0,0,0,passive,0
70b613cc-bfed-4c3c-bb6c-1c08346e85d7,Sky Enterprises,yes good services,5,0,2026-06-25 16:09:36,19.7.3,3,0.7,positive,0,0,0,0,0,0,satisfied,0
6ad5f444-c8c5-4751-b4c1-f961c31af488,G Mahi,good,5,0,2026-06-25 16:07:42,19.7.3,1,0.7,positive,0,0,0,0,0,0,satisfied,0
9510a781-ddd9-4afb-af9c-19530c8f3315,Varun Kumar,good,5,0,2026-06-25 16:07:37,19.7.3,1,0.7,positive,0,0,0,0,0,0,satisfied,0
8b37b4bd-1320-48f6-9291-e384a7f26669,Aiz Ali,service is very fast & food are very good👍,5,0,2026-06-25 16:06:41,19.7.3,9,0.23,positive,0,0,0,0,0,0,satisfied,0
1c4203b3-d7c8-4c2d-947c-838286e1b3a2,Prem Kakati,super speed delivery good working,5,0,2026-06-25 16:05:02,19.7.0,5,0.5166666666666666,positive,1,0,0,0,0,0,satisfied,0
33a466f6-abcb-4f01-a7c3-a916216d1e48,gurunadham mahesh goud,superb,1,0,2026-06-25 16:05:00,19.7.3,1,1.0,positive,0,0,0,0,0,0,passive,0
20960d4b-3f73-4e00-ab2a-0c2fcec3dcdb,Avinash Kumar Singh,good,5,0,2026-06-25 16:04:44,19.7.3,1,0.7,positive,0,0,0,0,0,0,satisfied,0
1b1be8d7-c9d8-44e4-9c43-5000fccc5203,Preeti Prakash,very good,5,0,2026-06-25 16:04:36,19.7.3,2,0.9099999999999999,positive,0,0,0,0,0,0,satisfied,0
9790bb34-63cc-4837-a194-dcea1d70494e,Komal Tiwari,very nice,5,0,2026-06-25 16:04:25,19.7.3,2,0.78,positive,0,0,0,0,0,0,satisfied,0
8cb04ca1-c004-4248-87c3-cc59872b9115,Rajesh Das,all good,5,0,2026-06-25 16:03:57,,2,0.7,positive,0,0,0,0,0,0,satisfied,0
26df2453-1834-48d1-bd2d-28a878d287fe,sujit prajapati,ok,5,0,2026-06-25 16:02:48,19.7.3,1,0.5,positive,0,0,0,0,0,0,satisfied,0
e7a78e99-7d4b-4ce2-b25a-9de792642ca3,ABHISHEK SH,Worst experience for a food delivery application. Automated and stubborn customer grievance chats. Longer food delivery time that those shown when ordering food items.👎👎👎,1,0,2026-06-25 16:02:09,,24,-1.0,negative,1,0,0,0,0,0,at_risk,1
ff710d13-89e7-42fe-b3f5-5a0497204b29,Riant Raj,good,5,0,2026-06-25 16:01:32,19.7.3,1,0.7,positive,0,0,0,0,0,0,satisfied,0
fe65b3fa-36a2-4cc0-be03-ed7ecdaca165,Prasant Sahu,very nice,5,0,2026-06-25 16:00:38,19.6.8,2,0.78,positive,0,0,0,0,0,0,satisfied,0
1e0e15d5-9f0f-4871-b149-72a162b558fb,aakash karna,well,5,0,2026-06-25 15:59:42,19.7.2,1,0.0,neutral,0,0,0,0,0,0,satisfied,0
7b44022c-d6c9-4330-962e-4827dcf5b186,Vicky Goyal,cool,3,0,2026-06-25 15:59:36,19.7.3,1,0.35,positive,0,0,0,0,0,0,passive,0
00575b92-753a-43a0-871b-8364234ef222,vikram desai,"zomato absolutely cheats you. my credit card was added and order in my cart was added automatically without even placing the order. i immediately went for cancellation and support guy is telling that order is prepared, imagine they ate saying icecream party pack has already been prepared. they did not help to cancel the order and just went ahead without helping anything. really disheartening to say i will not use zomato now onwards after using for years. please dont add any credit card,its fake",1,0,2026-06-25 15:58:40,19.7.3,84,-0.033333333333333326,neutral,0,1,0,1,0,0,churned,1
9b0ea842-4aec-46df-a100-683a09c7fdcd,Naveen Kumar,zomato is Fraud I have ordered food of 497 rs and they gave me order of otherone 224rs of another name and I had called resturant and delivery person but no one is picking and zomato is not able to do Anything,1,0,2026-06-25 15:58:24,19.6.3,42,-0.25,negative,1,0,0,0,0,0,at_risk,1
d436f872-22b1-41f7-a89a-6f9f494c33b1,Payel Biswas,super,5,0,2026-06-25 15:57:56,19.7.0,1,0.3333333333333333,positive,0,0,0,0,0,0,satisfied,0
0b6738d2-7bfa-4358-80be-809c062372fa,Kala devi,👍🏻👍🏻👍🏻,5,0,2026-06-25 15:57:47,19.6.8,1,0.0,neutral,0,0,0,0,0,0,satisfied,0
5ecf0e16-6e34-44a0-9e87-a5962a2928cc,PINTU JOSHI,railway station Ahmadabad,5,0,2026-06-25 15:57:11,19.7.3,3,0.0,neutral,0,0,0,0,0,0,satisfied,0
ebc441fc-36fd-4710-b78d-d3e0eae6fe41,Aman Rajput,good app,5,0,2026-06-25 15:57:07,19.7.3,2,0.7,positive,0,0,0,0,0,0,satisfied,0
61da2a72-b47a-484a-beff-d883006274bf,Jitendra Mandal,good,5,0,2026-06-25 15:56:32,19.7.3,1,0.7,positive,0,0,0,0,0,0,satisfied,0
68564036-48bf-454f-8c4a-6c7cdf47dca4,Lucky Sain,🙂,5,0,2026-06-25 15:56:12,19.7.3,1,0.0,neutral,0,0,0,0,0,0,satisfied,0
446dcdcb-6f34-48e2-90e2-d110b535d2d3,Teja kumar Janige,good .,5,0,2026-06-25 15:55:00,19.7.3,2,0.7,positive,0,0,0,0,0,0,satisfied,0
ab7ab821-e244-40b1-ab8d-c7174dc8112a,Raje Rajesh1984,still waiting,5,0,2026-06-25 15:53:34,19.7.3,2,0.0,neutral,0,0,0,0,0,0,satisfied,0
33608834-bfb7-4613-b13d-956d77dd84ea,ketan dudhaiya,good,5,0,2026-06-25 15:52:51,19.7.3,1,0.7,positive,0,0,0,0,0,0,satisfied,0
5517181c-0b8d-4d24-9d6e-808d20921190,Aditi Rao,all ways a good app,5,0,2026-06-25 15:49:16,,5,0.7,positive,0,0,0,0,0,0,satisfied,0
98c87a69-94ac-4539-84d5-addcd815c322,Rachi Haloi,wow,5,0,2026-06-25 15:49:04,19.7.2,1,0.1,neutral,0,0,0,0,0,0,satisfied,0
91b856cf-c958-4253-96fc-5851365ee5fc,Kamil Shakir,good,4,0,2026-06-25 15:48:54,19.7.3,1,0.7,positive,0,0,0,0,0,0,satisfied,0
8e7c6807-c0d7-4a50-8b83-b6585135b595,Svarneet Panesar,I tried to cancel order immediate as soon as I order and they won't cancel it they are sending someone to deliver forcefully,1,0,2026-06-25 15:48:47,,23,0.0,neutral,1,1,0,0,0,0,churned,1
37556a5a-4485-4fa7-bd6d-5672ca8a9cad,Bablu,in time delivers items,5,0,2026-06-25 15:48:31,19.6.6,4,0.0,neutral,1,0,0,0,0,0,satisfied,0
c3eada4a-e223-4ae5-96d6-fc1bc3398011,Trek Sakleshpur,👍 great,4,0,2026-06-25 15:48:06,19.7.2,2,0.8,positive,0,0,0,0,0,0,satisfied,0
101d183c-8c2b-43ba-abb7-b97de9a264c2,Rajesh R,great service,5,0,2026-06-25 15:47:53,19.7.3,2,0.8,positive,0,0,0,0,0,0,satisfied,0
847f348f-26ec-4f95-8acf-cb1f4211471c,Tanuja Singh,I am extremely disappointed by zomato the support system keeps saying we can't help regarding this problem so dissatisfied the delivery partner says that he kept the order at the house but we didn't find it and over this they are not even refunding our amount highly highly disappointed ☹️ I though lost my money and not even received my order worst zero zero,1,0,2026-06-25 15:46:56,19.7.3,64,-0.8333333333333334,negative,1,0,1,1,0,0,churned,1
0d069d52-5ee7-474c-9ba9-4823433a500e,Somesh Nagar,good,5,0,2026-06-25 15:46:13,19.7.3,1,0.7,positive,0,0,0,0,0,0,satisfied,0
ff462715-b96c-4a1e-b4f9-d7a821d6cf12,Uma Bharati,osm,5,0,2026-06-25 15:45:42,19.7.3,1,0.0,neutral,0,0,0,0,0,0,satisfied,0
2403d380-1a7b-4bf6-8f76-6a2e00dca432,Dhuruva Nishad Nishad,I soon,5,0,2026-06-25 15:45:23,19.7.0,2,0.0,neutral,0,0,0,0,0,0,satisfied,0
ac7207d3-62f7-4466-a5fe-48549a112430,Rajani Singh,good 👍,5,0,2026-06-25 15:45:22,19.6.8,2,0.7,positive,0,0,0,0,0,0,satisfied,0
a64c5202-2da0-44a0-aebb-d7c442593b78,Nihan Roy,best app for online food,5,0,2026-06-25 15:45:10,19.3.6,5,1.0,positive,0,0,0,0,0,0,satisfied,0
688d83a3-1628-4653-8b54-8677c37dc59e,ashishchandra kimothi,good,5,0,2026-06-25 15:44:40,19.7.3,1,0.7,positive,0,0,0,0,0,0,satisfied,0
7dac0706-941d-42af-b2be-f75539768419,Sai Kumar,good exlent,5,0,2026-06-25 15:43:52,19.7.3,2,0.7,positive,0,0,0,0,0,0,satisfied,0
f25db88e-59f5-477b-b639-7e0de9798945,Avinash Adagale,Excellent 👌,5,0,2026-06-25 15:42:10,19.7.3,2,1.0,positive,0,0,0,0,0,0,satisfied,0
598d7543-a262-400a-b91b-752881da380d,Gite Bhagwat,👍,4,0,2026-06-25 15:41:35,19.7.3,1,0.0,neutral,0,0,0,0,0,0,satisfied,0
b741988e-341b-4d7a-97fc-664f54d802c4,Sanjeev Bajpai,good,2,0,2026-06-25 15:40:51,19.7.3,1,0.7,positive,0,0,0,0,0,0,passive,0
4be02915-1b6f-420c-aa59-1ad3dc5c9ab1,Rishika Jaiswal,"Such a fraud app, yesterday I ordered waffles from zomato but when I received my order, 1 waffle was missing. I tried messaging the customer support team several times but the straightaway said they can't help. I emailed them but again they denied help. Service so bad I had to seek consumer forum to get justice.",1,0,2026-06-25 15:40:25,19.7.3,56,-0.22499999999999998,negative,0,0,0,1,0,0,at_risk,1
07f5d695-0326-4bef-8430-6eddb3e0a8f2,Shakti Sharma,good service,5,0,2026-06-25 15:40:15,19.7.3,2,0.7,positive,0,0,0,0,0,0,satisfied,0
b05a21dc-e8ec-4376-bd04-5e694ea13def,PODISETTI RAJESH,good,5,0,2026-06-25 15:39:39,19.7.0,1,0.7,positive,0,0,0,0,0,0,satisfied,0
8da9d9b8-da0d-4ef6-9b15-ae9a138cff1b,Udaya Bhanu Nanda,I liked the discount,5,0,2026-06-25 15:39:24,19.7.3,4,0.6,positive,0,0,0,0,0,0,satisfied,0
f109218b-99be-4999-bfbd-0cf6cfa4fa48,Rejina Begum,☠️💯,5,0,2026-06-25 15:38:56,19.7.2,1,0.0,neutral,0,0,0,0,0,0,satisfied,0
03e96d6e-b4f5-4caa-b62c-23ab19680ad7,Ronit Kumar,nice,5,0,2026-06-25 15:38:18,19.7.3,1,0.6,positive,0,0,0,0,0,0,satisfied,0
825e28db-1eee-4667-ba52-71350959eaa0,Mohd Sohail,good,5,0,2026-06-25 15:38:04,19.7.3,1,0.7,positive,0,0,0,0,0,0,satisfied,0
8ad67e80-4beb-4767-b38d-0d84fd149e5f,Tarun Agrawal,ok,5,0,2026-06-25 15:37:49,19.7.3,1,0.5,positive,0,0,0,0,0,0,satisfied,0
46c56c7e-29b0-4c60-bbd9-ffa9d9ea8594,Reena,nice,5,0,2026-06-25 15:36:59,19.7.3,1,0.6,positive,0,0,0,0,0,0,satisfied,0
e8d4801a-0405-412e-87de-8fdd36bafd59,Sunny Mudiraj,very bad service,1,0,2026-06-25 15:35:50,16.3.7,3,-0.9099999999999998,negative,0,0,0,0,0,0,passive,0
443da735-cf1f-4abb-93f2-d7bc493fd336,Aalina singha,Fare is Higher,1,0,2026-06-25 15:35:03,19.7.3,3,0.25,positive,0,0,0,0,0,0,passive,0
bf046c0a-e4cd-40fc-8c0b-95fdbe057095,SHIVA Kumar,nice,4,0,2026-06-25 15:34:16,19.6.8,1,0.6,positive,0,0,0,0,0,0,satisfied,0
a673f438-68a8-48a6-a012-06165b2000a8,CA ASHISH VAISH,Why Company don't have any toll free no.and proper customer support.only Robotic Reply.Worst,1,0,2026-06-25 15:34:08,19.7.3,13,0.10000000000000002,positive,0,0,0,1,0,0,at_risk,1
557000f6-04a5-44f1-a28d-f8f312bb1628,Gitanjali Kushvaha,on time delivery. and delivery guy was good and humble.,5,0,2026-06-25 15:33:40,19.7.2,10,0.24999999999999997,positive,1,0,0,0,0,0,satisfied,0
1fc1c3bb-87d9-4230-80f9-32b3c74bdc3c,Mspardhu 0009,good,5,0,2026-06-25 15:33:34,19.7.3,1,0.7,positive,0,0,0,0,0,0,satisfied,0
bce35006-0952-4a2e-a927-b6c65e7ef46f,Sharief Azad,kyeka,5,0,2026-06-25 15:33:07,,1,0.0,neutral,0,0,0,0,0,0,satisfied,0
011c1649-005e-4575-9a0b-e3ec47cbc9f0,Raunish Dev,very expensive,1,0,2026-06-25 15:32:42,19.7.3,2,-0.65,negative,0,0,0,0,1,0,at_risk,1
be57481a-b9c2-4605-b0f2-8979227ad799,Soundharya Soundharya,nice,5,0,2026-06-25 15:32:21,19.7.3,1,0.6,positive,0,0,0,0,0,0,satisfied,0
5acdbcf0-52d7-46e8-bd67-07625f28eefc,renuka sahu,awesome taste 😋,5,0,2026-06-25 15:32:19,19.7.0,3,1.0,positive,0,0,0,0,0,1,satisfied,0
816151cd-2762-44e2-9f96-9839bfc5902b,vaibhav asati,ok ok,4,0,2026-06-25 15:31:44,19.5.7,2,0.5,positive,0,0,0,0,0,0,satisfied,0
d121e1b0-f278-49ea-ae41-30252b62b31a,Nikhat Parween,good,4,0,2026-06-25 15:30:56,19.7.3,1,0.7,positive,0,0,0,0,0,0,satisfied,0
064864b2-96c5-40ea-81ff-57cb6c2b5604,Preetha P,good,5,0,2026-06-25 15:30:35,,1,0.7,positive,0,0,0,0,0,0,satisfied,0
b0d89be4-213f-490b-9055-fff86e927580,Farhana,Worst app ever... restaurants provide the wrong items and when we raise the issue they say mail at zomato.... but nothing works.... no one will connect to chat or call... worst service.. they won't provide a solution... I just kept saying the same thing repeatedly... like a scripted drama.... Worst App....,1,3,2026-06-25 15:30:12,19.7.0,51,-0.7,negative,0,0,0,0,0,0,passive,0
b75ead9b-b012-41f4-98a5-a32dfb8d23d1,Soni Pal,good,1,0,2026-06-25 15:29:27,19.7.3,1,0.7,positive,0,0,0,0,0,0,passive,0
08f81ae7-1bfb-44bb-891a-342efe057c01,Mohammed Mastan,My order is not delivered but in there app it shows delivered... When I go for support they simply reply write to as by email and action will be taken in 24hr... Customers are fools they gonna wait until there reply... Pay and suffer,1,0,2026-06-25 15:29:17,,44,0.05,neutral,1,0,0,1,0,0,churned,1
48a73fcf-0458-4ed1-babc-04e3dcafe02c,chetan legend,good,4,0,2026-06-25 15:28:32,19.7.3,1,0.7,positive,0,0,0,0,0,0,satisfied,0
24ad353c-c481-49bb-9c33-4a242f566f64,Eshwar Singh,"very good Zomato, Always do the best.",5,0,2026-06-25 15:27:05,,7,0.955,positive,0,0,0,0,0,0,satisfied,0
eaa4b45d-3b26-475b-a9e5-35ea1fe3c376,Raja Babu,super,5,0,2026-06-25 15:25:29,19.7.3,1,0.3333333333333333,positive,0,0,0,0,0,0,satisfied,0
6c1de3a5-802d-41bd-8608-d7c4bc829efa,Aniva Dey,"My Best App In India , Most Wonderful App , My Food Saviour , My Soulmate !",5,0,2026-06-25 15:25:17,19.7.3,17,0.8333333333333334,positive,0,0,0,0,0,0,satisfied,0
a4cb12b4-ab51-4a2b-bd43-d0f57276a944,Abhilash Philip,service charges are very high,2,0,2026-06-25 15:24:25,19.6.3,5,0.20800000000000002,positive,0,0,0,0,1,0,at_risk,0
f2b01c0f-c7b4-4438-8ea2-7f1886ea72f9,Himanshu chouhan Rider,good,5,0,2026-06-25 15:24:09,19.7.3,1,0.7,positive,0,0,0,0,0,0,satisfied,0
9876124a-c4e6-4ca9-8b61-31ab8aeed1a2,Yashwant Maina,It's a great idea to serve the food,5,0,2026-06-25 15:24:09,19.7.3,8,0.8,positive,0,0,0,0,0,0,satisfied,0
42e4f3ca-5692-415f-b941-3222b84f9050,suraj prasad,pathetic app,1,0,2026-06-25 15:23:31,19.7.3,2,-1.0,negative,0,0,0,0,0,0,passive,0
7ef5c754-3531-4832-9fcb-13649444d876,Surajbaraik suraj,good happy,5,0,2026-06-25 15:23:08,19.7.3,2,0.75,positive,0,0,0,0,0,0,satisfied,0
033341a3-9b2d-4971-ab61-bae686150861,Krishna Kumar,super 😍,5,0,2026-06-25 15:22:34,19.7.3,2,0.3333333333333333,positive,0,0,0,0,0,0,satisfied,0
79fa3076-59e0-416b-8a0c-59cc34fb6aba,Astik Trivedi,nice,3,0,2026-06-25 15:21:49,19.7.3,1,0.6,positive,0,0,0,0,0,0,passive,0
669afdd1-72f7-4309-83ff-5c07b8d9bfe0,Gaurav Uppal,good,5,0,2026-06-25 15:21:21,19.7.3,1,0.7,positive,0,0,0,0,0,0,satisfied,0
67f3f877-f089-472f-80ee-f1d96dba03fd,Sarang Bhadange,COD not available all time,1,0,2026-06-25 15:21:20,19.7.3.1,5,-0.2,negative,0,0,0,0,0,0,passive,0
adacc232-c12f-4c1b-93ee-74e5c93ae5ab,Pavitra Sedamkar,okatyyyyyy. 🍔,5,0,2026-06-25 15:20:02,19.7.3,2,0.0,neutral,0,0,0,0,0,0,satisfied,0
f6abd19a-e799-411d-a446-b3358f3eabea,Kulwinder Kaur,good,4,0,2026-06-25 15:19:32,19.7.3,1,0.7,positive,0,0,0,0,0,0,satisfied,0
913e7925-e6b4-4467-a710-258fbbf7529e,Syamjith jithu,good,5,0,2026-06-25 15:19:04,19.7.3,1,0.7,positive,0,0,0,0,0,0,satisfied,0
eb4ffa81-3f0b-4c96-a34c-37691c7f6084,Deepthi Kokkirimetti,because first order 100% discount not be apply,1,0,2026-06-25 15:18:36,19.7.3,8,0.25,positive,0,0,0,0,0,0,passive,0
c5ad9ac8-a18e-4d79-8835-28618f2c043b,Manoj Nayak,eyotthe way rthydt😂tft❤️w😂fqfst 🤣t🥰🙏serrq❤️fww🥰t🤣tu😂fg🫂setstwt study 🙏tutu🤣tyxrutdtd🫂🥰🥰t😂deteratf day and f❤️twy 😂tt🥰❤️wetfettrq🤣Garth ad drf t🥰fresh 🤣t r❤️🤣etrttt🥰wtyqtyw😂ttdtdwe🤣ta🥰😂❤️🥰tstrfd🤔♥️atrrt,1,0,2026-06-25 15:17:37,18.7.1,15,0.0,neutral,0,0,0,0,0,0,passive,0
6db9864e-ade4-42ee-b848-1d889a12663e,RABIN DAS,Bohut achha platform hai yar jaha bhi jata hu isi se order karke khata hu🙏🙌👍 thank you zomato❤️,5,0,2026-06-25 15:17:32,19.6.3,18,0.0,neutral,0,0,0,0,0,0,satisfied,0
35f84795-427e-4416-87ea-b6f494ce44d3,kapil garg,really very bad experience specially today I was treated badly from zomato 👎,1,0,2026-06-25 15:17:15,19.7.3,13,-0.41761904761904756,negative,0,0,0,0,0,0,passive,0
4247082b-f95c-4647-9473-3eb2e3ec87a4,YATIN PATEL,Excellent,5,0,2026-06-25 15:16:57,19.7.3,1,1.0,positive,0,0,0,0,0,0,satisfied,0
726ba96a-7e4f-4640-a426-1c2aea24bb29,Navneet Singh,ok,5,0,2026-06-25 15:15:58,19.7.3,1,0.5,positive,0,0,0,0,0,0,satisfied,0
5846a110-3e33-4fcc-9325-d476b31053f8,Vijayluxmi Soni,nice,5,0,2026-06-25 15:15:10,19.6.8,1,0.6,positive,0,0,0,0,0,0,satisfied,0
abc35407-c8ea-4618-b4b9-b1a63d405e78,manam venkata gurubabu,good,5,0,2026-06-25 15:14:17,19.7.3,1,0.7,positive,0,0,0,0,0,0,satisfied,0
6f44187b-0b68-43cb-b665-e6b1567037cb,Mukesh Saini,nice app,5,0,2026-06-25 15:13:21,19.7.3,2,0.6,positive,0,0,0,0,0,0,satisfied,0
34871152-a29a-4bbe-894e-28d4aaec8551,Sachin Singh,good 👍😊,2,0,2026-06-25 15:12:58,19.7.3,2,0.7,positive,0,0,0,0,0,0,passive,0
911154d3-daac-4327-b0b4-1b6e973f1e1c,Uttam Takalkar,no offers for 1 order,3,0,2026-06-25 15:12:20,19.7.3,5,-0.05,neutral,0,0,0,0,0,0,passive,0
8153f94b-abde-4dab-860c-7452a4ec0d2d,Rubina,mast deal hai dishes bhi acchi hai,5,0,2026-06-25 15:12:00,19.7.3,7,0.0,neutral,0,0,0,0,0,0,satisfied,0
bfeebf69-7d16-49f7-bfc9-f11a597ab4b1,Shilpi Dubey,good 💯,5,0,2026-06-25 15:09:59,19.7.3,2,0.7,positive,0,0,0,0,0,0,satisfied,0
fb011b6f-3670-4f0c-b96b-1c1e48f46c28,Jeet Seervi,good 👍,5,0,2026-06-25 15:08:12,19.4.7,2,0.7,positive,0,0,0,0,0,0,satisfied,0
2ace7a95-cde8-4ec0-bc78-734e00578b3f,Vannela Rathna,super,5,0,2026-06-25 15:07:57,19.7.3,1,0.3333333333333333,positive,0,0,0,0,0,0,satisfied,0
6166f8e2-cca0-4536-8645-e070dc781f17,Subash Yadav.,good,4,0,2026-06-25 15:04:35,19.7.0,1,0.7,positive,0,0,0,0,0,0,satisfied,0
02a0b23d-7c98-407d-8e69-4e22960772cd,Manisha Negi,Awesome app for food,5,0,2026-06-25 15:04:25,19.7.3,4,1.0,positive,0,0,0,0,0,0,satisfied,0
5442ffa5-50dd-46c8-b8d4-e72bc0eb1118,Naveen Sharegar,good 👍,4,0,2026-06-25 15:03:28,19.7.3,2,0.7,positive,0,0,0,0,0,0,satisfied,0
2d694313-c527-47ff-bc2b-4d6f17486106,Shambhu Kumar,very nice application,5,0,2026-06-25 15:03:00,19.7.3,3,0.78,positive,0,0,0,0,0,0,satisfied,0
1d8f2c6a-fbd2-49b7-9c49-8b94bd2f15e1,Bhardwaj Surekha,very good,3,0,2026-06-25 15:02:01,19.7.3,2,0.9099999999999999,positive,0,0,0,0,0,0,passive,0
74f7f7bb-7b75-43b2-98cb-25208ba0d6c9,Kali Mandal,good,5,0,2026-06-25 15:01:35,19.7.0,1,0.7,positive,0,0,0,0,0,0,satisfied,0
bcfeb94d-73cc-4759-a6f0-0c64f0149609,Sorab Yadav,😈☠️❤️MI_ _Lover☠️❤️👿😈,5,0,2026-06-25 14:58:10,19.7.0,2,0.0,neutral,0,0,0,0,0,0,satisfied,0
47044b56-971a-40a6-a601-e870db47cac2,Sasirekha Venkatesan,"Very poor service. I have been a regular Zomato customer for a long time, but my recent experience was extremely disappointing.",1,0,2026-06-25 14:57:41,19.7.3,21,-0.23399999999999999,negative,0,0,0,0,0,0,passive,0
57d6005d-d076-4fd9-abfb-4bebfb58d0d0,HARIHARAN S,"Very disappointing experience. I ordered this food to be delivered to my train during my journey. Despite charging a premium price, the restaurant packed the food very poorly. It was delivered without a proper container, plate, or spoon, making it extremely difficult to eat on the train. When food is ordered for train delivery, the restaurant should ensure it is packed in a travel-friendly manner with the necessary disposable cutlery. The poor packaging ruined the dining experience. negative..",1,0,2026-06-25 14:57:26,19.7.3,78,-0.35714285714285715,negative,1,0,0,0,1,0,churned,1
45ea7d5c-3d5a-4f4a-a7a3-d59637690df6,Dilkhush Yadav,Nice,1,0,2026-06-25 14:57:07,19.7.3,1,0.6,positive,0,0,0,0,0,0,passive,0
e7d2126e-67f0-47a0-9e34-d6c36def122d,shailendra Chourasia,"quick,prompt and excellent service",5,0,2026-06-25 14:56:23,19.7.3,4,1.0,positive,0,0,0,0,0,0,satisfied,0
9c96809a-fcb4-4ea3-8b6c-68ea3ddc9cfe,Balwant Singh Singh,good,5,0,2026-06-25 14:56:01,19.7.3,1,0.7,positive,0,0,0,0,0,0,satisfied,0
7af0ceb8-02ae-4007-a743-c54fcb12f317,Udaya press reporter Udaya press reporter,very good food delivery app,5,0,2026-06-25 14:55:40,19.7.3,5,0.9099999999999999,positive,1,0,0,0,0,0,satisfied,0
2a5e7e07-3e36-4df6-a515-510aacdebd92,sangram singh,good,5,0,2026-06-25 14:55:26,19.0.7,1,0.7,positive,0,0,0,0,0,0,satisfied,0
94a57244-c6a6-4fd6-83d9-7efde92b8bd8,Ruby Jha,best delivery ever food is so soooo......yumm just amazed 💛🤌🏻,5,0,2026-06-25 14:55:22,19.7.3,10,1.0,positive,1,0,0,0,0,0,satisfied,0
7bcd3838-ac56-44d7-980d-66f732385113,Shiv Baba,great 👍,5,0,2026-06-25 14:55:08,19.7.3,2,0.8,positive,0,0,0,0,0,0,satisfied,0
e5a8c496-bbec-465c-9084-1a292678110f,sahal THAIGER TRIFIT,good👍,4,0,2026-06-25 14:54:58,19.7.3,1,0.0,neutral,0,0,0,0,0,0,satisfied,0
c5c9577b-5a45-455d-99b1-2419fde74c5f,Hunain Qureshi,best app ....won't be hungry,5,0,2026-06-25 14:54:31,19.7.3,5,1.0,positive,0,0,0,0,0,0,satisfied,0
b3949150-4c0d-4d47-b679-977bc2f29257,Akash Kumar Sahu,It is a boon for bachelor guys. Thank you zomato.,5,0,2026-06-25 14:52:56,19.7.3,10,0.0,neutral,0,0,0,0,0,0,satisfied,0
cb65301e-7958-4486-b64f-933ef61c31fd,GOVIND S,👍,5,0,2026-06-25 14:52:39,19.7.3,1,0.0,neutral,0,0,0,0,0,0,satisfied,0
fae23b9d-99b0-4012-b9de-edbf1eba8582,Shady Sid,"this new ""final price, automatically best offer applied"" thing is good... clears all misleading prices... I wanted this feature for so long Thanks",5,0,2026-06-25 14:52:05,19.7.3,23,0.331060606060606,positive,0,0,0,0,1,0,satisfied,0
af9e118e-c070-445c-ae16-b9421b65b550,Kurban Khan,usman kaji gate,5,0,2026-06-25 14:51:46,19.7.3,3,0.0,neutral,0,0,0,0,0,0,satisfied,0
addaa51b-58b4-4c4a-9060-1cfc7f53e210,Virat arya,osm,4,0,2026-06-25 14:51:45,19.7.3,1,0.0,neutral,0,0,0,0,0,0,satisfied,0
f211b889-3410-4cda-914b-a85dc2da14ef,Sunu Kalita,Mera experience bahat jada bura raha prepaid order kia tha Maine par muhje mera order mila hi nhi or deliverd bhi dikha raha. Khana bhi nhi mila our paisa bhi gaya,1,0,2026-06-25 14:51:27,,31,0.0,neutral,1,0,1,0,0,0,churned,1
6ecd2813-f47d-46c0-8fc6-d6f5e9bfa142,Zoya Khatoon,nice app,5,0,2026-06-25 14:50:46,19.7.3,2,0.6,positive,0,0,0,0,0,0,satisfied,0
f77e5625-3535-4abc-908f-e03b6f31e79a,Divya Yadav,the aap is good but cash on delivery is not available many times when a order something I always shows that cash on delivery is not available at the moment,3,0,2026-06-25 14:50:21,19.1.7,30,0.2,positive,1,0,0,0,0,0,at_risk,0
ecd117ae-01de-4e54-ab3c-d1766d01904c,Nishith P,super,5,0,2026-06-25 14:50:04,19.7.0,1,0.3333333333333333,positive,0,0,0,0,0,0,satisfied,0
677f7ca6-06c3-4871-9b33-53c1d6228594,Santhosh Vikraman,good,5,0,2026-06-25 14:49:10,19.7.2,1,0.7,positive,0,0,0,0,0,0,satisfied,0
83d0023d-a39f-4526-a318-d492f497a2ed,S k SINGH LODHI,Nice service,3,0,2026-06-25 14:47:41,19.2.2,2,0.6,positive,0,0,0,0,0,0,passive,0
435a13a8-17e2-4670-80e4-a34d836ff79a,Swarupam Guchhait,OK,5,0,2026-06-25 14:47:06,19.7.3,1,0.5,positive,0,0,0,0,0,0,satisfied,0
9be56613-3894-42c7-b509-dbcec31d19f1,KingRaja Raja,super excellent delivery,4,0,2026-06-25 14:46:18,19.7.3,3,0.6666666666666666,positive,1,0,0,0,0,0,satisfied,0
511687e2-12af-47f8-9dca-118ec333ec0d,Anushka Singh,Worst app ever The food was spilled there is no option to call customer support Very very bad,1,0,2026-06-25 14:46:02,19.7.3,18,-0.9549999999999998,negative,0,0,0,1,0,0,at_risk,1
e4d98bf6-9967-48b2-bcd4-d6f725b9dc69,Javwad Ali,"I ordered food from Tafran on Zomato, and they delivered stale noodles and soup.I called restaurant partener and they said they can't do anything.No support from Zomato as well.",1,0,2026-06-25 14:45:49,19.7.2,29,-0.5,negative,1,0,0,1,0,1,churned,1
edd1bc4f-7590-4145-baa0-56fc7e4a5e06,Udisha Das,"why don't you make it compulsory for each food item to be kept with proper details of quantity (like how in the world a chilly chicken from a normal restaurant costing 600 could give a quantity of not even enough for one person to eat?) same ordering full plate pasta with High prices expecting a quantity but it isn't enough for 1 person to eat make it compulsory for your vendors to mention quantity 100g, 200g...100ml etc. make it easy bro why one has to yell at a customer service to get it done",3,0,2026-06-25 14:45:16,,94,-0.010666666666666668,neutral,0,0,0,0,1,0,at_risk,0
299164dd-6540-4333-a0ad-806093850d60,Abhijeet Biswas,well deserved in every time needed,4,0,2026-06-25 14:45:06,19.7.3,6,0.0,neutral,0,0,0,0,0,0,satisfied,0
56422c27-9097-4c46-8620-8e31fc33b70f,Dipankar Karmakar,good,5,0,2026-06-25 14:45:05,19.7.3,1,0.7,positive,0,0,0,0,0,0,satisfied,0
ce911854-fb7b-42d0-8c97-c7de934f27fb,vaishnavi chavan,good,5,0,2026-06-25 14:45:04,19.7.3,1,0.7,positive,0,0,0,0,0,0,satisfied,0
430d5cfd-a1d1-4367-8aa8-34d9cc38d9fe,Juveria Sultana,good 😊👍,5,0,2026-06-25 14:44:50,19.7.0,2,0.7,positive,0,0,0,0,0,0,satisfied,0
a6960555-1108-4d4e-a8c2-e359447c808f,Ayyub Gavandi,good,5,0,2026-06-25 14:44:14,19.7.3,1,0.7,positive,0,0,0,0,0,0,satisfied,0
71f47dd6-6eb6-43a3-9edb-75dc3f1e8235,DINESH SHARMA,very good,5,0,2026-06-25 14:43:12,19.7.3,2,0.9099999999999999,positive,0,0,0,0,0,0,satisfied,0
3c24b563-0c29-4335-b0a3-1519cef55116,Dinesh Kumar,good,5,0,2026-06-25 14:43:02,19.7.3,1,0.7,positive,0,0,0,0,0,0,satisfied,0
f4c12f79-5b1a-48c6-83cb-d2e273914edf,Bijay Jena,awesome,5,0,2026-06-25 14:42:41,19.5.8,1,1.0,positive,0,0,0,0,0,0,satisfied,0
f97d48c7-fef3-480a-b7df-2099af0fa431,PRASHANT SINGH THAKUR,not getting best offer,1,0,2026-06-25 14:42:03,19.7.3,4,1.0,positive,0,0,0,0,0,0,passive,0
2b983535-9616-4922-bce3-a80e412c2501,WAKANDA BOYS GAMING,good,5,0,2026-06-25 14:41:48,19.7.3,1,0.7,positive,0,0,0,0,0,0,satisfied,0
19a35b03-737a-4a2f-9a00-75bce196a5c2,Anand S,thank you,5,0,2026-06-25 14:41:08,19.7.0,2,0.0,neutral,0,0,0,0,0,0,satisfied,0
da52e95f-721d-4f69-9846-1ded0af021af,Shankar Barake,very good,5,0,2026-06-25 14:39:22,19.7.3,2,0.9099999999999999,positive,0,0,0,0,0,0,satisfied,0
e4f94621-2991-42e4-84d2-f381f38a0e92,Sonal Zalavadiya,liars saying it's time is 32 minutes and giving 53 minutes 🤬🤬😡😡😡😤😤😠🤕,1,0,2026-06-25 14:39:15,19.7.3,12,0.0,neutral,0,0,0,0,0,0,passive,0
de674fbd-f275-4263-9051-f68f07868860,Rahul,amazing,5,0,2026-06-25 14:38:10,19.7.3,1,0.6000000000000001,positive,0,0,0,0,0,0,satisfied,0
5a1f245d-3c91-4e7e-8e55-e230ae20d085,Rajesh Teli,super nice amazing 😻🤩,5,0,2026-06-25 14:37:41,19.7.3,4,0.5111111111111112,positive,0,0,0,0,0,0,satisfied,0
c4131d59-d897-4209-a142-19bab1bb33ba,Krishn Dhameliya,jordar,3,0,2026-06-25 14:37:24,19.7.3,1,0.0,neutral,0,0,0,0,0,0,passive,0
faea64a5-51f7-4771-a28e-ea2270a6a529,shreya rai,awesome,5,0,2026-06-25 14:36:19,19.7.3,1,1.0,positive,0,0,0,0,0,0,satisfied,0
6a9cd5d7-e5a5-43bf-aa6e-4ef22201fc15,VATUKIYA HITESH,very goog,5,0,2026-06-25 14:35:54,19.7.3,2,0.2,positive,0,0,0,0,0,0,satisfied,0
2e361d4f-846b-4382-b46f-407cebefd39e,Kahkasha Rao,aahhhh,3,0,2026-06-25 14:35:39,19.7.3,1,0.0,neutral,0,0,0,0,0,0,passive,0
717521fc-bf71-4799-ad60-ddf05351a5cc,Manoj Kumar,very good,4,0,2026-06-25 14:35:37,19.7.0,2,0.9099999999999999,positive,0,0,0,0,0,0,satisfied,0
dd107e2b-c54b-416a-83e7-f5a170b2d286,MANIKANDAN C,"190 Rs in restaurant, but Zomato price 329. No way to justify this. 2 Egg Fried rice and a Grill chicken costing in Zomato 1450,which is 860 in Restaurant. Opened my Eye Boycott Zomato No support for bad food, and missed item. They simply close the chat. KFC, DOMINO'S, if you order, you will get different and missed items, and you cannot get a resolution from Zomato. An official app or a direct visit to the restaurant will show us some respect.",1,0,2026-06-25 14:32:11,19.7.3,82,-0.23999999999999994,negative,0,0,0,1,1,1,churned,1
c205e6c9-c02c-4521-96af-431cde2099e2,prashant singh,very good,5,0,2026-06-25 14:30:34,19.7.3,2,0.9099999999999999,positive,0,0,0,0,0,0,satisfied,0
61a79327-339c-4686-98b4-813c98134022,MOHIT SHARMA,Good service,5,0,2026-06-25 14:29:46,19.7.3,2,0.7,positive,0,0,0,0,0,0,satisfied,0
1277e292-be0b-4d0e-8158-e94dc08c3026,Venkat Avala,Good,5,0,2026-06-25 14:29:06,19.7.3,1,0.7,positive,0,0,0,0,0,0,satisfied,0
9d31a6f1-25e0-4347-953e-67e87ecb674e,Owais Ahmad,one of the most worst service provider fraudsters choro ko delivery pe rakha chor kahi k,1,0,2026-06-25 14:28:45,19.7.3,16,-0.25,negative,1,0,0,0,0,0,at_risk,1
c986ac68-0bcb-4684-955e-3710b1e6e553,PALAGANI YALAMANDARAO,👍,5,0,2026-06-25 14:28:39,19.3.7,1,0.0,neutral,0,0,0,0,0,0,satisfied,0
7456a5b7-da27-448e-b516-904ceefe7f2f,Nitin HypeX,🤌🏽,5,0,2026-06-25 14:28:05,,1,0.0,neutral,0,0,0,0,0,0,satisfied,0
5dd09de8-e27a-473d-8355-3e3f2725567e,Neetu Rathore,very good,5,0,2026-06-25 14:27:55,19.7.3,2,0.9099999999999999,positive,0,0,0,0,0,0,satisfied,0
21535c25-f438-4360-b2db-f99a7f3dd555,Tubai Adhikary,good,3,0,2026-06-25 14:27:22,19.7.3,1,0.7,positive,0,0,0,0,0,0,passive,0
e9206ce5-8849-4e8f-9c59-a9cf4dcd0071,Sarita Khatri,good 👍,1,0,2026-06-25 14:24:49,19.7.0,2,0.7,positive,0,0,0,0,0,0,passive,0
e57b7732-048a-44dd-9902-75429a44552a,Mamta Kumari Jangir,👍,5,0,2026-06-25 14:24:30,19.7.3,1,0.0,neutral,0,0,0,0,0,0,satisfied,0
84111ad0-3cdd-41d2-89d6-979aa918ed4d,S S,yas,4,0,2026-06-25 14:23:58,19.7.3,1,0.0,neutral,0,0,0,0,0,0,satisfied,0
54b5f652-c45a-406a-8576-2d945f3ecfed,Srishti Saxena,Bahut Acha Hai Aap,5,0,2026-06-25 14:23:48,,4,0.0,neutral,0,0,0,0,0,0,satisfied,0
684082ce-91a7-43c0-ae67-71b3b10492a3,VIKAS YADAV,🌟,5,0,2026-06-25 14:23:02,19.7.3,1,0.0,neutral,0,0,0,0,0,0,satisfied,0
08cf1f4c-e023-4b0f-8efa-1843276cedfd,Prafullkumar Patil,good,5,0,2026-06-25 14:21:40,19.7.3,1,0.7,positive,0,0,0,0,0,0,satisfied,0
ea857d27-d573-4bfd-b955-749e8294238b,Himanshu Chauhan,Good app,5,0,2026-06-25 14:20:08,19.7.3,2,0.7,positive,0,0,0,0,0,0,satisfied,0
01c53622-3f08-49d1-9b22-f0d54f38494f,rishikeshwaran,nice,5,0,2026-06-25 14:19:49,19.7.3,1,0.6,positive,0,0,0,0,0,0,satisfied,0
e29244ed-a458-4893-8abb-78de9be0f83c,Sushant Tiwari,no response from restaurant,1,0,2026-06-25 14:19:08,19.7.3,4,0.0,neutral,0,0,0,0,0,0,passive,0
ab494a88-6ddb-49d0-80f6-e9e01b0fbb33,Satish Maniya,good,1,0,2026-06-25 14:17:15,19.7.3,1,0.7,positive,0,0,0,0,0,0,passive,0
9a7eb19e-5a7a-4b4e-8607-b21f531bf7c0,Dinesh KRG,"Worst app, don't go for this...all of my soup is spilled...still no refund..they are saying next time they will do..customer support is worst..",1,1,2026-06-25 14:17:05,19.7.3,23,-0.6666666666666666,negative,0,0,1,1,0,0,churned,1
47a7b47e-a246-47fa-abf3-29a44fba2afc,violinA RaY,if Delivery boy .. didn't have change ... then why Cod is available.... 3rd class Delivery boys are,1,0,2026-06-25 14:16:28,19.7.3,18,0.2,positive,1,0,0,0,0,0,at_risk,1
2450014e-ae69-47ca-984b-524630f404ec,Robin Godyal,"I ordered burgers from Mac Daarlo by Daarlo sector 82, Mohali. It's a really Awesome burger cooked with premium quality products used for cooking. I really appreciate its efforts for Rich taste. Thanks Zomato for reached this Restaurant Mac Daarlo by Daarlo. ⭐⭐⭐⭐⭐",5,1,2026-06-25 14:16:21,,43,0.44375,positive,0,0,0,0,0,1,satisfied,0
2572eff4-fa5c-4982-8c58-c5eedd29ca2a,Raja S,wonderful,5,0,2026-06-25 14:15:00,19.7.3,1,1.0,positive,0,0,0,0,0,0,satisfied,0
77b99392-22d7-4251-94d7-c48e037771cb,kids video,good app,5,0,2026-06-25 14:13:17,19.7.3,2,0.7,positive,0,0,0,0,0,0,satisfied,0
a3f6aa36-dc27-44a0-9ad5-656c2b00e2de,Aashish Yadav,fantastic,5,0,2026-06-25 14:12:11,19.7.3,1,0.4,positive,0,0,0,0,0,0,satisfied,0
21fe7e70-27e5-4863-bd87-b6c14d435e69,Khushbu Sandeep,nice,4,0,2026-06-25 14:11:15,19.6.8,1,0.6,positive,0,0,0,0,0,0,satisfied,0
7b3b9365-d98a-44c7-9d7d-2523b690a1ef,Ajay 9692,Food,5,0,2026-06-25 14:11:00,19.7.3,1,0.0,neutral,0,0,0,0,0,0,satisfied,0
561da018-805b-4ad1-9524-53fe514a3d12,Abhinash Herenj,best👍,5,0,2026-06-25 14:09:21,19.7.3,1,0.0,neutral,0,0,0,0,0,0,satisfied,0
90bbd81d-a42e-40e3-9e03-4a13e371e541,VIKRAM VATSA,Pathetic service. Annoyingly bad customer service. The total package is just a shame.,1,0,2026-06-25 14:09:19,,13,-0.5666666666666665,negative,0,0,0,0,0,0,passive,0
acee691b-e134-47aa-b6d4-62923a8c953b,श्री गुजराती सेवा समाज टूर & ट्रेवल्स,good jobs,5,0,2026-06-25 14:08:52,19.7.3,2,0.7,positive,0,0,0,0,0,0,satisfied,0
f089ee03-e35b-478e-be58-02e14213be46,Sankar Malakar,good,5,0,2026-06-25 14:08:15,19.7.3,1,0.7,positive,0,0,0,0,0,0,satisfied,0
85a62514-cef0-4841-afc6-f861a08ba27d,Aman Singh,nice nd fast dilivery,5,0,2026-06-25 14:07:45,19.7.3,4,0.4,positive,0,0,0,0,0,0,satisfied,0
815c9d99-7ca1-441c-a345-b300b1cf8b65,Lalruatfeli Kingbawl,I like zomato and please more fast fast deliver,5,0,2026-06-25 14:07:15,19.7.0,9,0.3,positive,1,0,0,0,0,0,satisfied,0
1b504bc0-a741-4b3e-8f06-694488e83635,Badruddin Ansari,good,5,0,2026-06-25 14:07:10,19.7.3,1,0.7,positive,0,0,0,0,0,0,satisfied,0
0d1755c5-b16d-44a3-8903-e9fdc702873c,Md Naushad,good,5,0,2026-06-25 14:04:19,19.7.3,1,0.7,positive,0,0,0,0,0,0,satisfied,0
bd3da992-0499-4b02-8ce7-c6b53f92fdc4,BAD BOY GAMING,good,5,0,2026-06-25 14:03:46,19.7.3,1,0.7,positive,0,0,0,0,0,0,satisfied,0
e670a0f3-bcd9-4454-af74-eb16a7327c04,Akshay Deshamukh,nice 👍🙂,5,0,2026-06-25 14:03:11,19.7.3,2,0.6,positive,0,0,0,0,0,0,satisfied,0
5e826833-8e38-4a82-9344-0963e66ee95c,Sushant Dutta,too bad taste. Chicken roll is too curry.,1,0,2026-06-25 14:02:52,19.7.3,8,-0.6499999999999999,negative,0,0,0,0,0,1,at_risk,1
dbf73acc-6985-4397-b6ac-0c709f9fc35b,Manoj Sate,very good,5,0,2026-06-25 14:02:19,19.7.3,2,0.9099999999999999,positive,0,0,0,0,0,0,satisfied,0
25f510a4-a0c8-4e7f-b94f-df5f13008dd5,Piyush Kumar,good,5,0,2026-06-25 14:02:14,19.7.3,1,0.7,positive,0,0,0,0,0,0,satisfied,0
ea66cd7e-815b-4bad-aa1c-75a717d48b5b,Sanchari Naskar,It is the best app for food delivery,5,0,2026-06-25 14:01:26,,8,1.0,positive,1,0,0,0,0,0,satisfied,0
2c20117f-f024-4d6a-b588-1bad7c210826,Pankaj kumar,good,5,0,2026-06-25 13:57:55,19.6.2,1,0.7,positive,0,0,0,0,0,0,satisfied,0
e410b886-dcff-4f35-9cf0-4ae88f318808,Santu Mukherjee,Very good service 👍,5,0,2026-06-25 13:56:30,19.7.0,4,0.9099999999999999,positive,0,0,0,0,0,0,satisfied,0
00342aac-c20b-4b2b-8f4b-2c9543b500d3,Anurag Sarkar,this is a great app,4,0,2026-06-25 13:56:14,19.7.3,5,0.8,positive,0,0,0,0,0,0,satisfied,0
4a960cdf-feaa-45b7-b988-99b877f618fc,Rohan Raj,good 👍 👍 👍 👍,5,0,2026-06-25 13:54:50,19.7.3,5,0.7,positive,0,0,0,0,0,0,satisfied,0
b7e42f4d-89a8-4905-be3b-dc61f195f448,Shanthi Mani,good 👍🏻😊,4,0,2026-06-25 13:52:40,19.7.3,2,0.7,positive,0,0,0,0,0,0,satisfied,0
c939451e-eb70-43f1-9bac-6b9215976554,franklin Correya,EXCELLENT💯,5,0,2026-06-25 13:52:35,19.7.3,1,0.0,neutral,0,0,0,0,0,0,satisfied,0
4e7ce77d-02ec-4d01-8d4c-cb05235aeb88,tamil mani,good,5,0,2026-06-25 13:52:29,19.7.3,1,0.7,positive,0,0,0,0,0,0,satisfied,0
25b0314a-f9ff-451f-b65d-d33b444e8645,Prashant Mech,very nice,5,0,2026-06-25 13:51:32,19.7.3,2,0.78,positive,0,0,0,0,0,0,satisfied,0
848fed56-d442-4051-9618-03062244c0d4,Deepika Rawani,very very worst because it's toooooooo tiny and charging 110rupees charges r too high very worst experience from the Domino's and zomatoo.,1,0,2026-06-25 13:50:29,19.7.3,22,-0.45999999999999996,negative,0,0,0,0,1,0,at_risk,1
9439b8a2-a096-43ac-a1f5-f6eff7bd9b12,Arifa Shariff,"first time i have ordered food through zomato let's see how's there service, I have always ordered from Swiggy but the offeres were not good there",5,0,2026-06-25 13:50:01,19.7.3,26,-0.04999999999999999,neutral,0,0,0,0,0,0,satisfied,0
6aba5ef5-189e-4d45-a4e2-d95cdb944495,Sushanth Jagiri,wonderful,5,0,2026-06-25 13:49:18,19.7.3,1,1.0,positive,0,0,0,0,0,0,satisfied,0
5890a627-9ad8-4967-828d-ea63d970470b,Raj sk Raj sk,good,4,0,2026-06-25 13:45:55,19.7.3,1,0.7,positive,0,0,0,0,0,0,satisfied,0
87db9ac9-25a0-4840-a48e-4395c2748070,Kgkdeepika,high prices,1,0,2026-06-25 13:45:44,19.7.3,2,0.16,positive,0,0,0,0,1,0,at_risk,1
94240982-815e-4c52-b503-a76081e4b049,Sachin Meena,why are this app opening on i ever click on YouTube,1,0,2026-06-25 13:45:16,,11,0.0,neutral,0,0,0,0,0,0,passive,0
8c4452e6-6c57-4af7-a5d1-c3ae58020c15,Khanshabaz,worst delivery ordering items missing taking the long time delivery 1km distance taking more than 1hour,1,0,2026-06-25 13:43:44,19.7.3,16,-0.1875,negative,1,0,0,0,0,0,at_risk,1
4d683b19-009e-475d-b4ac-146ec19ceda8,Kalpna Lahne,best,5,0,2026-06-25 13:42:49,19.7.3,1,1.0,positive,0,0,0,0,0,0,satisfied,0
83a793be-12a1-4166-8db2-8e0ba7cfa7d9,Samreen Ansari,good,5,0,2026-06-25 13:41:33,19.7.3,1,0.7,positive,0,0,0,0,0,0,satisfied,0
2377ac5c-e99f-445f-8a69-a2b91184a3c4,Priya Kumari,fast time tha or best experience Nest time fir se order krenge thank u fast delivery,5,0,2026-06-25 13:41:29,19.7.3,16,0.4666666666666666,positive,1,0,0,0,0,0,satisfied,0
a3c6c01c-9614-4105-88d1-e5b5c89e3895,Tabassum Hashami,chor Hai Zomato app bahut bada chor Maine order Kiya cancel mujhse Ho Gaya to bolate Hain Ki Paisa Nahin milega bahut bada chor hai please aap log bhi is app Ko Nahin download kijiye na hi order karo Varna aap log ka bhi Paisa yah kha jaega niche patali line mein likh deta hai ham log Ko Nahin maloom padta to Paisa kha jata Hai hamara option hi nahin doge cancel karne ke bad Paisa lega Ki Nahin lega yah to thodi hota Hai mujhe Meri chij Nahin Mili to mujhe Mera Paisa Milana chahie chor Hai,1,0,2026-06-25 13:40:37,,98,-0.6999999999999998,negative,0,1,0,0,0,0,at_risk,1
f0cf72d9-15e5-429b-93ff-31087a151d8f,taha,okay but give more discount,4,0,2026-06-25 13:37:50,19.7.3,5,0.5,positive,0,0,0,0,0,0,satisfied,0
c56551bd-5319-473f-9121-07cc48862f07,Veer Choudhary,best app in food,5,0,2026-06-25 13:35:56,19.7.3,4,1.0,positive,0,0,0,0,0,0,satisfied,0
704abc4b-b479-467d-ba43-f636dd664c52,Roushan Kumar Shukla,worst user experience,1,0,2026-06-25 13:35:10,19.7.3,3,-1.0,negative,0,0,0,0,0,0,passive,0
9b6c5577-e271-4bdf-8d36-a8f50ef33836,YASH SHRIVASTAVA,👍 good,5,0,2026-06-25 13:35:03,19.7.3,2,0.7,positive,0,0,0,0,0,0,satisfied,0
4bc73729-315a-4b31-81c6-9f6f17460644,Shivam Rai,nice,5,1,2026-06-25 13:34:16,19.6.8,1,0.6,positive,0,0,0,0,0,0,satisfied,0
5a99405c-d062-450b-bca6-d5d5fc913d31,Naveen Raj,good Zomato I continuously shop with you thanks Zomato,5,0,2026-06-25 13:33:14,19.7.3,9,0.44999999999999996,positive,0,0,0,0,0,0,satisfied,0
ac2acb65-dc7a-4116-97f5-b2410ccacc71,Hassan Raza,best app,1,0,2026-06-25 13:31:40,19.7.3,2,1.0,positive,0,0,0,0,0,0,passive,0
2a37e82c-da42-4d4a-b85b-fdf4932df2c8,Devesh Kumar,"if anything gets wrong with your order, you are just left alone, the idiotic chatbot will even frustate you more. Zomato needs to improve their customer support after charging big platform fee on each order",1,0,2026-06-25 13:31:24,19.7.3,35,-0.1333333333333333,negative,0,0,0,1,1,0,churned,1
43182243-5acd-4296-83a3-275eab9ba6d0,Dhruv Sachan,it's a brand,5,0,2026-06-25 13:30:47,19.7.3,3,0.0,neutral,0,0,0,0,0,0,satisfied,0
1027e5c2-e5a8-479c-b73b-593ee2031c75,Deepak Yadav D M L T Delhi,urgent,5,0,2026-06-25 13:29:02,19.7.3,1,0.0,neutral,0,0,0,0,0,0,satisfied,0
e0b74f7c-545a-4b2b-ba14-d8063cfd9d6b,Asif Asif,good,5,0,2026-06-25 13:27:28,19.7.3,1,0.7,positive,0,0,0,0,0,0,satisfied,0
3b3bcd1b-1c61-43aa-b423-3a53f6b17633,Shamsher Painter,good 👍👍👍👍,5,0,2026-06-25 13:27:28,19.5.9,2,0.7,positive,0,0,0,0,0,0,satisfied,0
4e81b47c-7c30-483a-8b6f-43db9cdd7e96,Priyansh Naskar,nice,5,0,2026-06-25 13:27:13,19.7.2,1,0.6,positive,0,0,0,0,0,0,satisfied,0
6d3680d0-125c-4844-8a69-95c46cb6764e,Dipeeka Singh,very nice,4,1,2026-06-25 13:25:31,19.7.2,2,0.78,positive,0,0,0,0,0,0,satisfied,0
713e6a54-01dc-4fe5-8c17-8e84782ce7a1,Kuntal Bhattacharya,Absolutely So Amazing 🤩🤩😍😍🤩🤩😍😍,5,0,2026-06-25 13:25:17,19.7.0,4,0.6000000000000001,positive,0,0,0,0,0,0,satisfied,0
91017c21-a54a-4751-82ab-cee42e2a8a72,sumit nakate,Rip offf,1,0,2026-06-25 13:21:40,19.7.3,2,0.0,neutral,0,0,0,0,0,0,passive,0
d96a09d1-b73c-473c-9c46-ffbcf6ff7a13,Dilip Mehta,Nice,5,0,2026-06-25 13:19:58,19.7.3,1,0.6,positive,0,0,0,0,0,0,satisfied,0
9b264a84-cbae-407c-b1a4-b734f30c6c82,Rahamat Sk,good,5,0,2026-06-25 13:19:45,,1,0.7,positive,0,0,0,0,0,0,satisfied,0
97999cbb-d911-441a-9e74-5637c78d0275,Bhavesh Devnani,wrong order received nothing emergency resolution saying to contact at email no help to customers,1,0,2026-06-25 13:19:13,19.7.3,15,-0.5,negative,0,0,0,0,0,0,passive,0
1d16dff1-58d7-4fd0-b2a4-bdfc5d0a908c,Hemanta naik Hemanta naik,👍🏻 Nice,4,0,2026-06-25 13:19:10,19.6.8,2,0.6,positive,0,0,0,0,0,0,satisfied,0
201e6848-6a74-4937-b001-44b7e00670b0,Vikram Singh,good,4,0,2026-06-25 13:16:51,19.7.3,1,0.7,positive,0,0,0,0,0,0,satisfied,0
cdad1b9c-dd5f-4b76-9b1f-d186617a91c5,Kamal Jeet Singh,hjkko,1,0,2026-06-25 13:16:40,19.7.3,1,0.0,neutral,0,0,0,0,0,0,passive,0
69e86319-f675-4ca8-83f5-98855bcb8d98,Naval Tripathi,Nice,5,0,2026-06-25 13:16:35,19.6.8,1,0.6,positive,0,0,0,0,0,0,satisfied,0
196c59b8-c8cd-46f3-89eb-5f1b0308e799,Chandu Gowda,over price too much price don't order,1,0,2026-06-25 13:15:42,19.7.2,7,0.2,positive,0,0,0,0,1,0,at_risk,1
706d4022-6239-4476-b3d2-5ddc43f0c7d4,Irshad Quazi,एक्सीलेंट,4,0,2026-06-25 13:12:19,19.7.3,1,0.0,neutral,0,0,0,0,0,0,satisfied,0
6dd4785c-5072-40e6-a7f5-fe617a2cd6e2,Sagar Das,good service 👍,5,0,2026-06-25 13:11:43,19.7.3,3,0.7,positive,0,0,0,0,0,0,satisfied,0
1dc0c3db-efe8-475f-903e-d3d2ec8a3465,Avijit Bhattacharjee,Ei app er get help support section ta useless.,1,0,2026-06-25 13:10:23,,9,-0.5,negative,0,0,0,1,0,0,at_risk,1
1e7c323c-15bc-4cfc-884b-072e3d0b3c5a,Zaheer hussain,good,5,0,2026-06-25 13:10:12,19.6.3,1,0.7,positive,0,0,0,0,0,0,satisfied,0
5a00554f-2bff-4ea1-983e-f574dff41ddf,Vinod Kumar,best hotel in muzaffarnagar PLZZ checking,5,0,2026-06-25 13:05:53,19.7.3,6,1.0,positive,0,0,0,0,0,0,satisfied,0
73b22527-2794-4596-8b12-924e2afc4594,akshay chitale,good,5,0,2026-06-25 13:03:31,19.7.3,1,0.7,positive,0,0,0,0,0,0,satisfied,0
0ae08b09-052e-4153-b42d-0a5fd92f49f1,Khanfirdous Khan,zomato. always best service thanks,5,0,2026-06-25 13:01:06,19.7.3,5,0.6,positive,0,0,0,0,0,0,satisfied,0
9b535053-a2c8-4c8b-a645-068305bfdf18,SUBHANKAR HAIT,good,5,0,2026-06-25 13:00:11,19.7.3,1,0.7,positive,0,0,0,0,0,0,satisfied,0
9d60ebba-d2f0-4634-9b25-4ec62e7dd84a,Munna Kumar,vary good,4,0,2026-06-25 12:58:57,19.7.3,2,0.7,positive,0,0,0,0,0,0,satisfied,0
667afd6b-b0e9-4260-8b02-2430ebb23efa,Sanketh Shetty,Most of my orders the last 4-5 times got delayed by at least an hour and I am done.,1,0,2026-06-25 12:58:33,19.7.3,19,0.06666666666666667,neutral,0,0,0,0,0,0,passive,0
57521d0e-1bf2-439a-95a6-41b7e4caaffa,Anshu Yadav Anshu,good 👍,3,0,2026-06-25 12:57:04,19.7.3,2,0.7,positive,0,0,0,0,0,0,passive,0
9199e438-7c22-4a5b-8f48-867722dbf422,Rane Rupesh,nice,4,0,2026-06-25 12:55:29,19.6.8,1,0.6,positive,0,0,0,0,0,0,satisfied,0
dec7bdd2-4f54-404e-8f4b-c8581afa0db7,VKFRIND VKFRIND,super,1,0,2026-06-25 12:54:57,19.7.3,1,0.3333333333333333,positive,0,0,0,0,0,0,passive,0
d221fefb-db85-4aa7-9e6a-5ae5f29333e4,Meenakshi Chaudhary,hbsba,3,0,2026-06-25 12:54:19,19.7.3,1,0.0,neutral,0,0,0,0,0,0,passive,0
d24ebeab-1d1e-47df-8571-94d4c1c5e9b2,Jamshed Khan,nice,5,0,2026-06-25 12:54:18,19.7.3,1,0.6,positive,0,0,0,0,0,0,satisfied,0
764bfd5d-4938-4f24-8101-a03d362b0f20,Reena Das,very good,5,0,2026-06-25 12:50:35,19.7.3,2,0.9099999999999999,positive,0,0,0,0,0,0,satisfied,0
848d0373-7388-4330-be8c-d3b70d2cc628,ashish yadav,good products,1,0,2026-06-25 12:50:34,19.6.8,2,0.7,positive,0,0,0,0,0,0,passive,0
5dc8d635-4eb3-465f-ab72-216b4d5fd321,Anurag Dwivedi,Average Experience.,3,0,2026-06-25 12:50:31,19.6.5,2,-0.15,negative,0,0,0,0,0,0,passive,0
74a36e1f-f90e-45f4-9a30-127ba3d3da30,SRN Ruku,"not good service and not delivery person as drink the product aslo saying lie, not eating anything worst service by zomato",1,0,2026-06-25 12:46:40,19.7.3,21,-0.675,negative,1,0,0,0,0,0,at_risk,1
b41af814-b357-428c-bd7d-72e6fd9b21bb,Lovepreet Bachhal,good,4,0,2026-06-25 12:45:18,,1,0.7,positive,0,0,0,0,0,0,satisfied,0
39394527-6561-4882-99e4-0d604d8507ca,Defence Job,good,5,0,2026-06-25 12:44:27,19.7.3,1,0.7,positive,0,0,0,0,0,0,satisfied,0
0d1ecc00-b73a-4755-9da6-66de2c513d46,SHREE CHANDANA.C,nice,5,0,2026-06-25 12:44:23,19.7.2,1,0.6,positive,0,0,0,0,0,0,satisfied,0
b6915230-baaf-4350-8bae-856b429a132c,Neha Bakshi,The worst customer support. They just have AI which is actually a fool and doesn't even understand basic human concern and you need to keep clicking photos for them of the incorrect food and bill and they would just reply that it cannot make anything out of the picture. Hell frustrating. If customer service is not to have an AI talk but real people to support.,1,0,2026-06-25 12:42:48,,66,-0.19999999999999998,negative,0,0,0,1,0,0,at_risk,1
dca94eb8-9767-4b02-b32c-b6eba18a7384,Rachamani Devika,good,5,0,2026-06-25 12:41:31,19.7.0,1,0.7,positive,0,0,0,0,0,0,satisfied,0
b1d6c4cd-a6d4-4edb-9162-204c5bebe12d,Ronak Kumar,Good,4,0,2026-06-25 12:41:18,19.7.3,1,0.7,positive,0,0,0,0,0,0,satisfied,0
fb15a55c-618b-400e-899a-d829592ca1a8,shilpa shruti,best,5,0,2026-06-25 12:40:55,19.7.3,1,1.0,positive,0,0,0,0,0,0,satisfied,0
81a7b5f2-6666-4dc5-95a9-42c86b9dbed2,Biswajit Saha,Good,5,0,2026-06-25 12:38:28,19.7.3,1,0.7,positive,0,0,0,0,0,0,satisfied,0
0d343d47-109a-4980-b20c-564b23c2edf0,Mohammad Abdulwahab,really good 👍🏻,4,0,2026-06-25 12:38:05,19.7.3,3,0.7,positive,0,0,0,0,0,0,satisfied,0
74de5d3d-18cb-4a63-a69d-f694240b7b06,Jagat Rawat,❤️,5,0,2026-06-25 12:36:23,19.7.3,1,0.0,neutral,0,0,0,0,0,0,satisfied,0
748ebdbe-0fc9-496b-8ecc-ef42bab3dbc6,Lalit Bohara,👍,5,0,2026-06-25 12:35:46,19.7.0,1,0.0,neutral,0,0,0,0,0,0,satisfied,0
22da21f2-bdc1-4e66-b0dc-ea6ac53967c8,bablu gupta,same thing I ordered on swiggy but in this it was half price and in swiggy it was so much,5,0,2026-06-25 12:34:47,19.7.3,20,0.011111111111111118,neutral,0,0,0,0,1,0,satisfied,0
da17a0a6-38ce-4442-b033-cd0ffb2018a3,FULL GAMING,best app,5,0,2026-06-25 12:34:46,19.7.3,2,1.0,positive,0,0,0,0,0,0,satisfied,0
1647b8fa-10f7-46d6-9c12-f53c79c748ab,Jyot Solanki,owsm,5,0,2026-06-25 12:32:15,,1,0.0,neutral,0,0,0,0,0,0,satisfied,0
cf524483-95a1-4954-a77e-59e9be6efc99,Vaibhav singh,bad,1,0,2026-06-25 12:31:21,,1,-0.6999999999999998,negative,0,0,0,0,0,0,passive,0
926056f2-6323-4239-8598-441678c3bf44,Rohit Tongzz,very good food.,5,0,2026-06-25 12:31:15,19.7.3,3,0.9099999999999999,positive,0,0,0,0,0,0,satisfied,0
eade45f0-9026-4559-bc4a-99a7e22a8965,Gaming Suraj,ok,1,0,2026-06-25 12:27:40,19.7.3,1,0.5,positive,0,0,0,0,0,0,passive,0
7b52e23f-e53a-4c6f-8050-ef7c70f6b7ea,Syed Wajid,good,4,0,2026-06-25 12:24:16,19.7.3,1,0.7,positive,0,0,0,0,0,0,satisfied,0
70e5903c-5336-418d-9102-85d651fa415b,ameerbi jamadar,best app for foodies,5,0,2026-06-25 12:22:29,19.7.3,4,1.0,positive,0,0,0,0,0,0,satisfied,0
53396f90-921e-4e4d-aaf5-a9ab99b3b7b3,Sandeep Saini,order to late,1,0,2026-06-25 12:22:14,19.6.3,3,-0.3,negative,0,0,0,0,0,0,passive,0
a39b90da-40e3-498c-b97b-314745b69041,Sujata Namasudra,nice 👍🏻,5,0,2026-06-25 12:18:57,19.7.3,2,0.6,positive,0,0,0,0,0,0,satisfied,0
181ac0e3-6c69-4927-afc6-bde10ba241f8,rasheed shaik,good,4,0,2026-06-25 12:14:59,19.7.3,1,0.7,positive,0,0,0,0,0,0,satisfied,0
ecda9e30-b475-4e05-8cc9-fddbccd7d66e,DHANANJOY BHATTACHARJEE,Zomato doesn't have a proper chat support. I didn't get support from their AI. I even emailed them but no reply from them. I have used Zomato since long time and had huge transactions with them. But from now onwards they lost 1 high value customer. Still I thank Zomato for serving till today.,1,0,2026-06-25 12:13:10,19.7.3,54,0.1275,positive,0,0,0,1,0,0,at_risk,1
e34d8b48-16e8-4462-9986-b760c2bcd1b0,Thulasiram Singh,fast,4,0,2026-06-25 12:10:04,19.7.3,1,0.2,positive,0,0,0,0,0,0,satisfied,0
a5837c39-d62e-4a7f-a86f-c15b283b912a,SHAHID Hussain,Nice,5,0,2026-06-25 12:04:26,19.7.3,1,0.6,positive,0,0,0,0,0,0,satisfied,0
6b942143-9682-4f6e-a0d6-7ad31e62ed7a,Mohini Mohini,excellent 👍,5,0,2026-06-25 12:03:19,19.7.3,2,1.0,positive,0,0,0,0,0,0,satisfied,0
16c71e1f-0ee1-4e32-98ad-eaf216d92890,Karamjeet Walia,nice,5,0,2026-06-25 12:02:55,19.7.3,1,0.6,positive,0,0,0,0,0,0,satisfied,0
6e4aaf97-f352-4746-9b84-77807b99ee9b,Rijesh Naduvath,good,3,0,2026-06-25 11:58:47,19.7.3,1,0.7,positive,0,0,0,0,0,0,passive,0
6eeefeac-18c1-4bbe-a1ab-d4bb4bfa6066,Viraj Bindal,good,2,0,2026-06-25 11:57:18,19.7.3,1,0.7,positive,0,0,0,0,0,0,passive,0
bc3aa607-22fc-4f6c-a462-fbfe9399ce43,Guitar Guy,Amazing,5,0,2026-06-25 11:56:29,19.7.3,1,0.6000000000000001,positive,0,0,0,0,0,0,satisfied,0
4d67ea0f-b873-44d7-b760-3e3f0214ffec,Pooja,🥰,5,0,2026-06-25 11:56:09,19.7.3,1,0.0,neutral,0,0,0,0,0,0,satisfied,0
3245ff8d-91b5-4eb4-a310-8ec3b24a5af0,Parath Pandi,good 👍,5,0,2026-06-25 11:55:22,19.7.3,2,0.7,positive,0,0,0,0,0,0,satisfied,0
23fc06f2-32b9-4a63-b6ae-c0a8089b2d2e,Barun Patra,delivery pending,4,0,2026-06-25 11:52:07,19.7.3,2,0.0,neutral,1,0,0,0,0,0,satisfied,0
432b374c-5666-4ee8-a0cf-8c7f9adb3ec4,Karthi Kgf,good 👍👍👍,5,0,2026-06-25 11:51:49,19.6.3,2,0.7,positive,0,0,0,0,0,0,satisfied,0
ffc766c2-3270-4265-98aa-6d2c2c3f5966,Dhorom Engleng,👍🏼,5,0,2026-06-25 11:51:36,19.6.3,1,0.0,neutral,0,0,0,0,0,0,satisfied,0
b95fd535-9371-4f59-94ff-41045429c239,Sreedhar Mudiam,good service,5,0,2026-06-25 11:50:10,19.7.3,2,0.7,positive,0,0,0,0,0,0,satisfied,0
0a8aa22c-e0a0-44fd-98b5-dac3e6c86adc,ĴĐ Îñťõř,just try,1,0,2026-06-25 11:50:07,19.7.3,2,0.0,neutral,0,0,0,0,0,0,passive,0
1ad42f56-583b-4438-aa58-5416b37397f3,Iswarya Iswarya,her,5,0,2026-06-25 11:49:24,19.7.3,1,0.0,neutral,0,0,0,0,0,0,satisfied,0
8de1897c-266a-4fee-9031-38c28ba8d528,Parthiban N,"no plates to eat, just provided in cover",3,0,2026-06-25 11:49:07,19.7.0,8,0.0,neutral,0,0,0,0,0,0,passive,0
b675c8ed-1e4d-4485-8ed1-f8a1352368d4,Jayshree N Gavas,good,5,0,2026-06-25 11:49:04,19.7.3,1,0.7,positive,0,0,0,0,0,0,satisfied,0
080eedfe-683f-4439-b7d0-a4432d76b30a,sumalatha L,superb,5,0,2026-06-25 11:47:33,19.7.3,1,1.0,positive,0,0,0,0,0,0,satisfied,0
184a8f74-e01a-4e44-9cd2-42840ee23260,SATYENDRA KUMAR GIRI10008,very poor services,1,0,2026-06-25 11:46:19,19.7.3,3,-0.52,negative,0,0,0,0,0,0,passive,0
cf8cfa18-2e26-46ff-ba6f-3c461151a267,L.S. Dundya,nice,5,0,2026-06-25 11:46:08,19.7.0,1,0.6,positive,0,0,0,0,0,0,satisfied,0
f2e626e0-574c-44fa-bd22-64d8852ddcf2,satti prasad,good,5,0,2026-06-25 11:45:34,19.7.0,1,0.7,positive,0,0,0,0,0,0,satisfied,0
bbac7be1-898c-420e-80d9-ee57e0c9e19c,Mongol Prasad,o. s. m,5,0,2026-06-25 11:44:20,,3,0.0,neutral,0,0,0,0,0,0,satisfied,0
2c5defd9-9c44-4437-bb62-07ca7a0055e4,Ravi Shankar Singh,Awsome test,5,0,2026-06-25 11:44:05,19.7.3,2,0.0,neutral,0,0,0,0,0,0,satisfied,0
83de81ea-e6fd-4807-8081-725d351f7b56,Shivaraj Teli,good,5,0,2026-06-25 11:42:29,19.7.3,1,0.7,positive,0,0,0,0,0,0,satisfied,0
dbe0cd8c-970b-417a-87ab-e24d34ebaedd,Arhan Boss,good,5,0,2026-06-25 11:37:49,19.7.3,1,0.7,positive,0,0,0,0,0,0,satisfied,0
7388fc1e-8b67-451f-917b-151f4ab9fca6,Abhishek Gowda,super,4,0,2026-06-25 11:37:29,19.5.5,1,0.3333333333333333,positive,0,0,0,0,0,0,satisfied,0
eb18579f-f6c7-4f0a-9584-272a67149a49,ABHISHEK KUMAR,more user freindly app needed,4,0,2026-06-25 11:37:21,19.7.3,5,0.5,positive,0,0,0,0,0,0,satisfied,0
8aaeb0c1-f9e7-418d-b154-a03359e28ab1,Abinash Rout,"Editing this review, as these idiots don't care about customers anymore and even though the AI support is so inefficient in giving any correct resolutions, there no way to connect to a human. Editing this after facing the same issue with multiple orders.",1,0,2026-06-25 11:36:10,19.7.3,43,-0.2,negative,0,0,0,1,0,0,at_risk,1
1a906654-a2d4-459c-b660-96eb9a09d01a,PRASENJIT KARMAKAR,charge kom karo,4,0,2026-06-25 11:35:19,19.7.3,3,0.0,neutral,0,0,0,0,1,0,satisfied,0
16381856-4c6b-445c-bdce-e2826c7e4b29,SUNDI NAVEENKUMAR,delivery person paying chip tricks,1,0,2026-06-25 11:34:06,19.7.3,5,0.0,neutral,1,0,0,0,0,0,at_risk,1
04307611-d909-4562-ad47-78d95442125a,Abhinash Mishra,good,5,0,2026-06-25 11:30:48,19.7.0,1,0.7,positive,0,0,0,0,0,0,satisfied,0
b1e36492-c07f-4cc8-9560-87049ea1d07b,santosh verma,good,4,0,2026-06-25 11:29:53,19.5.7,1,0.7,positive,0,0,0,0,0,0,satisfied,0
0a79860a-506c-4a80-a6bc-eea25fec29ee,Dipak Sarkar,happy,5,0,2026-06-25 11:29:16,19.7.3,1,0.8,positive,0,0,0,0,0,0,satisfied,0
b307b79f-179d-4429-ba8f-5179b7bacfe7,Dontha Srinivas,super good service,5,0,2026-06-25 11:28:16,19.7.3,3,0.5166666666666666,positive,0,0,0,0,0,0,satisfied,0
f4dc1da9-bf33-4e23-88de-1c4ac461f8cf,Partha pratim Borah,mera id hold kar diya hain kirpaya mera id ko opne karwa do ples,1,0,2026-06-25 11:27:41,,14,0.0,neutral,0,0,0,0,0,0,passive,0
a18671ac-3a49-40f0-8a1f-be06c23615b1,Dd Cars,good,3,0,2026-06-25 11:27:24,19.4.7,1,0.7,positive,0,0,0,0,0,0,passive,0
dcf0f560-62fa-4e6a-8d64-360961e8328a,Sandeep Singh,vary nice food 👌👌👌👌👌,5,0,2026-06-25 11:25:58,19.7.3,4,0.6,positive,0,0,0,0,0,0,satisfied,0
ac3804b9-3855-4ecf-9c4d-25fe00d783bf,Ikram gaming pro,very good,5,0,2026-06-25 11:25:09,19.7.3,2,0.9099999999999999,positive,0,0,0,0,0,0,satisfied,0
16f44af8-cc92-47e0-bdea-5bb3ea4157d1,Jagadeshwar Jagadeshwar,good,4,0,2026-06-25 11:24:36,19.7.3,1,0.7,positive,0,0,0,0,0,0,satisfied,0
d52dca5f-3d9b-49b7-bfdc-c54e0fde921a,manmadha gorle,super,5,0,2026-06-25 11:24:23,19.6.8,1,0.3333333333333333,positive,0,0,0,0,0,0,satisfied,0
e717be96-610f-4dba-9ab0-55cb26339cfb,Arvind Bedre,good 👍,5,0,2026-06-25 11:23:16,19.6.8,2,0.7,positive,0,0,0,0,0,0,satisfied,0
a2911727-5c90-4721-9a63-29842435ff8b,Parikshit Tiwari,good service,4,0,2026-06-25 11:21:58,19.6.3,2,0.7,positive,0,0,0,0,0,0,satisfied,0
e14cff15-b490-4bdd-ae99-10259843c463,sushesh kushwaha,Zomato you guys are just cheating the people without deliverying any food Yesterday I make order with you guys... It was a prepaid order ... You guys haven't delivered it... Seriously you guys are mc And I will make sure now I will never order anything from you guys... Also I will make sure to give amazing reviews on each and every social media on which you guys claims to be number 1,1,0,2026-06-25 11:20:45,19.6.8,73,0.26000000000000006,positive,1,0,1,0,0,0,churned,1
1f27bbf3-36f4-480d-b821-5afb847994b4,prabhala surya prasad,excellent,5,0,2026-06-25 11:19:30,19.7.3,1,1.0,positive,0,0,0,0,0,0,satisfied,0
84488e42-4047-4234-a71a-e4ebac166c7c,Amit Jaiswal,superb quality,5,0,2026-06-25 11:18:53,19.7.3,2,1.0,positive,0,0,0,0,0,1,satisfied,0
dd25d9f5-ff84-4828-8279-4837a9c86e9f,Khalid Ansari,good,4,0,2026-06-25 11:15:46,19.7.3,1,0.7,positive,0,0,0,0,0,0,satisfied,0
a8cc4d84-6675-4f36-8db3-bd8fda3a31ae,HK TAMILAN,good 😊,5,0,2026-06-25 11:14:52,19.7.2,2,0.7,positive,0,0,0,0,0,0,satisfied,0
515b317b-725b-4959-b924-7dc2d51818bf,Yatish Shankarapu,excellent order in Zomato,5,0,2026-06-25 11:11:54,19.7.0,4,1.0,positive,0,0,0,0,0,0,satisfied,0
f9f6dccc-d4aa-4bf6-95c0-04c7cd0f3cdb,Na nd,very prompt,5,0,2026-06-25 11:08:22,19.7.3,2,0.2,positive,0,0,0,0,0,0,satisfied,0
a9f5f21e-5f8c-4e83-9408-596eaf8cd67f,Suryakant Patil,average,2,0,2026-06-25 11:04:56,19.5.9,1,-0.15,negative,0,0,0,0,0,0,passive,0
8b1a3938-ac54-4e8e-beec-7a71fbfdce6f,Jeevan _,great,4,0,2026-06-25 11:03:22,19.7.3,1,0.8,positive,0,0,0,0,0,0,satisfied,0
c9c6ef8c-ee40-4445-8e37-0f80fb2a9bfc,Renu Kapoor,absolutely quick and on time,5,0,2026-06-25 11:01:43,19.7.3,5,0.3333333333333333,positive,0,0,0,0,0,0,satisfied,0
90ef302a-9c5c-4c03-99bb-b07875acadde,Vamika Bhatt,service is good,5,0,2026-06-25 11:01:33,19.7.3,3,0.7,positive,0,0,0,0,0,0,satisfied,0
a84c60cf-5609-4564-9cbf-3b2bf0c75f63,RIYA RIYA,it's my first order when we are received than I will submit my opinion,5,0,2026-06-25 11:01:00,,14,0.25,positive,0,0,0,0,0,0,satisfied,0
2dbee08c-53c7-4ae2-bc9b-8036bc0eb889,Sabnam Parveen,nice,5,0,2026-06-25 11:00:59,,1,0.6,positive,0,0,0,0,0,0,satisfied,0
8ffe652d-3a3c-41f3-8cb4-9720f0248330,Digvijay Amaliyar,jaldi mokal,5,0,2026-06-25 10:58:45,19.6.8,2,0.0,neutral,0,0,0,0,0,0,satisfied,0
8e4798f6-7b1e-4a99-8b64-66984d600e73,Teja Rani,super and fastest delivery,5,0,2026-06-25 10:56:23,19.7.2,4,0.3333333333333333,positive,1,0,0,0,0,0,satisfied,0
973107f0-93d9-4ee1-8dce-1754498c7700,Vansh Khandelwal,sabse jyada kharab customer support,1,0,2026-06-25 10:55:13,,5,0.0,neutral,0,0,0,1,0,0,at_risk,1
dfcffba7-db2c-4301-95e7-f2d795f57a86,Sajal Bansal,third class app interface,1,0,2026-06-25 10:54:22,19.7.3,4,0.0,neutral,0,0,0,0,0,0,passive,0
36ce838e-9418-44cf-bf53-505a6964a570,Veer Singh,nice good sarvise,5,0,2026-06-25 10:53:00,19.7.3,3,0.6499999999999999,positive,0,0,0,0,0,0,satisfied,0
361435c3-6a64-4f4d-b1e4-8e9ba308d567,Sohel Shah,2 time fraud not good app not return my payment 😔,1,0,2026-06-25 10:52:16,19.7.3,11,-0.35,negative,0,0,1,0,0,0,at_risk,1
4956770f-411c-4bc1-9025-4a791cf14fff,Dip Sakhare,ok,5,0,2026-06-25 10:51:39,19.7.0,1,0.5,positive,0,0,0,0,0,0,satisfied,0
cfa7279e-c977-4a38-875c-a09f2f00b0aa,Praveesh Prakash,GOOD,5,0,2026-06-25 10:51:06,19.7.3,1,0.7,positive,0,0,0,0,0,0,satisfied,0
750d37a6-deab-40a1-bd05-b0d4f821016c,Sheela Yadav,tasty,5,0,2026-06-25 10:50:25,19.7.0,1,0.0,neutral,0,0,0,0,0,0,satisfied,0
ec6a0ad0-fcda-4b85-a818-7e80715f9166,Pragati Rai,soo good,5,0,2026-06-25 10:47:14,,2,0.7,positive,0,0,0,0,0,0,satisfied,0
f9b82cec-4dc2-4824-bfc7-a642ff498fb5,Rakesh Rakie,super,5,0,2026-06-25 10:44:21,19.6.3,1,0.3333333333333333,positive,0,0,0,0,0,0,satisfied,0
d95522f3-59f7-4812-b3a5-77b83ff8a270,Gagan Thool,"fraud app, doesn't refund money on the wrong order, don't use this app",1,0,2026-06-25 10:42:58,19.7.3,13,-0.5,negative,0,0,1,0,0,0,at_risk,1
2404ddb4-38c5-4dce-8507-5568f5852096,Nikhil Boss,ok,1,0,2026-06-25 10:42:42,19.7.3,1,0.5,positive,0,0,0,0,0,0,passive,0
fa087d2a-a49a-4b4f-9586-d34fdbf6838a,Seraj Miya,nice good service,5,0,2026-06-25 10:42:41,19.7.3,3,0.6499999999999999,positive,0,0,0,0,0,0,satisfied,0
891b7ba0-dcc6-422e-a4cf-69b2b0b49614,Shivukumar Shivu,very nice,5,0,2026-06-25 10:40:55,17.8.5,2,0.78,positive,0,0,0,0,0,0,satisfied,0
766b6c15-99e7-4ae8-bdef-47fda7114c64,Balaji Sai,such an worst my refund amount not added in my bank account and amount was with added in my wallet got expired i really hate this app and worst app overcost of food unnecessary charges adding to customer,1,0,2026-06-25 10:40:53,19.7.3,38,-0.6399999999999999,negative,0,0,1,0,1,0,churned,1
ab538b1e-d3bf-4aa2-bd7a-e56cd22a561e,amit jingar,👍 good,5,0,2026-06-25 10:40:32,19.7.3,2,0.7,positive,0,0,0,0,0,0,satisfied,0
7709ff9e-8f03-497c-a4ff-680f31950cf9,ASP TSO 1 Pune City West Division,some hotels are not providing food as expected or shown.,3,0,2026-06-25 10:40:30,19.7.3,10,-0.1,neutral,0,0,0,0,0,0,passive,0
942c46c3-08b7-47a2-b8d9-8cea4f0caa1c,Gunakshi Gunakshi,good,5,0,2026-06-25 10:40:27,19.7.3,1,0.7,positive,0,0,0,0,0,0,satisfied,0
bae278a0-d226-4749-a248-a87b91ccbaa8,Bharath Kumar Komatineni,never try this aplication. zomato is betraying coustomers... try for Swiggy ... in terms of refund perspective. Zomato will take 100 percent money if you cancel the order ... no refund at all,1,0,2026-06-25 10:39:19,19.4.7,33,0.0,neutral,0,1,1,0,0,0,churned,1
faabd166-b70f-46ad-b1d3-8906d9f521e5,Pooja Prajapat,best facilities,5,0,2026-06-25 10:35:32,19.7.3,2,1.0,positive,0,0,0,0,0,0,satisfied,0
aef022e7-8fdd-4ffc-b964-fab302625a27,Raza Jafri,good,5,0,2026-06-25 10:35:06,19.7.0,1,0.7,positive,0,0,0,0,0,0,satisfied,0
f8c0e644-22fe-4bce-8bd8-27f26d5a5867,Suchitra kumar Patra,Don't use it for delivery on train.,1,0,2026-06-25 10:34:50,19.7.3,7,0.0,neutral,1,0,0,0,0,0,at_risk,1
923d7bd9-dcb0-4779-b96c-198aad526bf3,Chandan Kumar Jha,nice service and delivery boys are very good 👍,5,0,2026-06-25 10:32:38,19.4.7,9,0.7549999999999999,positive,1,0,0,0,0,0,satisfied,0
48f7b99a-6f4c-4254-8a02-a6107bf80ff3,Pooja Kumari,good,5,0,2026-06-25 10:29:48,19.7.3,1,0.7,positive,0,0,0,0,0,0,satisfied,0
71b8399d-9bda-4fd5-aaba-e05b31013414,Amu Deep,nice,4,0,2026-06-25 10:28:43,19.7.3,1,0.6,positive,0,0,0,0,0,0,satisfied,0
9e668397-3348-4904-87cd-829e74c71464,Laksh Raheja,nice 👍🏻,5,0,2026-06-25 10:27:59,,2,0.6,positive,0,0,0,0,0,0,satisfied,0
d380435c-3a27-4936-95d5-59f09d9973d8,Gendlal Patel,mast,5,0,2026-06-25 10:27:11,19.7.3,1,0.0,neutral,0,0,0,0,0,0,satisfied,0
682eb957-23ed-45ee-bae3-debb19653d2f,Priye Ranjan Kumar,I am amazed. how good and convenient Zomato is.,5,0,2026-06-25 10:24:04,19.7.3,9,0.7,positive,0,0,0,0,0,0,satisfied,0
a8158e2c-6ce4-4ec9-8e91-a62e7636a403,VarshaAarna,cool,5,0,2026-06-25 10:23:58,19.7.3,1,0.35,positive,0,0,0,0,0,0,satisfied,0
32517cde-381f-4737-bba0-5f551fa942c4,Ibrahim Khalifa,good 👍🏻 nice,5,0,2026-06-25 10:23:35,19.7.3,3,0.6499999999999999,positive,0,0,0,0,0,0,satisfied,0
32f67867-1ae6-4a44-9c1c-ee1d5d45f766,Sandeep Sharma,thank h,5,0,2026-06-25 10:23:34,19.7.3,2,0.0,neutral,0,0,0,0,0,0,satisfied,0
cb8cffdf-9c73-4003-9a73-da33141af5dd,Dashrath Raja,badhiya hai,3,0,2026-06-25 10:21:50,19.7.3,2,0.0,neutral,0,0,0,0,0,0,passive,0
c30ec18b-5a17-4b75-896c-4d0eca8e83cd,Riya Singh,Good 👍,5,0,2026-06-25 10:20:12,19.7.3,2,0.7,positive,0,0,0,0,0,0,satisfied,0
d999dfdf-9d84-4000-9af9-47eb953520ef,masti bro,kuch price dikhata h payment time kuch hojata h,1,0,2026-06-25 10:20:11,19.5.8,9,0.0,neutral,0,0,1,0,1,0,churned,1
bde74af4-71c8-49ae-b5f7-4fe8fc374e0f,MANPREET Kamboj,exelent,5,0,2026-06-25 10:17:18,19.7.3,1,0.0,neutral,0,0,0,0,0,0,satisfied,0
3d27ee72-703f-43b7-988b-1d14b538ee06,Madhu Gupta,guys don't trust zomato's customer support today I ordered lunch from Zomato as usual I order a lot from Zomato my order was prepared like always but the delivery partner said that he delivered me the order according to him he handed it over to me only but the truth is he never came at my resident and I was waiting for him vacantly and when I saw the message that my order got delivered I reached out to the customer support and they even refused to help me. nobody would like for 200 rupees. fraud,1,0,2026-06-25 10:16:44,19.6.8,96,-0.125,negative,1,0,0,1,0,0,churned,1
7f8f287a-9031-42dd-9912-3fa3457388ec,Amit Nain,"they are befooling customers, delivery guy will delivers your order after another delivery and customer have to wait more and got cold food even if you have gold membership, no use of this app stay away from this app and save you money too For support they have given a chatbot that will not of no use.",1,0,2026-06-25 10:16:16,19.7.2,57,-0.04999999999999999,neutral,1,0,1,1,0,1,churned,1
58dbf98f-1170-4670-a2e1-18c8bb722810,Vishnu Vichu,good appa very helpful,5,0,2026-06-25 10:15:43,19.7.3,4,0.44999999999999996,positive,0,0,0,0,0,0,satisfied,0
c4e2122f-4957-442b-8f4e-2cc6f2f09083,Aman babu,nice,5,0,2026-06-25 10:14:19,19.7.3,1,0.6,positive,0,0,0,0,0,0,satisfied,0
d36f8fdd-7a50-4d49-bc4b-eb60d24a2005,Manish Chandra,ossum,3,0,2026-06-25 10:13:47,19.7.0,1,0.0,neutral,0,0,0,0,0,0,passive,0
dcb3a176-ad7c-4b39-8db7-66ca30c87a50,Atulkumarshukla Atulkumarshukla,good,5,0,2026-06-25 10:13:13,19.7.3,1,0.7,positive,0,0,0,0,0,0,satisfied,0
658d3d73-46f5-44f9-bd52-8d0b8b9dd934,Raju Nanhore,good app,4,0,2026-06-25 10:12:14,19.7.3,2,0.7,positive,0,0,0,0,0,0,satisfied,0
0df620d8-35e8-4fec-935e-5da0f48db9d5,MUNIRATHNA.M M,"if we order some food by mistake we cannot cancel it , they will show the cancel option but if we click on it they will try to defend by saying ur order is ready please be ready to pick it ( even if u try to cancel the moment u ordered the food ) and later cancel option will say currently unavailable, they are forcing to be with ur order, I know wasting food is bad but we even can't cancel the moment we booked the food .",2,0,2026-06-25 10:11:36,19.6.8,89,-0.05999999999999996,neutral,0,1,0,0,0,0,at_risk,0
5d2a1ddf-705e-4e74-90e9-9fa05d4e4ddc,Ankit Rathi,best food,5,0,2026-06-25 10:11:35,19.7.3,2,1.0,positive,0,0,0,0,0,0,satisfied,0
789d98a6-1556-4599-84fb-7a49a390fbd0,Vishnu Narale,good,4,0,2026-06-25 10:09:35,19.7.3,1,0.7,positive,0,0,0,0,0,0,satisfied,0
e9679201-6d1a-4434-83fa-6b500f3bc4f1,Sunil Prajapati,good,3,0,2026-06-25 10:09:35,19.7.3,1,0.7,positive,0,0,0,0,0,0,passive,0
a458af22-6dae-427b-9527-2dfba523a299,Bisht Yashika,thiss is a amazing 😻,5,0,2026-06-25 10:07:25,,5,0.6000000000000001,positive,0,0,0,0,0,0,satisfied,0
18184143-3fde-4a05-a0a7-463b58cc4d6b,Soni Pandey,Good,5,0,2026-06-25 10:06:49,,1,0.7,positive,0,0,0,0,0,0,satisfied,0
2787b293-091b-4abf-aef6-b09882ac9198,Moxa Joshi,good service,5,0,2026-06-25 10:05:59,19.7.3,2,0.7,positive,0,0,0,0,0,0,satisfied,0
69819bca-37bc-4ff0-8103-1184fc7a1402,Bhasker Kale,good,3,0,2026-06-25 10:05:50,19.7.3,1,0.7,positive,0,0,0,0,0,0,passive,0
faced285-e7e5-4d75-8799-cef6301db837,yadav,👍🏿😊,5,0,2026-06-25 10:04:47,19.7.0,1,0.0,neutral,0,0,0,0,0,0,satisfied,0
f7930a3c-371b-4c95-b005-e7f0a012463a,pawan soni,very nice 👍,5,0,2026-06-25 10:03:54,19.7.3,3,0.78,positive,0,0,0,0,0,0,satisfied,0
0c196493-044f-4eec-a6f4-ec2e0ccf6207,Gogula Vamshi,super,5,0,2026-06-25 10:03:45,19.7.3,1,0.3333333333333333,positive,0,0,0,0,0,0,satisfied,0
89d51713-ae23-4300-965c-2dcfed175522,Naitik Maurya,best aap,5,0,2026-06-25 10:01:24,19.7.3,2,1.0,positive,0,0,0,0,0,0,satisfied,0
a7bea252-f3d1-4e04-9565-628e4e627afb,Vishakha Verma,bahut badhiya,5,0,2026-06-25 10:00:52,19.7.0,2,0.0,neutral,0,0,0,0,0,0,satisfied,0
2d2f35c3-51bb-4cff-90db-7327b649a85f,Tarun Rao,👍 nice,5,0,2026-06-25 09:59:15,19.7.3,2,0.6,positive,0,0,0,0,0,0,satisfied,0
fc7c1ead-05c9-4b2a-8649-b05f2a53b996,NATARAJAN Arumugam,prompt delivery,5,0,2026-06-25 09:59:05,19.7.3,2,0.0,neutral,1,0,0,0,0,0,satisfied,0
8ed841ad-3968-4597-949d-d41a41132aed,Hardeep Singh,good app,3,0,2026-06-25 09:58:49,19.7.3,2,0.7,positive,0,0,0,0,0,0,passive,0
56c17a78-0dce-4c3b-b441-d0672e21c952,Vaibhav Dixit,good 😊💯,5,0,2026-06-25 09:58:27,19.7.3,2,0.7,positive,0,0,0,0,0,0,satisfied,0
a71034cb-5780-471b-a245-8ff74dda8d00,vasim mohammad`,fabulous,4,0,2026-06-25 09:58:03,19.7.3,1,0.4,positive,0,0,0,0,0,0,satisfied,0
2d2299ca-2621-44b0-98bc-97855f5883af,Liza majhi Liza,good😘,5,0,2026-06-25 09:56:20,19.7.3,1,0.0,neutral,0,0,0,0,0,0,satisfied,0
e573a70a-ff63-45aa-ae03-ed85558621ba,Gaurav Jain,because their is no option of cash on delivery it is showing you can't order on order upto 700 rupees,2,0,2026-06-25 09:55:01,19.7.3,20,0.0,neutral,1,0,0,0,0,0,at_risk,0
a6017bd9-4d64-424e-841b-15cd031dcd85,Tarun Walia,good,5,0,2026-06-25 09:53:29,19.7.3,1,0.7,positive,0,0,0,0,0,0,satisfied,0
d6da674f-53c2-4145-bc56-70578c5ef686,Haripriya Smayanika,nice food,4,0,2026-06-25 09:53:26,19.6.6,2,0.6,positive,0,0,0,0,0,0,satisfied,0
81e457a4-038e-4887-a06c-750a456366f1,Mohd Sharik,good,4,0,2026-06-25 09:51:02,,1,0.7,positive,0,0,0,0,0,0,satisfied,0
c1e3999a-598c-49f4-9f37-25506a32635c,ABHISHEK KUMAR,mast,5,0,2026-06-25 09:48:33,19.7.3,1,0.0,neutral,0,0,0,0,0,0,satisfied,0
0ed464a1-f87b-45dd-9079-f72710091560,Rahul gharai,good,5,0,2026-06-25 09:47:43,19.7.0,1,0.7,positive,0,0,0,0,0,0,satisfied,0
20dc0d2c-5360-4aec-8f8b-d9aba54c59e1,Rinku Mahato,nice,4,0,2026-06-25 09:46:45,19.7.3,1,0.6,positive,0,0,0,0,0,0,satisfied,0
e766b3dc-9695-4203-a352-eded1bda4667,Naveed Nisar,fantastic 😊,5,0,2026-06-25 09:46:21,,2,0.4,positive,0,0,0,0,0,0,satisfied,0
36beab5a-9167-40b4-a055-f09ff3034492,Renu Devi,very best app,5,0,2026-06-25 09:45:50,19.7.3,3,1.0,positive,0,0,0,0,0,0,satisfied,0
bb0d9f92-8f7c-4e7e-830d-032ae59418ba,Sai Varmas,supar,4,0,2026-06-25 09:45:15,19.7.0,1,0.0,neutral,0,0,0,0,0,0,satisfied,0
b7c6a5ec-e8c0-4919-a5a7-b2c1cfaacac4,Shampa Das,nice,5,0,2026-06-25 09:42:52,19.6.8,1,0.6,positive,0,0,0,0,0,0,satisfied,0
53455455-5ed5-4d27-80a5-b3d9ee619aa6,Mojahid Alam,good,5,0,2026-06-25 09:42:14,19.6.5,1,0.7,positive,0,0,0,0,0,0,satisfied,0
fdbb48ef-f49f-4c3b-b846-235bb971acb7,J Shekara,very good very best 👍😊,5,0,2026-06-25 09:41:51,,5,0.955,positive,0,0,0,0,0,0,satisfied,0
e72dd499-0674-4bc5-b513-8955c10add50,prakash patel,good very nice,5,0,2026-06-25 09:41:08,19.7.3,3,0.74,positive,0,0,0,0,0,0,satisfied,0
0d20044b-4fdb-4d2b-9bfb-1efc15230886,KARTIK RAVAL,good,5,0,2026-06-25 09:40:42,19.7.3,1,0.7,positive,0,0,0,0,0,0,satisfied,0
bde101c9-5786-40c2-b257-da21da782c67,Om narayn Omnarayn,Good service 👍,5,0,2026-06-25 09:40:37,19.7.0,3,0.7,positive,0,0,0,0,0,0,satisfied,0
26a00465-dac3-457c-95b1-2b5fb36311a0,Fariha Siddiqui,I m regular customer of Zomato but if I have any essu with oder nobody resolve my essu and also Zomato was not providing any agent for resolving my essu so therefore I m deleting this application now,1,0,2026-06-25 09:39:40,19.6.8,38,0.0,neutral,0,0,0,1,0,0,at_risk,1
c01438c8-556d-4a6c-80ae-fe7b30c9760c,Vetri Pandiyan,super,4,0,2026-06-25 09:39:30,19.7.3,1,0.3333333333333333,positive,0,0,0,0,0,0,satisfied,0
a607ee98-5009-42f5-ad75-d9a279a5eee5,Saurabh Mani,come fast,5,0,2026-06-25 09:38:48,19.7.3,2,0.2,positive,0,0,0,0,0,0,satisfied,0
70cbfd19-bc5f-4d8f-a653-e8200ea9eb87,aditya saraf,Nice,5,0,2026-06-25 09:38:28,19.7.3,1,0.6,positive,0,0,0,0,0,0,satisfied,0
f89595c7-edbf-467f-b43c-c8992cf7c546,Raja Biswas,very nice,5,0,2026-06-25 09:37:14,19.7.3,2,0.78,positive,0,0,0,0,0,0,satisfied,0
3909669f-163e-401b-92c5-7c6da445606c,Tm Valav,😻,5,0,2026-06-25 09:36:54,,1,0.0,neutral,0,0,0,0,0,0,satisfied,0
35e255c4-2b10-4740-a0f3-d0b13fafd626,Saksham Maurya,👍,3,0,2026-06-25 09:35:26,19.7.3,1,0.0,neutral,0,0,0,0,0,0,passive,0
eb36f0f1-a198-459a-8ea7-363b13e017aa,Shaik Ali,gud,4,0,2026-06-25 09:31:46,19.7.3,1,0.0,neutral,0,0,0,0,0,0,satisfied,0
09ab5393-e194-4399-bf04-b60416741aa9,niluba vijaysinh,excellent 👍,5,0,2026-06-25 09:31:45,19.7.3,2,1.0,positive,0,0,0,0,0,0,satisfied,0
4f3bfbd1-1f01-40b7-9cf9-8af7d93ad696,Rabari gautam,nice aapp ok,4,0,2026-06-25 09:30:39,19.7.3,3,0.55,positive,0,0,0,0,0,0,satisfied,0
bb9e5243-6e39-45b1-bad2-c7e1d731b7b1,Akash kumar mohanty,good,5,0,2026-06-25 09:28:39,19.7.2,1,0.7,positive,0,0,0,0,0,0,satisfied,0
4d15fe5d-23da-412a-99bd-492af6559fd4,Satyajit Das,yeh khana tha kya?,1,0,2026-06-25 09:27:28,19.7.0,4,0.0,neutral,0,0,0,0,0,0,passive,0
55079e16-5eb8-4647-99d5-7aef5b085fbc,Mahendra Singh Dhoni,good service,5,0,2026-06-25 09:25:14,19.7.3,2,0.7,positive,0,0,0,0,0,0,satisfied,0
9b3549ed-3b5f-472b-b3e6-2564752bf65b,Badal Shikari,amezing,5,0,2026-06-25 09:24:37,19.7.2,1,0.0,neutral,0,0,0,0,0,0,satisfied,0
2ad2dbf9-f109-4698-8fa7-3a9ab1b31a0b,Arshad S,good,5,0,2026-06-25 09:23:21,19.6.8,1,0.7,positive,0,0,0,0,0,0,satisfied,0
ecef6ae8-beac-4cac-93e3-4692ac804c6a,Ayesha Khatun,very good👍,5,0,2026-06-25 09:22:38,,2,0.2,positive,0,0,0,0,0,0,satisfied,0
5ea78a96-dfa7-4a54-a658-0a176bfbd5cc,Mari Muthu,good,5,0,2026-06-25 09:22:21,19.7.3,1,0.7,positive,0,0,0,0,0,0,satisfied,0
03abb3a4-f676-430c-ade8-9db8da02f609,Binita Shah,very good service,4,0,2026-06-25 09:22:13,19.7.3,3,0.9099999999999999,positive,0,0,0,0,0,0,satisfied,0
7bd00d29-c22e-4b1b-a81b-ffca8f1d6e45,Kartik Agarawal,nice 👍,5,0,2026-06-25 09:22:04,19.5.9,2,0.6,positive,0,0,0,0,0,0,satisfied,0
841e4446-4616-47e4-b352-0211b36531b3,Nikita Deeya,great food,4,0,2026-06-25 09:21:59,19.7.3,2,0.8,positive,0,0,0,0,0,0,satisfied,0
c4b0cc56-1050-431c-991a-917fbfe0a22f,Aman Panwar,fraud Company i can't Receive my refund 😔😭,1,0,2026-06-25 09:20:18,,8,0.0,neutral,0,0,1,0,0,0,at_risk,1
60728116-9e4a-4277-9b5e-535f205e867e,Kanak Raj Kothari,no customer support last three times I received I get wrong order and not made with my request but no support from zomoto,1,0,2026-06-25 09:19:45,,23,-0.25,negative,0,0,0,1,0,0,at_risk,1
0499a9ef-40f3-4a13-9d1f-74aa5f3368dd,Stoner Mr,Very good,5,0,2026-06-25 09:19:33,19.7.3,2,0.9099999999999999,positive,0,0,0,0,0,0,satisfied,0
833ee2aa-cb64-4902-acd8-128fe1cff286,Rizwan Khan,Worst Only Use In Extreme Emergency,1,0,2026-06-25 09:19:02,19.7.3,6,-0.375,negative,0,0,0,0,0,0,passive,0
b77a2f06-9908-4576-9f61-0b726cd34402,Kannan,good,5,0,2026-06-25 09:17:20,19.7.3,1,0.7,positive,0,0,0,0,0,0,satisfied,0
c5b9142e-69e7-4316-ac40-a0ea53167d27,Kavita Rana,excellent,5,0,2026-06-25 09:16:47,19.7.3,1,1.0,positive,0,0,0,0,0,0,satisfied,0
d9a27fce-c232-4962-9ac8-615e8cd19e58,rohit Huda,gud services,5,0,2026-06-25 09:16:23,19.7.3,2,0.0,neutral,0,0,0,0,0,0,satisfied,0
3257a71f-3c01-4c23-8165-c3011a0f354c,Manoj Kumar banka,nice,5,0,2026-06-25 09:15:31,19.7.3,1,0.6,positive,0,0,0,0,0,0,satisfied,0
d9efd7ef-8446-4155-a67b-487ba9c227c8,p.Srinu p.Srinu,good,1,0,2026-06-25 09:15:19,19.7.3,1,0.7,positive,0,0,0,0,0,0,passive,0
488ff926-f171-42f3-a64d-c87f38fb3f06,Biswajit Das,good,5,0,2026-06-25 09:15:17,19.7.3,1,0.7,positive,0,0,0,0,0,0,satisfied,0
edbbd04e-84be-4122-9ccd-3bc7ea3fcfb2,Arnav Raut,price are high,1,0,2026-06-25 09:15:04,,3,0.16,positive,0,0,0,0,1,0,at_risk,1
cff5b6ad-2fbd-46c0-83b6-d7be43d1c5da,Jasminder Singh,okh ripot👍🏼😂,5,0,2026-06-25 09:15:00,,2,0.0,neutral,0,0,0,0,0,0,satisfied,0
01b2c01e-7829-44e4-b066-782003c0d945,aditya pavan,gud,5,0,2026-06-25 09:14:43,19.7.0,1,0.0,neutral,0,0,0,0,0,0,satisfied,0
cc0c21a6-4839-4367-ab2d-8e037a3536ff,Jit Bhai,parnd,5,0,2026-06-25 09:14:08,19.7.3,1,0.0,neutral,0,0,0,0,0,0,satisfied,0
9d30d3eb-71ea-4414-8fb6-af8e850cf47f,Shiva Sahu,good food,5,0,2026-06-25 09:13:54,19.7.3,2,0.7,positive,0,0,0,0,0,0,satisfied,0
f30e32e5-1cd4-42d8-a8a5-07553472c909,Souravh Sharma,ok,3,0,2026-06-25 09:11:02,19.7.3,1,0.5,positive,0,0,0,0,0,0,passive,0
dd63de2f-0723-4394-a84a-06771955c780,Bipinthu Chakma,very good,5,0,2026-06-25 09:09:16,19.7.3,2,0.9099999999999999,positive,0,0,0,0,0,0,satisfied,0
5ceb327b-509f-45fc-be28-417a55580272,Jitender Bedi,ok,5,0,2026-06-25 09:08:04,19.7.3,1,0.5,positive,0,0,0,0,0,0,satisfied,0
0b7d3191-617b-4f39-bfd4-702c57746044,TandW Mojari,app working very poor too much time taking,3,0,2026-06-25 09:07:15,19.7.3,8,-0.16,negative,0,0,0,0,0,0,passive,0
3e4a1fbe-ec3b-4ece-a12a-7dcd02b3ae3e,SHAKTI AGARWAL,good,5,0,2026-06-25 09:04:51,19.7.3,1,0.7,positive,0,0,0,0,0,0,satisfied,0
5f18a6b2-39e0-47d3-b84f-8015d370412d,Mukesh Mehra,nice 👍,4,0,2026-06-25 09:04:46,19.7.3,2,0.6,positive,0,0,0,0,0,0,satisfied,0
9410fc65-f8c1-4369-8354-b558f243668b,SAHANA TROOP,Zomato pleased us,5,0,2026-06-25 09:03:44,19.7.3,3,0.5,positive,0,0,0,0,0,0,satisfied,0
7d64d69e-6ba6-40c3-8298-8aca400d23b7,Vishal Choudhary,nice,1,0,2026-06-25 09:03:03,19.7.3,1,0.6,positive,0,0,0,0,0,0,passive,0
3e34366e-93a4-468a-b50d-8494d9bb9715,Fataka Guys,"third class customer service. after complaining, emailing, twitting multiple times no issue got resolved. I hope your company shut down very soon.",1,0,2026-06-25 09:02:01,,22,0.011111111111111113,neutral,0,0,0,0,0,0,passive,0
1b0d4e65-9a4b-43dd-9501-6dc447956d95,ARPANDEEP Kaur,very good very nice 👍,5,0,2026-06-25 09:01:50,19.7.3,5,0.845,positive,0,0,0,0,0,0,satisfied,0
adc4ae84-3892-48c5-b6a8-2d258701e0d8,Bhanu singh Rajpurohit,good 👍,5,0,2026-06-25 09:01:33,19.7.0,2,0.7,positive,0,0,0,0,0,0,satisfied,0
b6623c05-542a-4e12-95bb-3be74f448585,paritosh sardar,very good service! good job delivery person,5,0,2026-06-25 09:01:12,16.3.1,7,0.85,positive,1,0,0,0,0,0,satisfied,0
e057c9d5-e354-4a84-83c6-d19bebf8c1f8,Arun sivadasan,good,4,0,2026-06-25 09:00:19,19.7.3,1,0.7,positive,0,0,0,0,0,0,satisfied,0
b8522e24-5235-4339-9b5d-434eef90b4c6,MANISH EDITOR 705 MANISH EDITOR 705,nice,5,0,2026-06-25 08:59:14,19.7.3,1,0.6,positive,0,0,0,0,0,0,satisfied,0
a9286f34-923d-432c-a5ae-8b6926f3b02a,Ramesh kaushik,supab Best delivery and thanks,4,0,2026-06-25 08:58:22,19.7.3,5,0.6,positive,1,0,0,0,0,0,satisfied,0
f43bfb0f-99f4-4522-acd8-64d0e4109a33,Chandan Kumar Gupta,awesome,5,0,2026-06-25 08:58:14,19.7.3,1,1.0,positive,0,0,0,0,0,0,satisfied,0
3a8ee14b-0f17-476d-909e-7509b60b4c13,Sudha Ramu,good,4,0,2026-06-25 08:58:01,19.7.3,1,0.7,positive,0,0,0,0,0,0,satisfied,0
b6ebddb2-02bb-4e4c-b590-e57f6bb8f6f4,ganesh 1824,good,5,0,2026-06-25 08:57:53,19.7.3,1,0.7,positive,0,0,0,0,0,0,satisfied,0
0a422b56-1bd8-4f63-a69e-3b275dc4af41,Punit Bansal,good 👍,5,0,2026-06-25 08:57:26,19.7.3,2,0.7,positive,0,0,0,0,0,0,satisfied,0
93679f9c-9eeb-4292-9633-9655f10656a1,kundan kumar,good,5,0,2026-06-25 08:56:57,19.7.3,1,0.7,positive,0,0,0,0,0,0,satisfied,0
57e90d2e-7cae-42f5-bf9f-6be00c19db03,Ganesh Karpe,good,5,0,2026-06-25 08:56:43,19.7.3,1,0.7,positive,0,0,0,0,0,0,satisfied,0
941f4b9e-0abe-4f8d-beed-f3bae0cb460c,Uma Uma,Timing is good response are good 👍😊,5,0,2026-06-25 08:54:38,19.7.3,7,0.7,positive,0,0,0,0,0,0,satisfied,0
9c2d3630-8fc0-4b16-bc90-f803f38e2ed4,Shibu Kumar Dhhgg,sipu Kumar sangram Thanda ward number 18,1,0,2026-06-25 08:52:55,19.7.3,7,0.0,neutral,0,0,0,0,0,0,passive,0
5931ef46-8007-46d6-8b52-280eba873c1a,SHALINI PAWAR,good 😊,5,0,2026-06-25 08:52:02,19.7.3,2,0.7,positive,0,0,0,0,0,0,satisfied,0
28145b5d-95c7-411b-842b-a46f2a8a41be,MAHESH KUMAR,easy to order,5,0,2026-06-25 08:51:46,19.7.3,3,0.43333333333333335,positive,0,0,0,0,0,0,satisfied,0
7b987935-8fba-41f9-8fae-90d7ce8648ed,naveen Naveen,👌,5,0,2026-06-25 08:48:46,19.7.3,1,0.0,neutral,0,0,0,0,0,0,satisfied,0
7c3dbc39-734a-489f-9c42-5a52ee4a3300,Toheed Khan,I like it,5,0,2026-06-25 08:48:12,19.7.3,3,0.0,neutral,0,0,0,0,0,0,satisfied,0
ae503077-b9c2-4f7f-8497-48e22903021d,Shemol Mistry,good,5,0,2026-06-25 08:47:20,19.7.0,1,0.7,positive,0,0,0,0,0,0,satisfied,0
cacccd27-e42c-4ab1-a627-cca04b234c2a,Shivaji Ganeshan,good,5,0,2026-06-25 08:45:01,19.7.2,1,0.7,positive,0,0,0,0,0,0,satisfied,0
d11cd417-09bb-4ad8-af05-ed22be3fd661,Selvam Selvam,worst Customer Service I Ordered prepaid Order But The Delivery Agent Not Delivered My Order to Me Only Mail Communication Has Done By Zomato On There The Told Me Not Refundable What Nonsense This is ? 😡🤬😠😠🤬🤬,1,0,2026-06-25 08:44:39,19.7.3,37,-0.5,negative,1,0,1,1,0,0,churned,1
92cd12ff-913d-482e-8903-52346ac479ff,Sriti Mondal,thank you,5,0,2026-06-25 08:43:27,19.7.3,2,0.0,neutral,0,0,0,0,0,0,satisfied,0
af9304f7-506a-40b0-9a30-3e10c2c006bf,Karuna Kumari,nice,5,0,2026-06-25 08:40:37,19.7.3,1,0.6,positive,0,0,0,0,0,0,satisfied,0
b353e962-ec2a-46f7-8fed-e6cc9555b9b4,RG Gaming ster,good,5,0,2026-06-25 08:39:26,19.7.3,1,0.7,positive,0,0,0,0,0,0,satisfied,0
c202ff9f-7da6-4604-8f07-bc1772ad380a,RAJ KUMAR,super,5,0,2026-06-25 08:38:49,19.7.0,1,0.3333333333333333,positive,0,0,0,0,0,0,satisfied,0
9ce2062d-cff4-4fe2-8d4f-a0987d5fd6d3,jig.s gajjar,qsupar past,5,0,2026-06-25 08:38:31,19.7.3,2,-0.25,negative,0,0,0,0,0,0,satisfied,0
6308962d-07a5-4d1c-b80a-39ad910b18de,Vipin Yadav,good 👍,5,0,2026-06-25 08:38:17,19.7.3,2,0.7,positive,0,0,0,0,0,0,satisfied,0
b94f0251-e58f-43eb-a3f2-4a33995397c8,Amujuri Veerababu,super use Zomato,5,0,2026-06-25 08:36:56,19.7.0,3,0.3333333333333333,positive,0,0,0,0,0,0,satisfied,0
89171351-b214-4fac-abbb-8e3732720f71,Shekh Sab,Good everything,5,0,2026-06-25 08:36:45,19.7.3,2,0.7,positive,0,0,0,0,0,0,satisfied,0
7be0a710-fbf0-4533-ba73-63e398697e73,Basant Singh,please don't use the app restuarant food quality very bad don't by restaurant food,1,0,2026-06-25 08:36:07,18.1.1,14,-0.9099999999999998,negative,0,0,0,0,0,1,at_risk,1
2ed14050-156a-43c0-8881-17dcacedff39,mohammed khalid,food not good,1,0,2026-06-25 08:36:04,19.6.5,3,-0.35,negative,0,0,0,0,0,0,passive,0
45acdd3d-7e2d-4f34-9c9e-e97a3c1f1537,Smeet Shah,COD option does not work sometime,3,0,2026-06-25 08:31:42,19.7.3,6,0.0,neutral,0,0,0,0,0,0,passive,0
16709522-774f-402f-aa1d-d6b9c02329b3,Haridwa R.,very good nice,5,0,2026-06-25 08:31:22,19.6.8,3,0.7549999999999999,positive,0,0,0,0,0,0,satisfied,0
b816931d-6f17-4df6-a730-5e916b01ce51,Amit Yadav,excellent 👍,5,0,2026-06-25 08:27:35,19.5.5,2,1.0,positive,0,0,0,0,0,0,satisfied,0
396ff6ec-8cf9-4437-970e-1f6a09aa1497,MADHAVI GHUMARE,good,1,0,2026-06-25 08:26:06,19.7.3,1,0.7,positive,0,0,0,0,0,0,passive,0
e68d61dd-0862-4b68-84c1-3d90cad1dd2a,Sangeeta Ahirwar,Nice,5,0,2026-06-25 08:24:28,19.7.3,1,0.6,positive,0,0,0,0,0,0,satisfied,0
351bc4fc-1243-4518-9c9b-358bd6b5e8ae,divyesh patel,fast delivery,5,0,2026-06-25 08:24:06,19.5.8,2,0.2,positive,1,0,0,0,0,0,satisfied,0
1b01bd38-4271-480d-aa91-eeeffe606492,Komal Thorat,good,5,0,2026-06-25 08:23:21,19.7.3,1,0.7,positive,0,0,0,0,0,0,satisfied,0
6649c4f4-1d3e-4819-821e-10496663bea6,RANJITH CHEERLA,quite good,3,0,2026-06-25 08:22:40,19.7.3,2,0.7,positive,0,0,0,0,0,0,passive,0
29ac8071-ec75-4b0f-b70e-d0a63f3e9424,Mr_ Jai,good,5,0,2026-06-25 08:20:46,19.7.0,1,0.7,positive,0,0,0,0,0,0,satisfied,0
e8d0ee12-2d19-4220-9d59-67f7feec3c92,Sonu Verma,best experience great app,5,0,2026-06-25 08:18:47,19.6.8,4,0.9,positive,0,0,0,0,0,0,satisfied,0
11e07fea-545d-4dd0-bf64-acd2aa22bad5,Tithi Edbar,reasonable price waiting for food quality,5,0,2026-06-25 08:17:31,19.7.3,6,0.2,positive,0,0,0,0,1,1,satisfied,0
61c28e01-2b9f-48a9-bd24-74a675731a59,Yogesh Kumar,it's working well in my location as Mohan Garden.,4,0,2026-06-25 08:16:40,19.7.3,9,0.0,neutral,0,0,0,0,0,0,satisfied,0
de02cac9-fda7-4474-93e2-4f048bf693fe,Rasimita Behera,cake ka jldhajia udake leke ae,1,0,2026-06-25 08:16:00,19.7.3,6,0.0,neutral,0,0,0,0,0,0,passive,0
bbebe5be-863a-40d2-bb63-5ba445d9f4ee,Chandu Sadanala,nice,5,0,2026-06-25 08:15:11,19.7.3,1,0.6,positive,0,0,0,0,0,0,satisfied,0
221f682c-b079-44d1-9681-e4247e23ae27,Saptarsi Birbansi,very good,5,0,2026-06-25 08:12:55,19.7.3,2,0.9099999999999999,positive,0,0,0,0,0,0,satisfied,0
5c87079c-45c6-417f-9b3d-66214bb91b7d,pramod ingawale,Best services,5,0,2026-06-25 08:12:07,19.3.9,2,1.0,positive,0,0,0,0,0,0,satisfied,0
120ae136-984f-4ce0-97be-f225094bff55,Sudhar San,super,5,0,2026-06-25 08:10:15,19.7.3,1,0.3333333333333333,positive,0,0,0,0,0,0,satisfied,0
e8ebc744-f625-45a4-b500-b5ed7eacaa47,Jakibul Ali,good,5,0,2026-06-25 08:05:45,19.5.9,1,0.7,positive,0,0,0,0,0,0,satisfied,0
944fc31b-d5be-4844-8298-544ff605dd16,heer Patel,beutiful,5,1,2026-06-25 08:02:50,19.6.8,1,0.0,neutral,0,0,0,0,0,0,satisfied,0
bed768a9-30c8-4022-9aa0-605a168aa6ac,shivam barai,welldone,5,0,2026-06-25 08:02:38,19.7.3,1,0.0,neutral,0,0,0,0,0,0,satisfied,0
eb13864b-5f03-4b32-995d-b65e0c50b489,Abitha G,super,5,0,2026-06-25 08:00:54,19.7.3,1,0.3333333333333333,positive,0,0,0,0,0,0,satisfied,0
202754c7-02d0-4aa1-ab85-470531db5cb9,Vivek Magadum,nice 👍,5,0,2026-06-25 08:00:31,19.7.3,2,0.6,positive,0,0,0,0,0,0,satisfied,0
e8e4922a-aba9-4696-bca1-2eba1a5dd904,Jay Arya,good,5,0,2026-06-25 07:59:18,19.7.3,1,0.7,positive,0,0,0,0,0,0,satisfied,0
df990b03-a249-4168-ba54-2aa955a9d4f4,sOuL ShOuRyA,very much overpriced,2,0,2026-06-25 07:57:22,19.7.3,3,0.26,positive,0,0,0,0,1,0,at_risk,0
539fb58c-f50f-441a-b13f-bc7de59aa2ba,Kavya Shivukumar,delivery charges above 50rs,3,0,2026-06-25 07:56:16,19.7.3,4,0.0,neutral,1,0,0,0,1,0,at_risk,0
940c08d5-2ddc-4f0a-ad24-faa89a16d9c9,Saroj Rout,nice,5,0,2026-06-25 07:55:11,19.7.3,1,0.6,positive,0,0,0,0,0,0,satisfied,0
27e2fb86-c0ec-4e2b-8656-c1f7ef3ce331,mahendra labana,The food quality is the worst...very poor..Chapati is unbelievable not cut by easily,1,0,2026-06-25 07:54:47,19.7.3,13,0.09166666666666667,neutral,0,0,0,0,0,1,at_risk,1
959990ce-1489-4f30-9515-176f2f2d12dd,Kuch Accha Karte Hai,"It's a bad app, no one replies. yesterday i did order, but delivery boy did not deliver One parcel out of 3.. i am trying to customer care, nobody is replying. i m going to uninstall this app..",1,0,2026-06-25 07:54:24,19.3.4,38,-0.6999999999999998,negative,1,0,0,1,0,0,churned,1
31985999-0d99-41fe-b8ce-b5a394d2fb42,Naresh Kumar,Best Wishes good Job,5,0,2026-06-25 07:54:18,19.7.3,4,0.85,positive,0,0,0,0,0,0,satisfied,0
49fbc949-b284-48f5-ba48-66369551974c,Manjunath Budda,👌😋,5,0,2026-06-25 07:53:38,19.7.3,1,0.0,neutral,0,0,0,0,0,0,satisfied,0
ad89915e-deeb-4598-b7ed-9d7fd8c079f4,Aarti Chauhaan,very nice,4,0,2026-06-25 07:53:06,,2,0.78,positive,0,0,0,0,0,0,satisfied,0
7f1264ca-ddbe-41df-9317-253f5f41ffde,surendrasinh Gohil,very good,5,0,2026-06-25 07:53:05,19.7.3,2,0.9099999999999999,positive,0,0,0,0,0,0,satisfied,0
0ebb28d0-a320-4fc1-b936-f1da5dda732c,Dileep kumar Jha,good service,5,0,2026-06-25 07:51:54,19.7.3,2,0.7,positive,0,0,0,0,0,0,satisfied,0
a93b722f-8107-4c75-a638-265e2c5da868,Jacob Abraham,good,5,0,2026-06-25 07:51:32,19.7.0,1,0.7,positive,0,0,0,0,0,0,satisfied,0
4f6f3636-a031-4340-84c7-6861373807c4,Ambika B,Good,5,0,2026-06-25 07:51:07,19.7.3,1,0.7,positive,0,0,0,0,0,0,satisfied,0
bd62e7a4-a54e-49b0-9979-984b0c2a38d9,RAJU SURESH CHAWRE CHAWRE,nice 👍👍and supper,5,0,2026-06-25 07:50:42,19.7.3,3,0.6,positive,0,0,0,0,0,0,satisfied,0
3c0a973a-7d18-43bb-8347-1229227228f1,Fauzaan Mohammed,❤️,5,0,2026-06-25 07:50:03,19.7.3,1,0.0,neutral,0,0,0,0,0,0,satisfied,0
06fed97e-6637-4a8a-819a-f4249e1523d8,Ankit Thakur,good,5,0,2026-06-25 07:49:17,19.7.3,1,0.7,positive,0,0,0,0,0,0,satisfied,0
7234de69-af20-46bc-91ce-f09f1e307ffa,Prasenjit Giri,Good,4,0,2026-06-25 07:45:13,19.7.3,1,0.7,positive,0,0,0,0,0,0,satisfied,0
7eddb06f-b426-4f9a-8bfb-e1ac1d946a54,MD Chowdhury,very good,4,0,2026-06-25 07:44:51,19.7.3,2,0.9099999999999999,positive,0,0,0,0,0,0,satisfied,0
111d6ad5-848c-4570-aed8-98c7168cf883,Harikrishna Appanaboyina,good,3,0,2026-06-25 07:43:03,19.7.0,1,0.7,positive,0,0,0,0,0,0,passive,0
c50795e1-f36a-4224-9ecd-387dae5cef49,sanjay saini,Good,4,0,2026-06-25 07:41:29,19.7.3,1,0.7,positive,0,0,0,0,0,0,satisfied,0
83bfd9d6-bc0f-4068-aa9d-c3c9ae48df5a,Siva Sankari,good,4,0,2026-06-25 07:39:07,19.7.3,1,0.7,positive,0,0,0,0,0,0,satisfied,0
86160021-951e-4ec8-b56b-a3b278a0fe61,Alba Alba,good application and good service,5,0,2026-06-25 07:38:05,19.7.3,5,0.7,positive,0,0,0,0,0,0,satisfied,0
05c0d320-5842-47d1-8d9a-647d73db17ba,Manish,good,5,0,2026-06-25 07:37:47,19.7.3,1,0.7,positive,0,0,0,0,0,0,satisfied,0
07a645da-23b0-4409-92e1-5f56a236ff5f,Soora Susheela,very good,5,0,2026-06-25 07:36:08,19.7.3,2,0.9099999999999999,positive,0,0,0,0,0,0,satisfied,0
4a8f7912-6a0a-4dc6-ada7-aa286f421911,Kaish,good aap nic,5,0,2026-06-25 07:35:13,19.0.3,3,0.7,positive,0,0,0,0,0,0,satisfied,0
47fbe2c5-8c60-4968-a27c-b7adf7af446b,KRISHNAVENI CHINTHAKAYALA,good services,5,0,2026-06-25 07:35:08,19.7.3,2,0.7,positive,0,0,0,0,0,0,satisfied,0
af8a780d-8915-4ae9-a415-50e339461068,Diptanshu Gaikwad,give more discount 😉,5,0,2026-06-25 07:33:08,19.7.2,4,0.5,positive,0,0,0,0,0,0,satisfied,0
0c02cb07-caac-47d7-81ba-da74d1214c2e,bhavna rawal,nice,5,0,2026-06-25 07:32:57,19.7.3,1,0.6,positive,0,0,0,0,0,0,satisfied,0
b4b91c08-1180-467a-8118-591dc854dd2b,Abhishek Kamble,Nice,1,0,2026-06-25 07:30:30,19.5.7,1,0.6,positive,0,0,0,0,0,0,passive,0
19e59655-b7f6-43ad-88cd-6124ec89e97a,Mdsamim Ahammed,nice,5,0,2026-06-25 07:30:28,19.7.3,1,0.6,positive,0,0,0,0,0,0,satisfied,0
9719c0ae-395f-4748-a7e7-4f7ef584fb3d,Real Life,good aap,5,0,2026-06-25 07:30:09,19.7.3,2,0.7,positive,0,0,0,0,0,0,satisfied,0
3f24f76a-e693-484f-8d97-54ba7772ccb3,jayesh dutt,good,5,0,2026-06-25 07:29:32,19.7.3,1,0.7,positive,0,0,0,0,0,0,satisfied,0
b8226bae-5212-4a16-b7d8-dc2698a6e0a7,Anamika Singh Anamika Singh,good,4,0,2026-06-25 07:28:41,19.7.3,1,0.7,positive,0,0,0,0,0,0,satisfied,0
58975ac9-9db5-40c9-bc76-db40f2844cec,Bhupandera Singh,good app,5,0,2026-06-25 07:27:46,19.7.3,2,0.7,positive,0,0,0,0,0,0,satisfied,0
98b081ee-7003-4784-96a0-ec44da3a3c0a,Yajjala Dhaanajaya,lovely,5,0,2026-06-25 07:27:33,19.7.3,1,0.5,positive,0,0,0,0,0,0,satisfied,0
f225ed59-9cbc-44ba-bac3-ddeeaab9f38f,Goldy Paswan,thankss,5,0,2026-06-25 07:26:36,19.6.8,1,0.0,neutral,0,0,0,0,0,0,satisfied,0
408af160-bb34-4817-b3fa-b30147fed8e2,Zeeshan Khan,No service,2,0,2026-06-25 07:26:15,19.7.3,2,0.0,neutral,0,0,0,0,0,0,passive,0
30b56d3e-2755-43d4-baf4-742b64d13224,Kushagra Jaiswal,"just the worst, only 5 out of 20 times might have gotten fresh food from it. most of the time either the delivery delayed or it is staled or badly cooked or no taste. Luckily you may get something proper. Rating does not define food quality at all I now know so it really is luck",1,0,2026-06-25 07:25:43,19.5.1,56,-0.0458333333333333,neutral,1,0,0,0,0,1,churned,1
8aa629ce-c725-4095-8e6e-7f6ba5bf12ed,Rohit Kumar,👍🏼,3,0,2026-06-25 07:24:47,19.4.6,1,0.0,neutral,0,0,0,0,0,0,passive,0
d84afc68-a8d7-492d-bc22-396256137063,saugata chakraborty,nice,5,0,2026-06-25 07:24:23,18.8.9,1,0.6,positive,0,0,0,0,0,0,satisfied,0
696edbe8-629f-4bf5-b563-1e240815574c,Hari Gummalla,union,5,0,2026-06-25 07:24:04,19.7.3,1,0.0,neutral,0,0,0,0,0,0,satisfied,0
0c0553f0-be1f-4d44-b45e-c32c7001fddc,Samydurai Bharath,good,5,0,2026-06-25 07:22:16,19.7.3,1,0.7,positive,0,0,0,0,0,0,satisfied,0
29ed5eb0-e4b9-4247-b508-0bb895653f47,ranjith kumar,good,2,0,2026-06-25 07:21:24,19.6.8,1,0.7,positive,0,0,0,0,0,0,passive,0
2711a32b-de15-4db3-96a7-cc1b08e68544,MOHAMMAD RIZWAN,good service 💯,3,0,2026-06-25 07:21:21,19.7.3,3,0.7,positive,0,0,0,0,0,0,passive,0
1efeeb3a-09b6-42e3-87c3-fd8709f70ae3,gopal sing Pingoriya,best,5,0,2026-06-25 07:21:15,19.7.3,1,1.0,positive,0,0,0,0,0,0,satisfied,0
bcbf4ea9-5d02-48a8-b276-bb37a0a9adad,AFTAB HINGORA,good,5,0,2026-06-25 07:19:31,19.6.8,1,0.7,positive,0,0,0,0,0,0,satisfied,0
36eca816-80c6-4d67-9a09-800a68940e34,Hemant Tarun,good,5,0,2026-06-25 07:19:04,19.7.3,1,0.7,positive,0,0,0,0,0,0,satisfied,0
b5889a33-4cae-4c44-ba86-3b7452b2587e,Alok Kumar,good,5,0,2026-06-25 07:19:02,19.7.3,1,0.7,positive,0,0,0,0,0,0,satisfied,0
9b47cfe0-0a2b-4520-b4fa-eeb6b4a4e588,Nikhil N,"Unless you pay for VIP on every order, they assign you a variety of criminals as delivery partners and you can forget about your meal, or any accountability from their purposely indifferent customer emotional support.",1,0,2026-06-25 07:16:14,19.5.9,35,0.0,neutral,1,0,0,1,0,0,churned,1
5b06c426-84e9-4dab-8432-abae08cb30ec,ANUSHRI POOJARY,good,5,0,2026-06-25 07:15:54,,1,0.7,positive,0,0,0,0,0,0,satisfied,0
76b3758e-e738-4562-81a6-f910bd05de57,NEERAJ YADAV,itna ghatiya bana k bheja hai or paise itne jyada kuch to sarm kar lo bhai,1,0,2026-06-25 07:13:17,19.7.3,16,0.0,neutral,0,0,0,0,0,0,passive,0
4f9bc48f-8955-447f-a4de-537d47bc49d9,Sundara Lingam,good 👍,5,0,2026-06-25 07:12:53,19.7.3,2,0.7,positive,0,0,0,0,0,0,satisfied,0
19eb7623-e43a-4c32-84b5-b88695dc76e1,Shreyali Jadhav,good,5,0,2026-06-25 07:11:44,19.7.2,1,0.7,positive,0,0,0,0,0,0,satisfied,0
7972b768-be70-42b9-88df-1cb639508d37,Het ranpariya,ok,5,0,2026-06-25 07:10:58,19.7.3,1,0.5,positive,0,0,0,0,0,0,satisfied,0
bb966da3-46e2-4ed4-8b92-1c6aacbb4b15,Priyanka Sharma,ok,5,0,2026-06-25 07:10:02,19.7.3,1,0.5,positive,0,0,0,0,0,0,satisfied,0
199da3f9-33ab-4dd3-8c20-6f75b113bb33,Ankita Kashyap,good experience,4,0,2026-06-25 07:08:31,19.7.0,2,0.7,positive,0,0,0,0,0,0,satisfied,0
32df5e9f-edf4-4b23-8330-39b938eb0bb7,Sampath Sam,good,4,0,2026-06-25 07:07:42,19.7.3,1,0.7,positive,0,0,0,0,0,0,satisfied,0
c15d1f32-9016-49a8-a4f8-83284241b493,Sreenidhi Mohan,very good application,5,0,2026-06-25 07:06:57,,3,0.9099999999999999,positive,0,0,0,0,0,0,satisfied,0
ffd7d6c1-b0aa-4bd5-9d40-eb8666e728a2,susant mishra,payment options are not flexible.,1,0,2026-06-25 07:06:54,19.7.3,5,0.0,neutral,0,0,1,0,0,0,at_risk,1
39d6dd1c-a594-423a-a92f-0b6acb5e7f11,Mohsinkhan Mohsinkhan,good 👍,5,0,2026-06-25 07:06:54,19.7.3,2,0.7,positive,0,0,0,0,0,0,satisfied,0
8989331d-1756-4881-9d00-357c25223238,Pummy Pandey,good,5,0,2026-06-25 07:05:13,19.7.3,1,0.7,positive,0,0,0,0,0,0,satisfied,0
29fe0c1d-75ea-440a-b417-076e4e67a36f,Yogesh pandey,nice 👍🙂,5,0,2026-06-25 07:04:36,19.7.3,2,0.6,positive,0,0,0,0,0,0,satisfied,0
2fcbbf18-ce2c-4c03-a646-19b4df3cd460,Mari Muthu,super,5,0,2026-06-25 07:04:00,19.7.3,1,0.3333333333333333,positive,0,0,0,0,0,0,satisfied,0
2a76050d-8684-4f05-a3e1-7db7a1cccf92,Sarita Sharma,finally found a aap that supports cash on on delivery,5,0,2026-06-25 07:03:34,19.7.3,10,0.0,neutral,1,0,0,1,0,0,satisfied,0
3de2b53b-e578-4426-852e-8becba1cf84c,Shivangula Akshith,good,5,0,2026-06-25 07:03:03,19.6.1,1,0.7,positive,0,0,0,0,0,0,satisfied,0
6ae2b2c0-9161-469a-a3fc-c6ccc4a9f093,Amandeep,Good Service,5,0,2026-06-25 07:02:33,19.7.3,2,0.7,positive,0,0,0,0,0,0,satisfied,0
a91e8a99-149b-470e-9de6-43c81dc17d8e,madanlal suthar,good 👍,5,0,2026-06-25 07:02:11,19.7.3,2,0.7,positive,0,0,0,0,0,0,satisfied,0
bbd33375-988e-4009-94e6-687b905e259f,Raval Sharmishtha,good,5,0,2026-06-25 07:01:53,19.6.8,1,0.7,positive,0,0,0,0,0,0,satisfied,0
b1cb17b9-be1e-49d0-ae6a-22c54d35ddaa,Rajiv Randy,Good,4,0,2026-06-25 07:00:50,19.7.2,1,0.7,positive,0,0,0,0,0,0,satisfied,0
3e7f0ef0-cc54-4b59-9a81-468f36b7280f,Balivada Naresh,super,5,0,2026-06-25 06:59:08,19.7.3,1,0.3333333333333333,positive,0,0,0,0,0,0,satisfied,0
656392ad-f582-45b6-9e09-8bb7b0ad52fa,Vellaisamy Gunamani,very poor service,1,0,2026-06-25 06:58:07,19.7.3,3,-0.52,negative,0,0,0,0,0,0,passive,0
a94e2430-1156-4cea-a279-cd67c43dd2be,NARAYAN MAHTO,NARAYAN MAHTO💸😭,1,0,2026-06-25 06:57:22,19.7.3,2,0.0,neutral,0,0,0,0,0,0,passive,0
5718dad9-c05f-4bb3-a64e-6122cbb9b8c1,fiona milred dawson,They have the worst Customer service team. I have raised so many issues with pictures but I never get a refund. From undercooked food to mosquito in the food. They only apologise but never refund. Worst customer service ever.,1,0,2026-06-25 06:57:05,19.7.3,39,-0.375,negative,0,0,1,0,0,0,at_risk,1
0da95330-f1ee-415f-8c25-2c6e1f374a2d,Lovepreet Singh,take,5,0,2026-06-25 06:53:29,19.7.3,1,0.0,neutral,0,0,0,0,0,0,satisfied,0
4ea8bcaf-e284-44a6-aced-b8c2c189fea4,Saran Kumar,"no proper response from zomato, there is no customer care number for zomato, i raised company ticket still no response for that , waste on customer care",1,0,2026-06-25 06:53:21,,27,-0.1,neutral,0,0,0,1,0,0,at_risk,1
5d226965-03bf-43fe-94ab-e710b2d7c714,Chirag Marskole,good zomato,5,0,2026-06-25 06:48:18,19.7.3,2,0.7,positive,0,0,0,0,0,0,satisfied,0
025d8f03-8239-4164-9e9a-6642621f8f10,Rishikesh Chaubey,very good,5,0,2026-06-25 06:46:44,19.7.3,2,0.9099999999999999,positive,0,0,0,0,0,0,satisfied,0
63e8663d-d0ed-4024-ad79-2aab36056e20,Vikas Sharma,very dab,1,0,2026-06-25 06:46:33,19.7.3,2,0.2,positive,0,0,0,0,0,0,passive,0
24cc00a8-157b-4466-8fa9-a79ee603dedb,Kiran Ahir,bahot late aata hai order..aur pura address pe to aate bhi nahi,1,0,2026-06-25 06:46:22,19.7.2,12,-0.3,negative,0,0,0,0,0,0,passive,0
3e23f819-03f6-4c52-a812-975bbf3f7285,Arun Malali,good service,4,0,2026-06-25 06:44:24,19.7.3,2,0.7,positive,0,0,0,0,0,0,satisfied,0
9b6b700d-9fd2-4fc4-a228-78af41a8807e,Parsi Jat,😊,5,0,2026-06-25 06:41:59,,1,0.0,neutral,0,0,0,0,0,0,satisfied,0
1af6ab67-eea3-4774-8c60-d38b77e0b6e1,Gautam Patwardhan,Good Service,5,0,2026-06-25 06:41:35,19.7.3,2,0.7,positive,0,0,0,0,0,0,satisfied,0
90119ad2-b4bd-49ad-8555-8bbb66effc05,Anish Datta,very good,5,0,2026-06-25 06:41:32,19.7.3,2,0.9099999999999999,positive,0,0,0,0,0,0,satisfied,0
d3bd375a-4dec-40cf-a0f2-38861f3b4f8a,Bhavya Mishra,nice,4,0,2026-06-25 06:39:47,19.7.3,1,0.6,positive,0,0,0,0,0,0,satisfied,0
ab17a37e-ed9c-47c0-a721-48a79333d520,Deepak Shah,best,5,0,2026-06-25 06:37:44,19.7.3,1,1.0,positive,0,0,0,0,0,0,satisfied,0
1d84bb79-7f5a-4072-893b-51f4dcf2a4c6,priya mahesh,good,5,0,2026-06-25 06:36:37,19.7.3,1,0.7,positive,0,0,0,0,0,0,satisfied,0
a0ee6849-9087-405e-b41c-ac4feb42d3f8,Yadwinder singh Singh,Nice,4,0,2026-06-25 06:34:29,19.7.0,1,0.6,positive,0,0,0,0,0,0,satisfied,0
315faaff-e9e8-43b1-a1e8-ebb564d1e4b3,yalamanchili Ganesh,nice 👍,5,0,2026-06-25 06:34:00,19.7.3,2,0.6,positive,0,0,0,0,0,0,satisfied,0
ef70533a-1e6a-4184-8a1a-1b1cbe30ab5b,BHOLA KUMAR SINGH,good,5,0,2026-06-25 06:32:45,19.7.3,1,0.7,positive,0,0,0,0,0,0,satisfied,0
0fec3d29-3a90-4398-8010-7ff63b2c88de,Rahul singh naruka naruka,goood,5,0,2026-06-25 06:31:25,19.7.0,1,0.0,neutral,0,0,0,0,0,0,satisfied,0
7e7434d9-3409-4f3f-aaa7-713f4c1931f5,Kundan Rawat,good,4,0,2026-06-25 06:24:58,19.7.3,1,0.7,positive,0,0,0,0,0,0,satisfied,0
ba48eb51-ae25-4b99-8176-f26d5fdaf7c8,Nischit Hullur,Great app the food will deliver fast,5,0,2026-06-25 06:24:56,19.7.3,7,0.5,positive,1,0,0,0,0,0,satisfied,0
c0059f47-90a5-4705-b242-e009eac6e89f,Sagar Jayswal,good service good food,5,0,2026-06-25 06:21:27,18.4.7,4,0.7,positive,0,0,0,0,0,0,satisfied,0
fb9ded1b-7451-4ed0-8648-d24130235bfc,Akchat Thakur,Awesome,5,0,2026-06-25 06:20:34,19.7.3,1,1.0,positive,0,0,0,0,0,0,satisfied,0
787e047f-b13f-4674-8bc2-2f5d923046a4,Sachin Nishad,good,5,0,2026-06-25 06:18:15,19.7.0,1,0.7,positive,0,0,0,0,0,0,satisfied,0
f87df346-650f-4cbb-ac3d-0648535d0c81,Anand Drall,good,5,0,2026-06-25 06:16:28,19.7.3,1,0.7,positive,0,0,0,0,0,0,satisfied,0
24ee72d3-8089-4185-8c7e-1faeff828bce,Rohit Rohit,well good,5,0,2026-06-25 06:13:40,19.7.3,2,0.7,positive,0,0,0,0,0,0,satisfied,0
8663812b-abd7-4b1b-ae3c-2e3e2a858f71,Subham singh,Zomato is a fraud 🤬🤬🤬🤬🤬🥵,1,0,2026-06-25 06:13:02,19.4.6,5,0.0,neutral,0,0,0,0,0,0,passive,0
264de1cc-de39-4bd1-afba-7ca5dc0ab497,Babu Jangliya,good,3,0,2026-06-25 06:11:07,19.7.3,1,0.7,positive,0,0,0,0,0,0,passive,0
699a41b8-4db8-4ba6-a6f9-625ff1e0eeb0,Sharda Ratre,"worst aap. Delivery boy or restaurants ki galti hone par bhi hamara Cash on delivery option disable kar dete hai or problem solve karne ke liye bhi koi option nahi hai😡. Maine kabhi apna order apne reasons ke wajah se cancel nahi kiya hai. jab bhi cancel hua hai delivery partner not available ya fir delivery time ya fir weather ke wajah se app se through hi cancel kar sakte hai bolte hai , abhi mere last order me delivery boy ne order exchange kar diya tha , 1 ghante me mujhe dusre ka khanaMila",1,0,2026-06-25 06:10:40,,95,-0.425,negative,1,1,0,0,0,0,churned,1
ce61ff81-298a-452e-8bc9-0423bae040d9,Shubham Kangude,very good,5,0,2026-06-25 06:10:36,19.6.8,2,0.9099999999999999,positive,0,0,0,0,0,0,satisfied,0
8b334e08-7f5e-4225-9bf7-ee97b6abfdcc,Ajay Dada,good,5,0,2026-06-25 06:07:46,19.7.3,1,0.7,positive,0,0,0,0,0,0,satisfied,0
dd7f2deb-f475-42e3-bc59-2e993a88c9f8,Babulal Pachar,best aap,5,0,2026-06-25 06:04:46,19.7.3,2,1.0,positive,0,0,0,0,0,0,satisfied,0
8571d4df-a6be-4f23-b87a-0fd0ec54db94,Logu Logu,use full zomato thank you,5,0,2026-06-25 06:00:45,19.7.3,5,0.35,positive,0,0,0,0,0,0,satisfied,0
c2982d9b-4989-414b-9068-a55d7240f4df,Renu Kumari,👍 nice,5,0,2026-06-25 05:58:32,19.7.2,2,0.6,positive,0,0,0,0,0,0,satisfied,0
e3679718-9a74-492b-93bd-83ba32f28a5e,AKASH SINGH,good,5,0,2026-06-25 05:54:18,19.7.3,1,0.7,positive,0,0,0,0,0,0,satisfied,0
726d6e48-fa36-4d5b-9570-09d47d9476f3,Logout ak,👍,5,0,2026-06-25 05:53:09,19.7.3,1,0.0,neutral,0,0,0,0,0,0,satisfied,0
a329ebd2-3afe-48b4-b412-a4709d88c4c4,Prince Rajput,nice app,5,0,2026-06-25 05:51:50,19.7.3,2,0.6,positive,0,0,0,0,0,0,satisfied,0
3aa4197e-23d0-40dc-be52-5b16c7fba40e,MADHUJYA KONWAR,Good,5,0,2026-06-25 05:50:47,19.7.3,1,0.7,positive,0,0,0,0,0,0,satisfied,0
1ea93013-654d-458b-b7c4-a92beb497991,Sridhar Sridhar,ok super,4,0,2026-06-25 05:47:15,19.7.3,2,0.41666666666666663,positive,0,0,0,0,0,0,satisfied,0
7d599744-7273-4350-87a6-8d6e50c904fb,Shivani Kumari,my orders are getting late when I used this first my orders arrived faster which I loved but now it's actual hell every time my orders are getting late not for 2-3 minutes but for 20-25 min means we are mad to use this,2,0,2026-06-25 05:44:57,19.7.2,44,-0.045833333333333344,neutral,0,0,0,0,0,0,passive,0
411f45f7-8b07-414b-9b7e-033ca2e5230a,Merzi,Shared a disappointing mail for a recent order no revert yet 0 stars for you guys on customer service and delivery experience,1,2,2026-06-25 05:42:21,19.7.3,22,-0.3,negative,1,0,0,0,0,0,at_risk,1
b3d49a29-9f5a-4cf7-8ab1-589a0a220aaa,Arpita Kushwaha,good,5,0,2026-06-25 05:39:09,19.7.3,1,0.7,positive,0,0,0,0,0,0,satisfied,0
48cd872d-0895-433e-9328-a81498a5064b,Kolanagaraju8899 Kola nagaraju,good,5,0,2026-06-25 05:38:34,19.7.3,1,0.7,positive,0,0,0,0,0,0,satisfied,0
e5afd88d-8d80-4056-a8ee-fae802dc8f44,Sattanathan Duraipandian,ok,4,0,2026-06-25 05:37:21,19.7.3,1,0.5,positive,0,0,0,0,0,0,satisfied,0
7253c7ee-1340-4f48-acc1-a112b0269931,KUMARESAN S,super Good,5,0,2026-06-25 05:36:07,19.7.3,2,0.5166666666666666,positive,0,0,0,0,0,0,satisfied,0
af103c2c-d123-4079-a29c-5fe222a319dc,Alagumariyammal.A,good,5,0,2026-06-25 05:35:48,,1,0.7,positive,0,0,0,0,0,0,satisfied,0
07dd8c06-7dc4-40fc-9ead-17e5da92f221,Hello,best,5,0,2026-06-25 05:33:20,19.6.8,1,1.0,positive,0,0,0,0,0,0,satisfied,0
2c31d1b1-b7be-40da-bf4b-3244cc4b6d8a,Rajeswari Angel,mm good,5,0,2026-06-25 05:32:36,,2,0.7,positive,0,0,0,0,0,0,satisfied,0
ccd775aa-1f82-4555-8785-d0a1feb5136c,Nitish Tyagi,thanx,5,0,2026-06-25 05:32:09,19.7.3,1,0.0,neutral,0,0,0,0,0,0,satisfied,0
75c88f71-e298-43a7-9aa1-7f3d1b81452e,SAMUEL KOTTA,nice,5,0,2026-06-25 05:25:56,19.7.0,1,0.6,positive,0,0,0,0,0,0,satisfied,0
1dd78f5c-91cc-4286-bab3-9a4c8967ef6e,Kamaljit Mattu,excellent,5,0,2026-06-25 05:24:01,19.7.3,1,1.0,positive,0,0,0,0,0,0,satisfied,0
db3fecaa-ac2b-44b2-a57f-ad7273fea4b0,Subham Saha,over price for every food ... and also in local market u got more than low price in market,1,0,2026-06-25 05:16:00,,19,0.16666666666666666,positive,0,0,0,0,1,0,at_risk,1
c6d93cc9-ca80-46ac-a985-306b372124d9,ravindra ks,good,5,0,2026-06-25 05:13:02,19.7.3,1,0.7,positive,0,0,0,0,0,0,satisfied,0
bf69eccf-8281-4649-883c-8fe07e92e355,Komu Sahota,ok,5,0,2026-06-25 05:09:35,19.7.3,1,0.5,positive,0,0,0,0,0,0,satisfied,0
5fa8cf03-474a-4a49-bb5d-2eded70d8639,sathish kumar,Gud,4,0,2026-06-25 05:06:20,19.7.3,1,0.0,neutral,0,0,0,0,0,0,satisfied,0
be752c19-a20a-4c30-bb21-ca6096d5170a,Meghana Arawandekar,"It's a good app for ordering but since the detailed reviews are unavailable, it's not quite the same. The platform fees are just too much and the delivery time is always showing delay. Moreover, there is no compensation from the restaurant or the app for this delay... the overall experience is getting quite frustrating .Please improve the quality of your services along with the increased cost.",1,0,2026-06-25 05:00:03,19.7.3,66,0.15,positive,1,0,0,0,1,1,churned,1
923582f1-ef54-4ea8-9a1b-d94bc6e35cf9,Pradeep Dagur,this is very awesome app,5,0,2026-06-25 04:56:55,19.7.3,5,1.0,positive,0,0,0,0,0,0,satisfied,0
5961da62-3ac7-4914-a76f-154bf3fef55d,Deep Chand,bhut acha,5,0,2026-06-25 04:54:56,19.7.3,2,0.0,neutral,0,0,0,0,0,0,satisfied,0
668a43ef-21f1-4faa-9199-71d2e49c0553,Biswajit das,nice,1,0,2026-06-25 04:53:35,19.7.3,1,0.6,positive,0,0,0,0,0,0,passive,0
4950cf99-734f-4983-928a-53207fa8f785,Surendra Yogi,good 👍,5,0,2026-06-25 04:52:14,19.7.3,2,0.7,positive,0,0,0,0,0,0,satisfied,0
c8bf79ac-5725-47a1-a314-95c9f5391e28,Gurpreet Singh Singh,🙂,5,0,2026-06-25 04:48:30,19.7.3,1,0.0,neutral,0,0,0,0,0,0,satisfied,0
977beecd-6cdc-4722-b172-bb29e3a138bc,Chhotu Kumar,good khana,5,0,2026-06-25 04:44:43,19.7.3,2,0.7,positive,0,0,0,0,0,0,satisfied,0
2c4475ab-06a3-4774-a275-e53680d3ea44,Md fayaj Ansari,🤣,5,0,2026-06-25 04:35:37,19.7.3,1,0.0,neutral,0,0,0,0,0,0,satisfied,0
9cf53458-2679-4ffd-bac2-d9fe82d7fec0,Harjinder Singh,very good 💯,5,1,2026-06-25 04:34:27,19.7.3,3,0.9099999999999999,positive,0,0,0,0,0,0,satisfied,0
aa63d2f3-1069-41fa-89c4-06fdb6cb283b,Sachin Saini,good 👍🏽,5,0,2026-06-25 04:27:15,19.7.3,2,0.7,positive,0,0,0,0,0,0,satisfied,0
f52408da-72e2-4504-8103-08c3daa3c5ed,sidhiq kk,bad experience,1,0,2026-06-25 04:20:41,19.7.3,2,-0.6999999999999998,negative,0,0,0,0,0,0,passive,0
612c1c7b-436b-42a5-b5c7-4b44218ce817,siva sai,good,5,0,2026-06-25 04:20:00,19.7.3,1,0.7,positive,0,0,0,0,0,0,satisfied,0
b6bfc1b8-0176-4ec7-8af2-e2d3454d7899,Aahil Khan,sarri Sisanya,5,0,2026-06-25 04:15:19,,2,0.0,neutral,0,0,0,0,0,0,satisfied,0
54ff127c-15f9-4389-be16-dfe6c7756c74,Makhan Kushwah yuwteueoeye,good,5,0,2026-06-25 04:14:17,,1,0.7,positive,0,0,0,0,0,0,satisfied,0
4d5c8488-7314-4e85-b6db-ab402a9d1838,Munu Maharaj,good for food,5,0,2026-06-25 04:09:18,19.7.3,3,0.7,positive,0,0,0,0,0,0,satisfied,0
c01bf144-9ea5-4101-8ca5-e42180cf64be,Praggan Das,Good,3,0,2026-06-25 04:07:06,19.7.3,1,0.7,positive,0,0,0,0,0,0,passive,0
e274cf9a-fc0e-4ae4-a539-8a5b9a1be601,Takdeer singh Pal,Good Job 👍,5,0,2026-06-25 04:06:51,19.6.3,3,0.7,positive,0,0,0,0,0,0,satisfied,0
cd9358fe-bf79-452b-b2ac-da304cbff192,Lokpal Yadav,nice,5,0,2026-06-25 04:03:37,19.6.3,1,0.6,positive,0,0,0,0,0,0,satisfied,0
60c3f769-afff-4662-bb83-2fe00016c498,UVPR Varma,good,5,0,2026-06-25 03:57:16,19.5.9,1,0.7,positive,0,0,0,0,0,0,satisfied,0
50482566-17d0-488a-9276-f51d61823684,Kiran Kiran,best,5,0,2026-06-25 03:56:08,19.6.3,1,1.0,positive,0,0,0,0,0,0,satisfied,0
64fdb600-e001-422b-a129-143c6a43af9f,ROMEO 111,good 💯,4,0,2026-06-25 03:55:34,19.7.3,2,0.7,positive,0,0,0,0,0,0,satisfied,0
81947ba8-6225-412a-b25c-1a3664cbd267,Manik,good,4,0,2026-06-25 03:44:52,19.7.3,1,0.7,positive,0,0,0,0,0,0,satisfied,0
54872748-b25a-4217-a671-289d60a482ad,Murugan s,good,5,0,2026-06-25 03:32:52,19.6.8,1,0.7,positive,0,0,0,0,0,0,satisfied,0
77c9cd7f-fc58-4a04-83c3-ca1ed02d2802,Rahul Rahul Kumar,nice app,5,0,2026-06-25 03:21:34,19.7.3,2,0.6,positive,0,0,0,0,0,0,satisfied,0
3ba9e658-d2c2-493a-ba03-ebff431d1c17,Shivansh Raj 2.0,Good morning,5,0,2026-06-25 03:14:17,19.7.0,2,0.7,positive,0,0,0,0,0,0,satisfied,0
dc274191-aa61-4f50-8b55-a19610741975,Satyaprakash Rana,good,5,0,2026-06-25 03:14:01,19.7.0,1,0.7,positive,0,0,0,0,0,0,satisfied,0
252547de-5657-4d46-a605-99bba51e3750,Naresh Kumar,quick process and menu cheaper,5,0,2026-06-25 03:06:26,19.7.3,5,0.3333333333333333,positive,0,0,0,0,0,0,satisfied,0
715df694-f4fc-425d-80b1-bc33a94f415d,Sultan Sultan,thank you for Zomato,5,0,2026-06-25 02:50:06,19.7.3,4,0.0,neutral,0,0,0,0,0,0,satisfied,0
98a38bfd-9adf-4a9a-8c78-5a0094828439,Rajesh Sahani,good,5,0,2026-06-25 02:31:50,,1,0.7,positive,0,0,0,0,0,0,satisfied,0
2b1bd4bd-dfb6-4e86-a09b-13e11bed7891,Ashok Kamath,Extra charges bandits. They charge extra every thing.,2,0,2026-06-25 02:30:56,19.7.3,8,0.0,neutral,0,0,0,0,1,0,at_risk,0
ea7ba6bb-c733-471b-b7bc-444355c8e601,saheb singh soy,it's amazing 😍😍,5,0,2026-06-25 02:29:56,19.7.3,3,0.6000000000000001,positive,0,0,0,0,0,0,satisfied,0
049d16b0-7e3d-4c1a-b9dc-d601231e28de,Manan Yadav,nice,5,0,2026-06-25 02:24:59,,1,0.6,positive,0,0,0,0,0,0,satisfied,0
c401c9f8-d65e-4658-9739-f26aa02771ff,Mayur Sharma,scam plateform. i have ordered from this app and restro itself cancelled the order and still after 20 days i didn't get my refund. support is useless in Zomato app just they say same robotic msg 'mail us' and on mail its been 8 days i have didn't get any revert from them,1,1,2026-06-25 02:19:45,,53,-0.19999999999999998,negative,0,1,1,1,0,0,churned,1
c5c1a60c-cf5a-4fea-8215-c18e37f4912c,Ram Mohan,good offers,4,0,2026-06-25 02:13:12,19.7.3,2,0.39999999999999997,positive,0,0,0,0,0,0,satisfied,0
6e320e1a-1e95-412e-a4fa-3c21f108527e,RAJEEV KUMAR,Very disappointed with Zomato. My order was never delivered even after waiting for a long time. The delivery partner behaved in an extremely rude and unprofessional manner and even used abusive language while speaking to me. This kind of behavior is completely unacceptable. Customer support was also not helpful in resolving the issue. I wasted both my time and money and had a very frustrating experience. Zomato should take strict action and improve its service quality. Highly dissatisfied .,1,0,2026-06-25 02:08:09,19.7.3,79,-0.12055555555555558,negative,1,0,1,1,0,1,churned,1
ab03b832-085e-4341-9c1c-c343bdbee5a1,Soumya Nath,worst app ever . the delivery process and support team was totally disappointed. plz use swiggy.,1,0,2026-06-25 01:57:30,19.6.8,16,-0.875,negative,1,0,0,1,0,0,churned,1
13d444e8-cba5-403e-91f3-1fc4dae22cab,TUSHAR SHIRASULLA,awsome experience lots of offer received no need to check other app you always received price list low from other apps,5,0,2026-06-25 01:41:51,19.7.3,21,-0.08333333333333333,neutral,0,0,0,0,1,0,satisfied,0
9eb750af-82d1-4337-9f66-fb3cb53f091c,R Krishnan,Pickle not supplied with curd rice. This has happened a couple of times in past also,1,0,2026-06-25 01:27:32,19.7.3,16,-0.25,negative,0,0,0,0,0,0,passive,0
2c55a5f3-0ff8-4e42-92f3-744cef41525c,Sandeep Reddy,worst service there is Customer executive support in app I have issue with food order they are telling to mail the issue and get response in 24 hrs worst service.,1,0,2026-06-25 01:05:25,,30,-1.0,negative,0,0,0,1,0,0,at_risk,1
290071cd-e8b0-4e3c-ac05-7c89c33c9062,Laisna Shajan,good delivery slow,4,0,2026-06-25 00:45:43,19.7.0,3,0.19999999999999996,positive,1,0,0,0,0,0,satisfied,0
794e28cb-6ddf-4274-ba79-da17573bba92,vishal kumar,honestly very good aap,5,0,2026-06-25 00:34:05,19.7.3,4,0.9099999999999999,positive,0,0,0,0,0,0,satisfied,0
8b0e2016-1260-4624-acb4-5df0b329a1ac,Payal Ram first one,😀😀,4,0,2026-06-25 00:20:22,19.7.3,1,0.0,neutral,0,0,0,0,0,0,satisfied,0
5abbe9a1-c405-42ce-8769-82d17cc46547,Vijay Dhamlawas,wow,5,0,2026-06-24 23:37:33,19.7.3,1,0.1,neutral,0,0,0,0,0,0,satisfied,0
97affe5b-3064-45eb-abf4-2b2ff7531cde,Sabnur Parvin,Nice,5,1,2026-06-24 23:11:28,19.6.8,1,0.6,positive,0,0,0,0,0,0,satisfied,0
3774e1ce-10cd-48ae-854d-11c93f94187d,Abhinav Pawar,"very nice app,love it",5,0,2026-06-24 22:21:50,19.7.3,4,0.78,positive,0,0,0,0,0,0,satisfied,0
c2252b83-be53-4b47-ab1e-fbb7263349be,Arpit Singh,thank you,5,0,2026-06-24 22:04:54,,2,0.0,neutral,0,0,0,0,0,0,satisfied,0
0069f647-dffa-4583-aaa9-84fa15c76bfc,rohan sharma,zomato k founder ji I don't know whats your name me abhi burger order kr raha tha 1 burger 59 ka but pay krne k liye 109 mang raha sir Swiggy se 234 😂 dlt kr k Swiggy download Kiya abhi use bhi uninstall Kiya mene sir tex k naam apki commission k naam pr itna mt lo paise public ko ese mt luto ameer bano ese mt bano,1,0,2026-06-24 21:41:06,,69,0.0,neutral,0,0,0,0,0,0,passive,0
3fff0106-cf2e-4696-9e80-25bd7acb2abc,MEGHA DESHWAL,good,5,1,2026-06-24 21:40:27,19.7.3,1,0.7,positive,0,0,0,0,0,0,satisfied,0
0719ccd9-81b5-4743-b9ee-4f959a04e53c,Farhan Khan,good 👍,5,1,2026-06-24 21:39:07,19.7.3,2,0.7,positive,0,0,0,0,0,0,satisfied,0
7b15adab-438d-453a-b7fe-d6101d14c6c2,Yash Chide,good job,4,1,2026-06-24 21:09:51,19.7.3,2,0.7,positive,0,0,0,0,0,0,satisfied,0
cb7c95e0-31fb-44b5-9b8f-0661a58503d8,srinjoy kundu,this app does not resolve your problem it 2.30 am I ordered food from zomato infact I am naming the restaurant haji saheb park circus they sent me a wrong order i have all the images and bill still they wouldn't let me talk to an executive and gave me just Rs.130 not even cash back just order from same restaurant i more discounts than what I am getting will never recommend zomato or even haji saheb park circus worst service this is not first time this has happened a lot of times Swiggy's better,1,0,2026-06-24 21:04:34,19.7.2,95,-0.08928571428571429,neutral,0,0,0,0,0,0,passive,0
5f9a2d1e-e235-4d4b-a96b-48812999791a,Jitender Singh,osm delivery on time is great and thanks,5,0,2026-06-24 21:04:29,19.7.3,8,0.5,positive,1,0,0,0,0,0,satisfied,0
d6f73a6c-0619-440e-994a-128768e30e49,Komal Yadav,very good aap,5,0,2026-06-24 20:41:50,19.7.3,3,0.9099999999999999,positive,0,0,0,0,0,0,satisfied,0
f94fa12f-ed78-4ddc-ad92-72a1491152a4,Irfan shaikh,order fast now,3,0,2026-06-24 20:38:31,19.7.3,3,0.2,positive,0,0,0,0,0,0,passive,0
af26e628-e563-4494-bb8a-197afcb346b8,Anil Baghel,Supar 💔💔💔,5,0,2026-06-24 20:28:06,19.7.3,2,0.0,neutral,0,0,0,0,0,0,satisfied,0
990d3671-382c-488a-bfb0-711418539ab0,the sketch,good,5,0,2026-06-24 20:22:43,19.7.3,1,0.7,positive,0,0,0,0,0,0,satisfied,0
f30af7d0-8ee0-4584-9075-cc022b577089,Ujjivan Kudupuganti,in Advertisement Showing Cash on Delivery But in app there is no Option,1,1,2026-06-24 20:19:56,19.6.8,13,0.0,neutral,1,0,0,0,0,0,at_risk,1
0d6377a8-4174-4675-ac5a-8f080bd2ac84,Sushil Chandra Gautam,service is excellent,5,0,2026-06-24 20:17:31,19.7.3,3,1.0,positive,0,0,0,0,0,0,satisfied,0
228ab6a1-9c7a-4c46-abb7-d5d4011d5cb7,One six sports,again again very dealy cod option not available,1,1,2026-06-24 20:13:22,19.7.3,8,0.0,neutral,0,0,0,0,0,0,passive,0
108bff96-987a-4a3b-a05e-a2f5c3f32027,Sarvesh Manjhi,Oder aane ke baad pta chalega ki app acha hai ki kharab,5,0,2026-06-24 20:12:44,19.7.3,12,0.0,neutral,0,0,0,0,0,0,satisfied,0
19173217-b1ac-4eac-ba9e-813f110a3b54,Shadab Khan,that's aa too good 👍,5,1,2026-06-24 20:10:51,19.7.3,5,0.7,positive,0,0,0,0,0,0,satisfied,0
40b394aa-28d5-4ace-99ec-cec6f8121a8d,muhammed shibili,good,5,0,2026-06-24 20:06:24,19.7.3,1,0.7,positive,0,0,0,0,0,0,satisfied,0
264e2575-a5e8-4b27-a9ee-35c037acd491,K. VENKATA SAI CHANDU,good,5,0,2026-06-24 20:00:02,19.7.3,1,0.7,positive,0,0,0,0,0,0,satisfied,0
6e40f8c9-cd53-48c1-8afd-f16314bd4d64,Simran Parveen,good,5,0,2026-06-24 19:57:17,19.7.3,1,0.7,positive,0,0,0,0,0,0,satisfied,0
55272c4a-4bc2-48da-bba4-89800c4b4e3e,Mousami Yogi,good,3,0,2026-06-24 19:54:25,,1,0.7,positive,0,0,0,0,0,0,passive,0
028e8f67-9b3e-4fef-8dae-e80217991a5e,Arahan Ahamed,good,5,0,2026-06-24 19:51:32,19.7.3,1,0.7,positive,0,0,0,0,0,0,satisfied,0
eb0e1998-6412-4fd8-9d75-54dc423788b7,Shivam Sharma,good,3,0,2026-06-24 19:50:09,19.7.3,1,0.7,positive,0,0,0,0,0,0,passive,0
53d9d23f-43fe-4a44-a0a2-d7ada4853ce2,Kathir Vel,good 👍,5,0,2026-06-24 19:48:14,19.7.0,2,0.7,positive,0,0,0,0,0,0,satisfied,0
d9e148e5-6962-457e-99c5-906ea7528833,Kishan Kumar Yadav,क्रिस्टल प्वाइंट स्टारबाजार,5,0,2026-06-24 19:41:09,,3,0.0,neutral,0,0,0,0,0,0,satisfied,0
05ef472e-9052-4aeb-a5df-f1355defe6a0,Silent Sagi,ok,5,0,2026-06-24 19:38:28,,1,0.5,positive,0,0,0,0,0,0,satisfied,0
a4df04c5-543d-469e-b69e-bc2703b45ea1,Yuvraj Singh,help full,5,0,2026-06-24 19:38:04,19.7.3,2,0.35,positive,0,0,0,0,0,0,satisfied,0
db94db50-4cb6-4fc8-9664-2671f9598892,Munish Kumar,Good application for food delivery,5,0,2026-06-24 19:35:57,,5,0.7,positive,1,0,0,0,0,0,satisfied,0
41fbcfde-9633-4302-8111-60c39f35be27,Lalita Gondane,badhiya bahut badhiya Mera par bahut tasty tha,5,0,2026-06-24 19:35:35,19.7.3,8,0.0,neutral,0,0,0,0,0,0,satisfied,0
efafc02c-2b6f-4416-ae65-7c31d728623e,Roshan Kudtarkar,mast,5,0,2026-06-24 19:33:58,19.7.3,1,0.0,neutral,0,0,0,0,0,0,satisfied,0
63c0614b-801b-4726-b6f8-e45fad559794,Chinumaya Pradhan,👍,4,0,2026-06-24 19:32:16,19.7.3,1,0.0,neutral,0,0,0,0,0,0,satisfied,0
d3112a4a-4f69-4b65-9031-7e81899bfb70,Danish Sayyed,good,5,0,2026-06-24 19:30:36,19.7.3,1,0.7,positive,0,0,0,0,0,0,satisfied,0
64b32eba-1387-4fde-952a-9caadab092f5,Padma Dorjey,great,5,0,2026-06-24 19:30:33,19.7.3,1,0.8,positive,0,0,0,0,0,0,satisfied,0
e187dd70-06f7-4e00-93b3-f17b4de52a36,Hari Haran,good,5,0,2026-06-24 19:28:14,19.5.9,1,0.7,positive,0,0,0,0,0,0,satisfied,0
1a139c7d-4383-4255-9fae-4b0b828f059f,Aarti Devi,very nice app,5,0,2026-06-24 19:25:20,19.7.3,3,0.78,positive,0,0,0,0,0,0,satisfied,0
9596133c-9c6e-4a6e-b654-0827e0088c97,Sultan Malik,good service,5,0,2026-06-24 19:24:28,19.7.0,2,0.7,positive,0,0,0,0,0,0,satisfied,0
4e5bb849-4377-4aa8-a7c2-36f3f2193b1e,Rishabh Sharma,bad delivery and all time changes my order,5,0,2026-06-24 19:23:26,19.7.3,8,-0.6999999999999998,negative,1,0,0,0,0,0,satisfied,0
4ae0a1b0-2315-4fe7-8e22-90fccc3aefaa,Anchal Pandey088,good,4,0,2026-06-24 19:21:00,19.7.3,1,0.7,positive,0,0,0,0,0,0,satisfied,0
9481e124-aa9d-4482-b852-8e82c0aa86b3,Mohd. Waseem,not actual price show price are very high and late night not givan cash on delivery payment mod,2,0,2026-06-24 19:18:03,19.7.2,18,0.02700000000000001,neutral,1,0,1,0,1,0,at_risk,0
93843fe9-fe9c-4b84-ac41-f2365ed6e5e3,Samit Pradh,so sweet,5,0,2026-06-24 19:13:34,19.7.3,2,0.35,positive,0,0,0,0,0,0,satisfied,0
9d607881-1d71-4a66-91f3-4c8fb769d5e1,Dhruvil Patel,fail service ! taking too long to assign delivery partner,1,0,2026-06-24 19:11:24,19.7.3,10,-0.3375,negative,1,0,0,0,0,0,at_risk,1
3eadc7d6-ced6-45bf-9af9-021cc8838ba1,Shifu Shaikh,good Job,5,0,2026-06-24 19:10:32,19.7.0,2,0.7,positive,0,0,0,0,0,0,satisfied,0
728413fe-96d8-4d3e-b6f5-78af96591d5a,Kashif Ansari,good,4,0,2026-06-24 19:06:25,19.7.3,1,0.7,positive,0,0,0,0,0,0,satisfied,0
f196f00b-5df1-4549-bf61-54554dc4e4ba,Gourav bharrat,bhot bekar hai service 😡😡😡😡,1,0,2026-06-24 19:05:22,16.1.9,5,0.0,neutral,0,0,0,0,0,0,passive,0
0d3cc410-7893-443c-9ebe-be9f28ae990e,suman raj,good,5,0,2026-06-24 19:04:12,19.7.3,1,0.7,positive,0,0,0,0,0,0,satisfied,0
2b9352b7-7dcf-459d-992c-103e797f0a2a,Sohan Lal,very good,5,0,2026-06-24 19:04:00,19.7.3,2,0.9099999999999999,positive,0,0,0,0,0,0,satisfied,0
d319d1be-9818-4a9a-b312-049b54ebe106,Deval Dhamelia,Good,3,0,2026-06-24 19:03:54,19.7.3,1,0.7,positive,0,0,0,0,0,0,passive,0
993ddd70-34c0-4c6d-ba74-62c8e17f0f02,Rishi Rathore,don't order food from this app..fraud app..I have ordered veg Manchurian biryani from rudragiri velvase fast food bhopal..and I got non veg biryani..and when I called the restaurant they said do whatever u want..very bad response from zomato....better to go with other food ordering apps,1,0,2026-06-24 19:00:04,19.7.3,45,-0.20833333333333326,negative,0,0,0,0,0,0,passive,0
1971dc20-a4a1-4f57-a5cd-8436aea30c2d,Shibu Roy,good,5,0,2026-06-24 18:57:30,19.7.3,1,0.7,positive,0,0,0,0,0,0,satisfied,0
b111475b-1981-4554-bc56-68310a51d45f,Chandra Maddi,high charges on delivery,3,0,2026-06-24 18:55:05,19.7.3,4,0.16,positive,1,0,0,0,1,0,at_risk,0
524b383c-0786-4e72-b357-fabe31fc46f5,Gulshan Kumar,good service and good quality,5,0,2026-06-24 18:54:56,19.7.0,5,0.7,positive,0,0,0,0,0,1,satisfied,0
f8fe29d5-bee8-4653-90a9-8d1b1ec9293e,Rahul Choudhary,Zomato's complaint resolution process is not upto the mark. Some times they just close a complaint by their own with customer satisfaction.,2,0,2026-06-24 18:54:16,19.7.3,22,0.0,neutral,0,0,0,0,0,0,passive,0
db880f89-514f-435e-9e44-410236077d39,Mohd Sadan,good,5,0,2026-06-24 18:53:07,19.6.8,1,0.7,positive,0,0,0,0,0,0,satisfied,0
c99ebb58-1d43-4091-a42b-dc24e8c04ca6,Shoeb Khan,Good,4,0,2026-06-24 18:52:22,19.7.0,1,0.7,positive,0,0,0,0,0,0,satisfied,0
46321a50-1d60-4a2d-bae7-9b340ba814a4,Devki Fast food,nice,1,0,2026-06-24 18:50:09,19.7.3,1,0.6,positive,0,0,0,0,0,0,passive,0
2b38e2db-c615-4058-98f9-10a7e67ebabb,Jaya Bharti,nice ❤️,5,0,2026-06-24 18:48:13,19.7.0,2,0.6,positive,0,0,0,0,0,0,satisfied,0
43968205-ee52-4b30-8d5f-9e15a46bccb2,Md Chand,dudin,5,0,2026-06-24 18:46:22,19.7.3,1,0.0,neutral,0,0,0,0,0,0,satisfied,0
2d5b0d5f-ea47-40bf-bb03-c3b9eb5c0ea4,Souman Mandal,best app,5,0,2026-06-24 18:46:12,19.7.3,2,1.0,positive,0,0,0,0,0,0,satisfied,0
013b1ca2-954c-40a6-926b-6621642e5851,Abhimanyu Singh Rawat,"worst food delivering app, custome chat team will end the chat without any confirmation and resolution from us and restraint are doing malpractice , zomato is not helping me with the problem and saying that cannot help on this further , don't install this app.",1,0,2026-06-24 18:43:27,19.5.1,45,-0.5,negative,1,0,0,0,0,0,at_risk,1
a9c84ef7-8522-498f-9f77-57f3582c6bc5,Ayushi Singh,"if you have tie up with restaurant, then take some responsibility if they are delivering wrong food. i can understand there are many people who use refund policy in wrong manner. But if person is sharing you pictures with bill. Then this is your responsibility as mediator to take actions regarding your tie up partners.",3,0,2026-06-24 18:42:28,19.7.0,55,-0.16666666666666666,negative,1,0,1,0,0,0,at_risk,0
a32645fc-e457-41ee-b239-c089254c3e33,Abhishek Kumar,good 👍,5,0,2026-06-24 18:39:33,19.7.3,2,0.7,positive,0,0,0,0,0,0,satisfied,0
3a49b904-c54a-461f-a8c5-1a3e402cdcc5,Kuljinder Singh,good working,5,0,2026-06-24 18:38:25,19.7.3,2,0.7,positive,0,0,0,0,0,0,satisfied,0
13163977-a3ff-4b4d-8729-88d657258bd6,Zeeshan Khan,good,2,0,2026-06-24 18:36:14,19.7.3,1,0.7,positive,0,0,0,0,0,0,passive,0
bfed549e-61ca-402b-8b67-a5353576b989,Amit Sharma,nice service,4,0,2026-06-24 18:34:38,19.7.3,2,0.6,positive,0,0,0,0,0,0,satisfied,0
1509b3b0-db55-4172-a3cd-16cd9389473c,Vrishabh Bansod,"No proper grievance redressal, Received soggy bread in a sandwich and their bot won't even connect me to human customer care executive.",1,0,2026-06-24 18:34:30,19.7.3,22,0.0,neutral,0,0,0,1,0,0,at_risk,1
5efbf65b-efd0-472a-bc4e-07ceb5318696,Ishwar Dass,super,5,0,2026-06-24 18:34:07,19.7.0,1,0.3333333333333333,positive,0,0,0,0,0,0,satisfied,0
e67f5762-b7fe-415d-a51e-40c75c06f600,Rajkumar Yadav,good,5,0,2026-06-24 18:29:36,,1,0.7,positive,0,0,0,0,0,0,satisfied,0
5034e734-0d93-4849-b0d7-42fcb5b5b2b8,Maheshkumar 6444,good app for food delivery related,5,0,2026-06-24 18:29:18,19.7.3,6,0.35,positive,1,0,0,0,0,0,satisfied,0
79749cea-279b-4367-9958-a2593a0bc634,Prem Vishwakarma,very good,4,0,2026-06-24 18:27:38,19.7.3,2,0.9099999999999999,positive,0,0,0,0,0,0,satisfied,0
45038677-0a12-47de-a2b5-bda2053e5339,Subhash Sinh,fduhc,5,0,2026-06-24 18:27:08,19.7.3,1,0.0,neutral,0,0,0,0,0,0,satisfied,0
765a746f-83ed-4c49-8ef4-dbe7c77b541a,Samuel Sam,good 😊,5,0,2026-06-24 18:27:04,19.7.2,2,0.7,positive,0,0,0,0,0,0,satisfied,0
47fbf0d6-e7cd-44f9-91c3-c44b6472b54e,rajesh rzl,good,5,0,2026-06-24 18:25:25,19.7.3,1,0.7,positive,0,0,0,0,0,0,satisfied,0
3f9309ac-daf8-4662-bb68-563711796017,Anshu brand,zamato is a best,5,0,2026-06-24 18:21:22,19.7.3,4,1.0,positive,0,0,0,0,0,0,satisfied,0
9ab247ab-f559-41d2-814a-8f8f20a7535c,Talim khan Talim khan,ok,5,0,2026-06-24 18:21:13,19.7.2,1,0.5,positive,0,0,0,0,0,0,satisfied,0
836ef97f-5f75-4dab-8a25-048cdd45dff8,Binit Gala,frequent delivery issues and delays,1,1,2026-06-24 18:15:19,19.7.3,5,0.1,neutral,1,0,0,0,0,0,at_risk,1
659119bd-02f7-4397-ba8c-f7b556f94065,Imran Visal,Worst app. They didn't even listen the customers issues.,1,0,2026-06-24 18:14:50,19.7.3,9,-1.0,negative,0,0,0,0,0,0,passive,0
d2d36b34-4fb2-49de-83d9-8e6b80777e6f,Shubhankar Roy,enough is enough. stop looting people. even having a gold membership you have charged Rs. 178/- delivery fee for a Rs. 230/- dish excluding 14/- gst . I placed immediately a cancellation request within 2 mins and you are asking to full cancellation charges of Rs. 469/-. Are you decoit or smuggling? Going to uninstall it tonight. Good bye forever,1,0,2026-06-24 18:13:34,19.7.3,60,0.26249999999999996,positive,1,1,0,0,1,0,churned,1
c9ad6d67-326f-4a28-a507-21ee3d5a475e,K dreem Restaurant,good app,5,0,2026-06-24 18:11:00,19.7.3,2,0.7,positive,0,0,0,0,0,0,satisfied,0
f9fc3d26-dcbf-43b1-bb2a-ff590a8f4418,Gaurav Pahalvan,nice,5,0,2026-06-24 18:10:56,19.5.9,1,0.6,positive,0,0,0,0,0,0,satisfied,0
b4768312-9f5a-4ae5-a3f1-07ecc1839b2e,Anand Vel,good,4,0,2026-06-24 18:08:26,19.7.3,1,0.7,positive,0,0,0,0,0,0,satisfied,0
775be034-1daf-4a36-b3c7-7377f980252a,Sayyed Zahed,pay on delivery nahi de raha hi kisi pas online payment nahi hi to wo kya kare kuch kaam ka nahi hi zomato,1,0,2026-06-24 18:07:41,19.7.3,23,0.0,neutral,1,0,1,0,0,0,churned,1
88cbbbee-2580-49a4-b083-02e9515d1bef,Ganesh j Gj,good,5,0,2026-06-24 18:07:21,19.7.3,1,0.7,positive,0,0,0,0,0,0,satisfied,0
875e767a-e4dc-4cb9-bb39-42b4a7a674a8,Kalvin Karthick,very good,5,0,2026-06-24 18:06:41,19.7.3,2,0.9099999999999999,positive,0,0,0,0,0,0,satisfied,0
e52efd49-20c4-490b-82e0-b2db139d05f2,Apsandhu Tech,good,5,0,2026-06-24 18:05:41,19.7.3,1,0.7,positive,0,0,0,0,0,0,satisfied,0
702ca1cd-5c5b-472d-b793-f2a6d0c70a1d,Bittu Bhadoriya,ok,5,0,2026-06-24 18:04:08,19.7.3,1,0.5,positive,0,0,0,0,0,0,satisfied,0
cd81de6b-83df-43a2-b79a-0f57fe80fc44,Niraj Khatri,"pathetic experience, order cancelled after 50 mins of waiting, chat changing delivery time every minute, support agent saying she didnot cancel the order, restaurant did then saying some other agent did. support giving a statement in 1 breath which sounds like a bot. no concern or value of customer time. Very bad experience. will put this review over other platforms as well. refund is not the resolution. what about me waiting for 50 mins and again have to wait if I order again.",1,0,2026-06-24 18:03:24,19.7.3,83,-0.5399999999999999,negative,1,1,1,1,0,0,churned,1
fa341527-e98b-4948-8425-76802a8cd40a,Priya Kalita,sfot crispy wo,5,0,2026-06-24 18:02:39,19.7.3,3,0.0,neutral,0,0,0,0,0,0,satisfied,0
df8a4120-c367-4dde-b443-8fa51ac2dce9,Ajijul Haque Middya,verry good,5,0,2026-06-24 18:02:31,19.7.3,2,0.7,positive,0,0,0,0,0,0,satisfied,0
4d107235-3b83-4a16-bf02-b8174d19a698,Pradeep Saini,fart delivery,5,0,2026-06-24 18:00:13,19.6.3,2,0.0,neutral,1,0,0,0,0,0,satisfied,0
977b5b54-ebd0-47b1-8c1a-2b30d46858e0,Jitendra Vishwakarma,very bad,1,0,2026-06-24 18:00:00,18.8.2,2,-0.9099999999999998,negative,0,0,0,0,0,0,passive,0
4f93158d-90eb-4e40-a45a-2f7d47074165,Shubham Yadav,nice,5,0,2026-06-24 17:59:57,19.7.2,1,0.6,positive,0,0,0,0,0,0,satisfied,0
b1403767-eaeb-4a8f-afce-15a0c634a748,Rajat Jaiswal,done,5,0,2026-06-24 17:59:52,19.7.3,1,0.0,neutral,0,0,0,0,0,0,satisfied,0
4597b902-9c54-4b7a-a586-74b9d9466210,Shivender Chaudhari,good work,5,0,2026-06-24 17:58:59,19.7.0,2,0.7,positive,0,0,0,0,0,0,satisfied,0
be96fc06-c132-4364-b916-564c236f1c65,Avinash Singh,nice,5,0,2026-06-24 17:58:06,19.7.3,1,0.6,positive,0,0,0,0,0,0,satisfied,0
36fc1e97-10aa-4653-88f2-cc720270f193,Mohammed Hazira,"do not use this app, I'd rather order from Swiggy, customer service is not responsive, I've ordered and paid extra by mistake, I've tried to contact and the only responses were the automated, this is bot the first time, it has happened to me many times and yet I've never received my payment, rather they just make calls about explaining and to wait, it's been about 20 days since the order, this is really annoying and disappointing, i say zomato dissatisfaction with your service i do not recommend",1,0,2026-06-24 17:56:48,19.2.3,88,-0.10833333333333334,negative,0,0,1,0,0,0,at_risk,1
55c097a9-9291-41a0-ab88-826e7eaa21ab,Balappa Halagi,I love u yaar,5,0,2026-06-24 17:56:28,19.7.3,4,0.5,positive,0,0,0,0,0,0,satisfied,0
327cc3ab-a139-41c7-aac7-ad7ac6367cc2,Dhruv Patel,good,5,0,2026-06-24 17:55:41,19.7.3,1,0.7,positive,0,0,0,0,0,0,satisfied,0
e3d3144b-bfd7-4637-b44f-2d94e53234ea,AMIT Debnath,nice,3,0,2026-06-24 17:55:33,19.7.3,1,0.6,positive,0,0,0,0,0,0,passive,0
8aca9eaa-2fac-43bc-90e0-9db5c2cdfb60,sahun khan,wo,1,0,2026-06-24 17:55:33,19.7.3,1,0.0,neutral,0,0,0,0,0,0,passive,0
9059df04-2ca1-4544-acda-8db6bd08a173,Ahsan Ansari,nic,5,0,2026-06-24 17:55:05,19.6.8,1,0.0,neutral,0,0,0,0,0,0,satisfied,0
c4a83036-8ef0-427a-a227-037fc429ef02,harish suhag,Good 💯,3,0,2026-06-24 17:54:36,19.7.0,2,0.7,positive,0,0,0,0,0,0,passive,0
74b621d4-dd80-476a-920e-f97efef0b1d5,Vikram jeet,very nice,5,0,2026-06-24 17:53:56,19.5.5,2,0.78,positive,0,0,0,0,0,0,satisfied,0
a10fb607-1818-42cc-9bd6-3d2463fa9dee,Surender Kumar,very good,5,0,2026-06-24 17:53:28,19.7.3,2,0.9099999999999999,positive,0,0,0,0,0,0,satisfied,0
3c920216-2ccf-42dd-a704-c96726117c15,Khushbu Chouhan,Good good service good timing 👍🏻,5,0,2026-06-24 17:52:54,,6,0.6999999999999998,positive,0,0,0,0,0,0,satisfied,0
85b16eb5-89d8-4df4-be4d-e1c9befb743f,Simran kaur,not gudj,1,0,2026-06-24 17:52:00,19.7.3,2,0.0,neutral,0,0,0,0,0,0,passive,0
36197eaf-5b7f-4451-8098-6ebcb2fdc596,Ayesha Kubra,🙏❤️,5,0,2026-06-24 17:51:18,19.7.3,1,0.0,neutral,0,0,0,0,0,0,satisfied,0
d0ee3f64-d58e-4bb9-a8c3-6335f4b29018,Soni Ankit,good service,4,0,2026-06-24 17:50:38,19.7.3,2,0.7,positive,0,0,0,0,0,0,satisfied,0
2f3455d3-3944-4a50-90dc-35bbab4ffd0e,Nagaraju vadicherla,good,5,0,2026-06-24 17:50:19,19.7.2,1,0.7,positive,0,0,0,0,0,0,satisfied,0
c69fae92-3563-4872-8bda-1e934fd38bb1,Rajesh Kwatra,"very bad customer care service, ordered food from Kaiser , Gurgaon, on 24th June 2026 got totally burnt roasted chicken.... uploaded many pictures of the roasted chicken but the customer care executive was not convinced that the chicken is burnt, .... its very Disappointing , wasted money & poor service. never recommend Zomato.... no accountability, cheating people. I hope the higher ups will look into the whole matter or they will loose business..",1,0,2026-06-24 17:49:34,19.7.3,73,-0.2680769230769231,negative,0,0,1,1,0,0,churned,1
4d6c5e80-98ca-48bb-9809-1b032b60147f,Manisha Gupta,late deliver,1,0,2026-06-24 17:48:20,19.7.3,2,-0.3,negative,1,0,0,0,0,0,at_risk,1
e8444b2c-fdb2-45a4-8399-bab7b916a540,Akshay Patil,good service,5,0,2026-06-24 17:46:36,19.7.3,2,0.7,positive,0,0,0,0,0,0,satisfied,0
4411c194-3478-42bb-8cd8-819fec0bfe03,Raghunath Singha,good,5,0,2026-06-24 17:43:34,19.7.3,1,0.7,positive,0,0,0,0,0,0,satisfied,0
6f0b22e0-7176-4455-936a-782257b1e00f,Eassy Recipes,👍🏻,5,0,2026-06-24 17:43:10,19.7.3,1,0.0,neutral,0,0,0,0,0,0,satisfied,0
8b3dc70e-0b96-4403-a6cd-47fce6debbb9,Aditya Sharma,supar,4,0,2026-06-24 17:41:15,19.7.3,1,0.0,neutral,0,0,0,0,0,0,satisfied,0
1ba63a5e-e3db-4983-810a-99f2ce04a76d,Rajnish Kumar,nice,5,0,2026-06-24 17:41:04,19.7.3,1,0.6,positive,0,0,0,0,0,0,satisfied,0
c7a3b045-da82-49df-9cf2-e2fb37eaeeba,Salman Khan,good,5,0,2026-06-24 17:40:52,19.6.8,1,0.7,positive,0,0,0,0,0,0,satisfied,0
f5f48f00-cec5-4061-8ad5-8a5235d30695,Anjali Singh,nice,5,0,2026-06-24 17:39:48,19.7.3,1,0.6,positive,0,0,0,0,0,0,satisfied,0
fa21e2c7-198a-46ab-97cb-b5ea98356c51,SUBHASH YADAV,all good,5,0,2026-06-24 17:39:28,19.7.3,2,0.7,positive,0,0,0,0,0,0,satisfied,0
9fcc8ccf-28a5-492d-91d5-0be46697db3b,Ganesh Reedy,good 👍,5,0,2026-06-24 17:38:52,19.7.3,2,0.7,positive,0,0,0,0,0,0,satisfied,0
b1120582-1f62-44a8-916b-51d17512968b,Raushan Kumar,slow suply 🥹,2,0,2026-06-24 17:35:36,19.7.3,3,-0.30000000000000004,negative,0,0,0,0,0,0,passive,0
317787dc-1279-437b-9f64-86f0d19e60b3,Dhruv Mahajan,good experience 😃,4,0,2026-06-24 17:35:24,19.7.0,3,0.7,positive,0,0,0,0,0,0,satisfied,0
6b2b94c9-b1ef-48f3-bca8-0d65f28a99aa,naresh chaubey,good work,4,0,2026-06-24 17:34:24,19.5.8,2,0.7,positive,0,0,0,0,0,0,satisfied,0
5803a5a2-7044-485b-97b2-d6e54d763c87,Munna Beniwal_36,good,5,0,2026-06-24 17:33:48,19.7.3,1,0.7,positive,0,0,0,0,0,0,satisfied,0
c3e8aefc-9107-462b-b17a-94adc538a16c,Bhavna Verma,good 👍,5,0,2026-06-24 17:33:41,19.7.3,2,0.7,positive,0,0,0,0,0,0,satisfied,0
e3291b72-aced-4a89-b478-24754b21a54c,Sreekanth Royals,super,5,0,2026-06-24 17:28:38,19.7.0,1,0.3333333333333333,positive,0,0,0,0,0,0,satisfied,0
46f513ef-2352-45b6-8dd1-06c22a4ddccb,shayari Islam Raja Raj qadari,🥰👍👍👍🥰🥰🥰,5,0,2026-06-24 17:27:30,19.7.3,1,0.0,neutral,0,0,0,0,0,0,satisfied,0
4695f598-816a-4051-bca5-ed6686d3748f,Nikhil Ughade,good,5,0,2026-06-24 17:27:24,,1,0.7,positive,0,0,0,0,0,0,satisfied,0
1702fc79-96fe-4a0e-90f0-35a6feaba18b,Ashik,any wait time for order recev,5,0,2026-06-24 17:26:22,19.7.3,6,0.0,neutral,0,0,0,0,0,0,satisfied,0
f27b9e47-28d8-4bbe-92c7-705f9a01244f,Aarushi,waiting,5,0,2026-06-24 17:25:57,19.7.3,1,0.0,neutral,0,0,0,0,0,0,satisfied,0
ea25ae84-60a0-4730-8231-483003acd63c,manoj kumar Chilakalapudi,super,5,0,2026-06-24 17:25:07,19.7.3,1,0.3333333333333333,positive,0,0,0,0,0,0,satisfied,0
6f4595ab-821c-4b55-a0d9-df134d400b6b,sharma naveen,chor hain ye log mising item ka refund nahi karte,1,0,2026-06-24 17:24:53,,10,0.0,neutral,0,0,1,0,0,0,at_risk,1
0d346693-0d9c-443d-9322-8a64ca776bd7,Sanchit Mishra,fine,5,0,2026-06-24 17:23:58,19.7.0,1,0.4166666666666667,positive,0,0,0,0,0,0,satisfied,0
f00a06a0-72a9-498c-8c02-a225cb533c83,Gursheesh Singh dhillon,good,1,0,2026-06-24 17:21:29,19.7.3,1,0.7,positive,0,0,0,0,0,0,passive,0
10a955dc-a281-444c-af0f-bcb71f46a422,Jeel Patel,good,5,0,2026-06-24 17:21:05,19.7.3,1,0.7,positive,0,0,0,0,0,0,satisfied,0
cf8d6c6a-6df1-4ea6-9f19-02bc50840221,Rajesh Lal,fast delivery and packaging is very good in quality,4,0,2026-06-24 17:21:03,19.7.3,9,0.5549999999999999,positive,1,0,0,0,0,1,satisfied,0
10b20896-1a25-4dcc-80de-7ea66f43d88b,Tanaya Gaonkar,good,5,0,2026-06-24 17:20:26,19.7.3,1,0.7,positive,0,0,0,0,0,0,satisfied,0
c3455880-19d4-470b-9c6e-ec7b622094f9,Yogeswari Yogi,good,5,0,2026-06-24 17:18:46,19.7.3,1,0.7,positive,0,0,0,0,0,0,satisfied,0
5fe3927f-bfb2-4a2a-b62a-187fe8bf0208,Maya Jethva,zomato is best,5,0,2026-06-24 17:18:36,19.7.0,3,1.0,positive,0,0,0,0,0,0,satisfied,0
a5e9a86b-0b5f-486f-bb90-b265f0796f27,Sushmitha Gk,very late,1,0,2026-06-24 17:16:49,19.7.3,2,-0.39,negative,0,0,0,0,0,0,passive,0
0b2a15a7-5358-4373-8fc0-9f317db910a7,Aayush Goswami,too many issues in complaints resolution. too robotic and not user friendly.,1,0,2026-06-24 17:16:04,19.7.3,12,0.25833333333333336,positive,0,0,0,0,0,0,passive,0
603005be-e2fb-47a3-9336-53adac1dfee8,Chandan.R Chandan.R,good,5,0,2026-06-24 17:16:02,19.5.9,1,0.7,positive,0,0,0,0,0,0,satisfied,0
339abd49-ea09-420b-8c1e-36c81b2674b4,Shiv Ray,ok nice 👍🙂👍👍,5,0,2026-06-24 17:15:28,19.7.3,3,0.55,positive,0,0,0,0,0,0,satisfied,0
3d7842d6-f110-43b2-b900-d672ca1f0a2d,Jwala Prasad Sonwani,good,5,0,2026-06-24 17:14:51,19.7.3,1,0.7,positive,0,0,0,0,0,0,satisfied,0
2c130f93-b62b-444d-8f39-3ed4dc98f40f,Dibakar Kalita,The app should have spice level indicators. It just shows spicy but how spicy the dish may be the buyer has no idea until his tongue is burning due to the dish being very very spicy,3,0,2026-06-24 17:11:50,19.7.3,36,0.0675,neutral,0,0,0,0,0,0,passive,0
cacfddda-bf0a-4e3f-a61d-8deb04935e39,ROSHAN BAGADIYA Bagadiya (ROSU),application and service are a good,5,0,2026-06-24 17:11:46,19.7.3,6,0.7,positive,0,0,0,0,0,0,satisfied,0
3e525452-8145-40f6-814f-ecbdceaa9a7b,Kuku Verma,nice job,5,0,2026-06-24 17:11:34,,2,0.6,positive,0,0,0,0,0,0,satisfied,0
bf136a93-2260-41cb-a11b-4ec1b5faea30,jaykrishanna loruuu,very nice,4,0,2026-06-24 17:11:33,19.7.3,2,0.78,positive,0,0,0,0,0,0,satisfied,0
b2215fa6-4c59-46a7-9635-9099e79c654f,Mr. Nadeem,👍,5,0,2026-06-24 17:11:33,19.7.3,1,0.0,neutral,0,0,0,0,0,0,satisfied,0
b375e035-d433-411b-b853-6704db5ab3a4,Maaz Shaikh,very good😊,5,0,2026-06-24 17:10:20,19.7.3,2,0.2,positive,0,0,0,0,0,0,satisfied,0
300090fd-d084-4945-8c60-6d0adccfbf7b,Uttam मिश्रा,पहले आने दो फिर लेटिंग दूंगा,2,0,2026-06-24 17:09:09,19.7.3,6,0.0,neutral,0,0,0,0,0,0,passive,0
766c9541-d1f0-4c7a-af20-6e212323ea0d,Happiness Moment,poor service,1,0,2026-06-24 17:08:50,,2,-0.4,negative,0,0,0,0,0,0,passive,0
4bd5f072-8a46-4513-8e9d-45513ff1a561,Hitish Matruprasad Rout,"ZERO ACCOUNTABLE SUPPORT TEAM. I HAVE RAISED COMPLAINT ABOUT FRAUD ACTIVITY FOR MY ORDER, IN WHICH I WAS DELIVERED STALE, ROTTEN AND WROST FOOD FOR MY MONEY. DESPITE MULTIPLE MAILS I GOT ZERO REAULT.NO REVERT MESSAGE / NO ACTION HAS YET RECEIVED. THAT SHOWS ZERO ACCOUNTABILITY TOWARDS CUSTOMER, RESTURANTS ARE EXPLOTITATING & ZOMATO SUPPORT HAVING SOUND SLEEP. SHEER NONSENSE I MUST SUGGEST NOT TO BE A LOYAL CUSTOMER OF ZOMATO. COZ IN THE END, IN NEED THERE IS NO WINDOW TO LISTEN YOUR VOICE .",1,0,2026-06-24 17:06:44,,85,-0.01666666666666668,neutral,1,0,1,1,0,1,churned,1
22785d08-fd97-4342-b723-8e4d7c76e5c3,Arya Latha,good app,5,0,2026-06-24 17:06:17,19.7.3,2,0.7,positive,0,0,0,0,0,0,satisfied,0
fcb8e136-0390-4001-bb63-98cef3cf709c,Pankaj Tiwari,THIS APP IS REALLY GOOD AND BETTER THEN SWIGGY,4,0,2026-06-24 17:05:19,19.7.3,9,0.6,positive,0,0,0,0,0,0,satisfied,0
b47178ed-4642-4f92-a911-26b4300b84a4,Dineshdini nm,not good,2,0,2026-06-24 17:05:14,19.7.2,2,-0.35,negative,0,0,0,0,0,0,passive,0
599b2f20-8191-4cf9-b166-5ec9513b522b,Anish kumar,good,5,0,2026-06-24 17:04:43,17.7.2,1,0.7,positive,0,0,0,0,0,0,satisfied,0
21618cc8-78f9-4ee9-b1a9-ea077500a2ac,Prakash Bisht,good,4,0,2026-06-24 17:03:03,19.7.3,1,0.7,positive,0,0,0,0,0,0,satisfied,0
f9e6837e-a5ff-410f-b27e-9e3b86d64cc5,Mr Dilshad,fast,5,0,2026-06-24 17:01:34,19.7.3,1,0.2,positive,0,0,0,0,0,0,satisfied,0
8ad3ccf7-d82f-401a-b201-3031338828bb,Nitin Rathoria,bilkul bekar app h mene order kra wo deleveryi wala paise leke bhaggya very bad service,1,0,2026-06-24 17:01:00,19.7.3,16,-0.9099999999999998,negative,1,0,0,0,0,0,at_risk,1
f3ffeeab-d980-43f8-9d02-160901057210,yogesh pandey,good,5,0,2026-06-24 17:00:46,19.7.3,1,0.7,positive,0,0,0,0,0,0,satisfied,0
fec5ce3c-a392-40a9-aa0b-40dab4fc3b0e,Veena Bolbanda,worst service. I ordered chicken biryani. but deliverd chicken kharda. how irresponsible. cost taken 207/- completly fraud how could you be irresponsible very disappointed,1,0,2026-06-24 16:59:45,19.7.3,24,-0.7937500000000001,negative,1,0,0,0,0,0,at_risk,1
357f1f6f-461f-4a79-9bc3-8e9043d2b11d,Moin Shaikh,very nice,5,0,2026-06-24 16:58:00,,2,0.78,positive,0,0,0,0,0,0,satisfied,0
58d1ca80-2ab4-4e28-8fd6-6d0169a88e39,Abhinay Reddy Bellamkonda,"very worst experience, They have sent spoiled food and no proper response. The model used in chat is asking for images but it could not identify the clear images I have shared",1,0,2026-06-24 16:56:57,19.7.3,32,-0.3,negative,0,0,0,0,0,0,passive,0
cf2cb5f6-1637-4e41-b9e7-d3b3fab7a9b3,MUKESH SHARMA,good,5,0,2026-06-24 16:55:48,19.7.3,1,0.7,positive,0,0,0,0,0,0,satisfied,0
09d844b0-8f50-4e94-894e-5306a8b21d9c,ash shaq,Lack of proper customer care and fake reassurance my order got delayed by 2 hours and they said they will give me a coupon for the delay and the order will be delivered shortly and 10 mins later they canceled my order and will give a refund and when I asked about them wasting my 2 hours they said they can't do anything and for the coupon they are not authorised to give just fake reassurance and no proper customer care or sign of trying to fix things,1,0,2026-06-24 16:53:47,19.7.3,88,-0.16666666666666666,negative,1,1,1,1,0,0,churned,1
cb4f4774-01a6-4082-92ef-277c51cec0f8,PRASANTAKUMAR DAS,good,5,0,2026-06-24 16:52:43,19.7.3,1,0.7,positive,0,0,0,0,0,0,satisfied,0
a654ca55-0217-4378-96bd-a320f33d2f06,MD Fahad,woooo,3,0,2026-06-24 16:50:43,19.7.3,1,0.0,neutral,0,0,0,0,0,0,passive,0
1b581a55-fe98-481e-a4ee-2de144330645,Ganesh Kori,rider good,5,0,2026-06-24 16:48:24,19.7.3,2,0.7,positive,0,0,0,0,0,0,satisfied,0
9eb10c2b-286f-45bc-9380-3e87b36549be,I AM NAVNEET,good,4,0,2026-06-24 16:47:20,19.7.3,1,0.7,positive,0,0,0,0,0,0,satisfied,0
ae5fa086-36d2-4d81-abaa-9ec52e553939,MR. KABIR Y.T,zomato customer care akdom baja ato late delivery ta kono action nai na 30 min delivery bola 1 ghonta nia lay ai zomato app e food oder ar korbo na akdom baja service,1,0,2026-06-24 16:46:22,19.7.0,33,-0.09999999999999999,neutral,1,0,0,1,0,0,churned,1
82d51e8e-2d1b-4145-88fb-bf10fbfd73f1,Vikas Rana,"worst experience i ordered my food at 9:34 and cancel it on 9:41 cause I want to order something else they show server didn't respond and cancelled my order without even let me know that they will deduct whole amount as cancellation fee , i recommend go for another platform this is literally scam",1,0,2026-06-24 16:45:38,,54,-0.4,negative,0,1,0,0,1,0,churned,1
c078d139-73a4-4397-9894-39093f8a50ff,sandeep KUMAR,Nice,5,0,2026-06-24 16:44:48,19.7.3,1,0.6,positive,0,0,0,0,0,0,satisfied,0
f222c560-f1d7-460e-a829-55fcb15232a6,Jitendra Prasad,very bad app and also this app just increased time of delivery and minimise the time of delivery,1,0,2026-06-24 16:44:44,19.7.3,18,-0.9099999999999998,negative,1,0,0,0,0,0,at_risk,1
38e3079a-07c4-4d3c-9abc-167710d75b05,Rajashekar B,good,5,0,2026-06-24 16:43:41,19.7.2,1,0.7,positive,0,0,0,0,0,0,satisfied,0
9f42962c-a61a-4dd7-92c3-bc367def1f61,Ajab Singh,nice aap,5,0,2026-06-24 16:41:48,,2,0.6,positive,0,0,0,0,0,0,satisfied,0
b5b66653-eb0d-41d3-b3eb-882ede1c9e5a,Abhishek Kr Prajapati (AKP),"An order placed around 55 minutes ago and cancelled it about 30 minutes ago to order different item .However, instead of receiving a refund, I was informed that no refund would be provided and that 100% of the order amount would be charged as a cancellation fee after contacting customer support my refund request was denied.Additionally, the support representative spoke in an unprofessional and rude manner, which was disappointing. Cancellation fee is reasonable but not full amt this is fraud.",1,0,2026-06-24 16:40:26,,80,-0.175,negative,0,1,1,1,1,0,churned,1
dca03d9d-ff66-4b8a-851f-f643448c9458,Pappuram Choudhary,Good,5,0,2026-06-24 16:39:21,19.7.3,1,0.7,positive,0,0,0,0,0,0,satisfied,0
53a5184d-1fd9-42f1-83fd-a51c74e01f61,sanjana peravali,I didn't get one dish worth Rs 100 out 3 things I ordered and when I raised a complaint they only had options of either getting 90/- off on next order valid upto 1 month or get 88/- credited into my account !! how is that fair !! it's not just abiut the 10/- but how I'm paying extra for the mistake of the restaurant or the lack of options on the app,2,0,2026-06-24 16:38:43,19.7.3,73,0.16666666666666666,positive,0,0,0,0,0,0,passive,0
cedf7564-5700-4c3a-8cd1-208a4209a32f,Manoj N Dhakre,good delivery boy,5,0,2026-06-24 16:38:35,19.7.3,3,0.7,positive,1,0,0,0,0,0,satisfied,0
56b1fa21-81f3-4960-80b6-27f0c797e47e,Shibin Pi,nice,5,0,2026-06-24 16:38:13,19.7.2,1,0.6,positive,0,0,0,0,0,0,satisfied,0
c1b034ca-7a32-40a8-b236-0e349837ec28,Aditi Kumari,gud service,5,0,2026-06-24 16:38:06,19.7.3,2,0.0,neutral,0,0,0,0,0,0,satisfied,0
93c4cef1-83d5-4ad9-9b8b-a26250d35b19,Dipankar Sarkar,good one,4,0,2026-06-24 16:36:51,19.7.3,2,0.7,positive,0,0,0,0,0,0,satisfied,0
74b6e6d3-6e19-422a-a5fa-a5d296d571b5,Firoj Khan,op,5,0,2026-06-24 16:36:13,19.7.3,1,0.0,neutral,0,0,0,0,0,0,satisfied,0
acf497ab-a953-48bc-bddd-9c9b82f4657e,Nagma Parween,very good nich osam,5,0,2026-06-24 16:34:18,19.7.3,4,0.9099999999999999,positive,0,0,0,0,0,0,satisfied,0
ab2e1d22-94f3-4339-bbc0-f8869b7ba766,Lacharam Choudhary,very good 👍,5,0,2026-06-24 16:34:10,19.7.3,3,0.9099999999999999,positive,0,0,0,0,0,0,satisfied,0
57d24951-98a3-4730-8fac-6494ec85f277,Happy Singh,trimaki vhut,5,0,2026-06-24 16:33:47,19.7.3,2,0.0,neutral,0,0,0,0,0,0,satisfied,0
7f5a7414-8a44-42f9-af8f-877b1e8178c3,Sahiba Khatoon128,"I really liked your pesti, I cannot find such pesti in the whole of Hyderabad ❤️ thank you cakes fest 👍",5,0,2026-06-24 16:33:01,19.7.3,21,0.26666666666666666,positive,0,0,0,0,0,0,satisfied,0
567ae41b-3020-424f-b329-9642d02b3c3f,A P Singh,Good order placed,5,0,2026-06-24 16:32:57,19.7.2,3,0.7,positive,0,0,0,0,0,0,satisfied,0
9fad3aed-aca3-4d62-aa70-9f0460c44460,zack king,nice,5,0,2026-06-24 16:32:26,19.7.3,1,0.6,positive,0,0,0,0,0,0,satisfied,0
975dd42c-c019-4f67-8887-32f3f596f6fa,Kumaresan N,ok,5,0,2026-06-24 16:30:47,19.7.3,1,0.5,positive,0,0,0,0,0,0,satisfied,0
9b89cd7e-2f14-47db-b314-7c4d73e44fe8,R.N. THAKUR,very good,5,0,2026-06-24 16:29:49,19.7.3,2,0.9099999999999999,positive,0,0,0,0,0,0,satisfied,0
06452462-f90e-4262-b37f-e3fbe24b6b2a,Neharu Singh,Nice,1,0,2026-06-24 16:28:34,19.6.3,1,0.6,positive,0,0,0,0,0,0,passive,0
29022d15-b8d5-47da-9889-e9a4488c0a46,Sunil Rajput,amazing,5,0,2026-06-24 16:27:50,19.7.3,1,0.6000000000000001,positive,0,0,0,0,0,0,satisfied,0
77062b02-478f-400d-ac0a-a203f69d5471,Arnab Das,excellent,5,0,2026-06-24 16:27:33,19.7.3,1,1.0,positive,0,0,0,0,0,0,satisfied,0
de80fc78-5019-4812-87e9-5af139693a3d,anand bisht,thank,5,0,2026-06-24 16:26:21,19.7.3,1,0.0,neutral,0,0,0,0,0,0,satisfied,0
f09952e5-62ac-4626-a7f9-14a43b14a5bc,Shaban ALI,good,5,0,2026-06-24 16:25:14,19.7.3,1,0.7,positive,0,0,0,0,0,0,satisfied,0
414ca849-e150-4776-923b-4f289f0e86f8,Thirunelakandan V,app is good customer service also good but other charges amount is high try to reduce food prices,4,0,2026-06-24 16:23:19,19.7.3,18,0.35874999999999996,positive,0,0,0,0,1,0,satisfied,0
c748cf31-2122-4d10-b97a-aa91d304f029,Arun Naren,not good but okay for dindigul,2,0,2026-06-24 16:22:35,19.7.3,6,0.07500000000000001,neutral,0,0,0,0,0,0,passive,0
d90cea49-f4e7-4134-81fd-f43c55fa9f1f,MANIKANDAN SHANMUGAM,good,5,0,2026-06-24 16:22:14,19.7.2,1,0.7,positive,0,0,0,0,0,0,satisfied,0
5ded7469-32ef-4a22-a81f-3cf8ce56164e,Manohar Hemrajani,nice,5,0,2026-06-24 16:21:48,,1,0.6,positive,0,0,0,0,0,0,satisfied,0
0e94b353-3069-4c84-8935-a02922e249a9,Sahir Laskar,good,4,0,2026-06-24 16:20:32,19.7.3,1,0.7,positive,0,0,0,0,0,0,satisfied,0
74e4acc9-799e-407c-b64b-c759880ce739,Ankita Godara,sometime food is so tasty . but this time feels like waste of money,1,0,2026-06-24 16:20:18,19.7.3,14,-0.2,negative,0,0,1,0,1,0,churned,1
00640e9f-b0b2-479a-92b5-43f7025bd264,Rehan Pathan,👌 best,5,0,2026-06-24 16:20:04,19.7.3,2,1.0,positive,0,0,0,0,0,0,satisfied,0
aa983875-0886-445d-9b7b-333a09d392af,Abhi Mundra,very nice,5,0,2026-06-24 16:19:56,19.7.3,2,0.78,positive,0,0,0,0,0,0,satisfied,0
7b596001-86ac-42a3-b36a-478748546d64,Nitin Kumar,Nitin kumar pk pk Pk,5,0,2026-06-24 16:16:49,19.7.0,5,0.0,neutral,0,0,0,0,0,0,satisfied,0
8d4545e5-2cb4-4a25-8182-67798daf3bc8,shivang Upadhyay,nice,5,0,2026-06-24 16:16:33,19.7.3,1,0.6,positive,0,0,0,0,0,0,satisfied,0
a1ff8e3b-2e9c-4e55-899c-f4110ebb0174,Pratik Patil,best deal,5,0,2026-06-24 16:14:42,19.7.3,2,1.0,positive,0,0,0,0,0,0,satisfied,0
8b2344b4-8cef-41a2-8662-8d2ac472a9e9,Mamta Singh,good service,5,0,2026-06-24 16:12:06,19.7.3,2,0.7,positive,0,0,0,0,0,0,satisfied,0
37206195-cf85-4ff7-99a8-3f6214137473,Navneeth Jha,The first order placement is benifit,5,0,2026-06-24 16:11:48,19.7.3,6,0.25,positive,0,0,0,0,0,0,satisfied,0
a5dd23b9-2ad6-4992-93e3-6acdabcbf9bb,Rajesh Chouhan,👍,4,0,2026-06-24 16:10:25,19.7.3,1,0.0,neutral,0,0,0,0,0,0,satisfied,0
f069dfa7-3758-47bb-b127-0cca2af6a390,Abul Lamen,very pathetic service. order gets delayed and support doesn't respond.,1,0,2026-06-24 16:10:25,19.7.3,10,-1.0,negative,0,0,0,1,0,0,at_risk,1
d66cc440-9544-4ccb-80ff-a6588f758ea2,Jagdish Kumar,always saving time,5,0,2026-06-24 16:10:14,19.7.3,3,0.0,neutral,0,0,0,0,0,0,satisfied,0
98442cf5-66c1-4016-bfe2-4809f0655903,Kumar Gaurav,ok,5,0,2026-06-24 16:10:12,19.6.8,1,0.5,positive,0,0,0,0,0,0,satisfied,0
dc052925-d641-4581-b6b2-8d2002573bdc,Azam Abdull,Good,5,0,2026-06-24 16:08:58,19.7.3,1,0.7,positive,0,0,0,0,0,0,satisfied,0
6c0a249d-12ab-4869-9fb4-9575ab1f78bd,GUDIVADA UPENDER RAO,good,5,0,2026-06-24 16:08:12,19.7.3,1,0.7,positive,0,0,0,0,0,0,satisfied,0
272e96f4-9a33-49ad-942c-4a762cf9c9a5,Bablu Bairagi,Best,5,0,2026-06-24 16:05:50,19.7.3,1,1.0,positive,0,0,0,0,0,0,satisfied,0
25482f27-438d-49a1-a6ca-beab76181a50,Anoosha Yarrankani,not delivered our food even after 1 and a half hour,1,0,2026-06-24 16:03:22,19.7.3,11,-0.16666666666666666,negative,1,0,0,0,0,0,at_risk,1
36fb5430-fe46-4acd-91aa-6909c1c204e5,Jayanti Chintu,super,5,0,2026-06-24 16:02:52,19.7.3,1,0.3333333333333333,positive,0,0,0,0,0,0,satisfied,0
1857d99b-07f2-4eb3-a8e7-75d454eec79a,Abhay Yadav,very poor delivery,1,0,2026-06-24 16:02:45,,3,-0.52,negative,1,0,0,0,0,0,at_risk,1
947597cd-cd64-4d49-a495-f5c32c56693d,Suraj Singh,super service,5,0,2026-06-24 16:02:12,,2,0.3333333333333333,positive,0,0,0,0,0,0,satisfied,0
3f7edddf-b117-4fac-87ac-6bd690de55d2,Manish Patira,over charging,1,0,2026-06-24 16:01:12,13.2.4,2,0.0,neutral,0,0,0,0,0,0,passive,0
93f182f1-1995-45ec-8a92-506923c50b36,Mannan King,nice,5,0,2026-06-24 16:01:04,19.7.2,1,0.6,positive,0,0,0,0,0,0,satisfied,0
2f7bb094-ceae-4771-99c9-8db5292024ee,jai prakash patel,good,5,0,2026-06-24 16:00:38,19.7.0,1,0.7,positive,0,0,0,0,0,0,satisfied,0
aa458af2-a0f5-480e-8be6-4988b50e9a81,vipin sharma,good,5,0,2026-06-24 15:59:45,19.7.3,1,0.7,positive,0,0,0,0,0,0,satisfied,0
79c5d0c7-d96d-4343-a003-d425c6ec7279,Debasis Behera,Awesome,5,0,2026-06-24 15:57:35,19.7.3,1,1.0,positive,0,0,0,0,0,0,satisfied,0
b276da67-1a19-4684-972c-9b0d0a8d5974,Deepayan Majumder,Nice offers in gold.,5,0,2026-06-24 15:56:34,19.7.3,4,0.35,positive,0,0,0,0,0,0,satisfied,0
e0c4dfee-6dbb-4af0-b62b-cf20791b7cf6,Prince Kumar,good,5,0,2026-06-24 15:56:10,19.7.3,1,0.7,positive,0,0,0,0,0,0,satisfied,0
463a0de9-77d0-48c4-9be7-8fccf6770964,Ibrahim Meer,good,5,0,2026-06-24 15:55:19,19.7.3,1,0.7,positive,0,0,0,0,0,0,satisfied,0
9822ceba-2d18-4509-ad13-32d4985d8468,Aman Mahor,good,3,0,2026-06-24 15:54:02,19.7.3,1,0.7,positive,0,0,0,0,0,0,passive,0
34117879-7e4f-4a65-9e1f-13488766c1c0,Komal Manjhi,good,5,0,2026-06-24 15:53:12,19.7.3,1,0.7,positive,0,0,0,0,0,0,satisfied,0
2240b3a8-fb50-48fe-826f-a7881815b89a,Stuti Tiwari,"Food charges are too high and food items are not even tested for safety and freshness.These days people who are running home kitchen give stale food to clients,which sometimes the food itself and sometimes the ingredients are stale, sometimes kept for months before using them in dishesh.I was surprised to see my neighbour doing the same and it's ill of zomato to not look into the quality and quantity of delivered food.It's better to eat at thellawallas instead of ordering from zomato VBad exp :(",1,0,2026-06-24 15:51:51,19.7.3,85,-0.18625,negative,1,0,0,0,1,1,churned,1
5b6291ec-c39b-4a23-bca7-097c9e894b33,PAWAN KUMAR THAKUR,"It is the best service and the biggest thing is that whenever you order, you get discount on every order, there are no complaints about the food, the delivery boy comes before time.",5,0,2026-06-24 15:51:32,19.7.3,33,1.0,positive,1,0,0,0,0,0,satisfied,0
e01c0014-18af-4d6d-9dbd-e6cc469cc6fb,Bhanu Bhojwani,good service,5,0,2026-06-24 15:51:24,19.7.3,2,0.7,positive,0,0,0,0,0,0,satisfied,0
a4562abf-2268-4a28-9c82-a2df9a1a35be,Shami Bidaye,The waffle was very hard this time. Not expected from Belgium waffles. Kindly compensate.,1,0,2026-06-24 15:50:25,19.7.0,14,0.09027777777777775,neutral,0,0,0,0,0,0,passive,0
87a9e6b0-4a00-4cd2-bb2b-3d929a896903,Ayush saxena,nice,5,0,2026-06-24 15:49:39,19.7.3,1,0.6,positive,0,0,0,0,0,0,satisfied,0
37c1a4e4-1e59-40f2-9542-3c69e275c512,Raj Kumar (Roy),The pizza is very tasty,5,0,2026-06-24 15:48:59,19.7.3,5,0.2,positive,0,0,0,0,0,0,satisfied,0
7d4946eb-bce3-4763-b075-b713ebf05a87,sami Thapa,🙂,4,0,2026-06-24 15:48:11,19.7.3,1,0.0,neutral,0,0,0,0,0,0,satisfied,0
f86d9408-0121-48cf-88be-20b95cb4e195,Rathnam Shivagalla,😂😂😂😂😂😂 good gsbsysvaah gshausbaywvsusk gabsysvays sumtabauavayav yabsysvaysbs,5,0,2026-06-24 15:47:42,19.7.3,7,0.7,positive,0,0,0,0,0,0,satisfied,0
d921d2e5-8d1c-4661-98b6-6d98a5bf66da,Neha Maurya,best 👍,5,0,2026-06-24 15:47:30,19.7.3,2,1.0,positive,0,0,0,0,0,0,satisfied,0
1392fedc-d7b9-4eae-b350-fb96e1a3c9a3,Nandeesh N,tq Delivery sir,4,0,2026-06-24 15:45:23,19.7.3,3,0.0,neutral,1,0,0,0,0,0,satisfied,0
60159fa7-db60-423a-a8d5-1e0976d278f1,Rohit Gadagkar,nice,5,0,2026-06-24 15:45:19,19.7.2,1,0.6,positive,0,0,0,0,0,0,satisfied,0
96de81b0-c33b-4c8a-8bfe-f963aadd3882,Santosh,good,5,0,2026-06-24 15:43:52,,1,0.7,positive,0,0,0,0,0,0,satisfied,0
27fdef33-7205-4613-8367-4743b63cd393,Ashutosh prusty,"even after sending a complaint over mail, no response from support for wrong order. This app doesn't even have a working clock. you'll see arriving in 10mins for 15mins and time won't change, still show On time.",1,0,2026-06-24 15:42:08,19.7.3,37,-0.4,negative,0,0,0,1,0,0,at_risk,1
35d3c472-e079-4f5a-bc44-d121ce58fa2d,Saniya Khan Khan,nice,5,0,2026-06-24 15:37:23,19.7.3,1,0.6,positive,0,0,0,0,0,0,satisfied,0
e386681e-ab77-4ad9-b124-5e6fab40913e,Harsha vardhan Pithani,nice,5,0,2026-06-24 15:36:38,19.7.3,1,0.6,positive,0,0,0,0,0,0,satisfied,0
11ccbfc0-50de-46ed-8c43-6e93fbe5fdbe,manish tiwaripnb,good,5,0,2026-06-24 15:36:08,19.6.3,1,0.7,positive,0,0,0,0,0,0,satisfied,0
b1629858-4168-40da-ba74-c1533348e95f,Shekhar Kumar,superb,5,0,2026-06-24 15:36:04,19.7.3,1,1.0,positive,0,0,0,0,0,0,satisfied,0
acc3c31e-5048-4872-a759-19b5d2209345,Vinit Dixit,maha ghatiya,1,0,2026-06-24 15:35:38,19.2.7,2,0.0,neutral,0,0,0,0,0,0,passive,0
446b8b41-4175-4006-ad6f-ca831735c6ac,SHOBHNATH YADAV,Very good foods,5,0,2026-06-24 15:35:20,19.7.3,3,0.9099999999999999,positive,0,0,0,0,0,0,satisfied,0
1f078a3d-1ca3-4531-a1ec-5871ac78de57,venkanna dharavath,Nice,5,0,2026-06-24 15:34:48,19.7.3,1,0.6,positive,0,0,0,0,0,0,satisfied,0
fc176fad-8ddd-4df7-8227-7100ed12fc68,Kunal Kumar rai,best service,5,0,2026-06-24 15:34:03,19.7.3,2,1.0,positive,0,0,0,0,0,0,satisfied,0
2686d14a-02b1-4a01-9884-bc66aaea53fc,Arun kohli,best offer of the zomato,4,0,2026-06-24 15:33:02,19.7.3,5,1.0,positive,0,0,0,0,0,0,satisfied,0
8c3feeaf-a4a2-4bfa-8952-480196856434,Surendra Naik,there's no rain bt dat app always saying there's rain... very poor and silly reasons,1,0,2026-06-24 15:33:01,19.7.3,15,-0.51,negative,0,0,0,0,0,0,passive,0
4cd06fdf-1b37-4bf4-b229-18f3e0924dc6,Deepa Santosh Ghanwat,Friendly and detailed menu,5,0,2026-06-24 15:32:38,19.7.0,4,0.3875,positive,0,0,0,0,0,0,satisfied,0
453571c2-0b69-44d8-bebd-b596bb36d42c,Pratibha Kothari,good service,5,0,2026-06-24 15:31:31,19.7.3,2,0.7,positive,0,0,0,0,0,0,satisfied,0
53f83230-594f-4bec-87a0-be1fa557af1d,Jigar Amin,good,5,0,2026-06-24 15:30:46,19.7.2,1,0.7,positive,0,0,0,0,0,0,satisfied,0
65ea478d-c105-4701-93a4-79fd3c65ff4c,Sisha Sen choudhury,very good,5,0,2026-06-24 15:30:19,18.3.4,2,0.9099999999999999,positive,0,0,0,0,0,0,satisfied,0
8f95f344-5431-4fab-8c5a-994e74b947c7,Bishnu Timsina,super,5,0,2026-06-24 15:28:36,,1,0.3333333333333333,positive,0,0,0,0,0,0,satisfied,0
0821b07e-40b6-4175-b485-4a83187a7cf3,Shreeram Kumar,very good,5,0,2026-06-24 15:28:26,19.7.3,2,0.9099999999999999,positive,0,0,0,0,0,0,satisfied,0
8eeadabe-44b9-4d95-9f7c-f2450913ee92,Shiv Shankar Yadav (Rinku Yadav),ok,5,0,2026-06-24 15:27:50,19.7.3,1,0.5,positive,0,0,0,0,0,0,satisfied,0
67ed2720-7e25-43c7-8f31-8fe1384eff7c,Hasu,Good performance this app,5,0,2026-06-24 15:27:32,19.7.2,4,0.7,positive,0,0,0,0,0,0,satisfied,0
ee3309bb-b3af-4cfd-a77f-bb47094ba034,Amit Singh,chor company . charging customer for delay in delivery by delivery boy,1,0,2026-06-24 15:26:05,19.7.3,12,0.0,neutral,1,0,0,0,0,0,at_risk,1
8d94d28c-c7eb-48e6-a484-35ab46fee43b,Vicky bhardwaj,good,5,0,2026-06-24 15:26:05,19.7.3,1,0.7,positive,0,0,0,0,0,0,satisfied,0
f162e70f-9c06-4e4c-ad7c-1f6be8feb3be,DURGESH VISHWAKARMA,good,4,0,2026-06-24 15:21:11,19.7.3,1,0.7,positive,0,0,0,0,0,0,satisfied,0
ae6ceebf-ad59-448a-8071-55d251624ffa,kamal kant Sahu,it's awesome,5,0,2026-06-24 15:19:16,19.7.0,2,1.0,positive,0,0,0,0,0,0,satisfied,0
46cd9926-3b83-4855-a1f4-a27afa810d27,Sunny Kumar,no spicy,5,0,2026-06-24 15:17:26,19.7.0,2,0.0,neutral,0,0,0,0,0,0,satisfied,0
09eca34e-fd45-4e55-b21d-f671bdd46ca3,paramesh nomula,"Customer care service team is so dumb, they dont know how to resolve issues.They proved",1,0,2026-06-24 15:16:40,19.7.3,15,-0.375,negative,0,0,0,1,0,0,at_risk,1
4af1a0df-313f-4838-905d-8ebae3c7cd8f,Raman Kushwah,all good,5,0,2026-06-24 15:16:05,19.7.3,2,0.7,positive,0,0,0,0,0,0,satisfied,0
abf93a83-f8ca-4bc4-930d-b587e573f85a,Hetal Bhatt,good discount,5,0,2026-06-24 15:15:58,19.7.3,2,0.7,positive,0,0,0,0,0,0,satisfied,0
48f35dd4-4f75-4d9a-a13a-f91504193e9a,Mukesh Bahuguna,Good,4,0,2026-06-24 15:15:18,19.6.8,1,0.7,positive,0,0,0,0,0,0,satisfied,0
266fb2d7-fb2d-46b2-86cb-8ed8bafccfce,UP Vyapar - SME,Nice,5,0,2026-06-24 15:14:55,,1,0.6,positive,0,0,0,0,0,0,satisfied,0
82cfbf0a-f859-4fd5-ada3-ecc552b8523d,Budhram Sarova,good Service,5,0,2026-06-24 15:13:47,19.7.0,2,0.7,positive,0,0,0,0,0,0,satisfied,0
1c8c7eaf-a373-40aa-a3d7-237ea417e29e,Satish Mishra,additional star after delivery,1,0,2026-06-24 15:13:32,19.7.3,4,0.0,neutral,1,0,0,0,0,0,at_risk,1
3e8b36cf-bddf-4f6b-9fc5-0ecfaee51d2c,Khushbu Koriya,Excellent,5,0,2026-06-24 15:12:41,19.7.3,1,1.0,positive,0,0,0,0,0,0,satisfied,0
fc194ca4-20bf-4b44-bf7a-b1c39a1a115e,Virender Kumar,good,4,0,2026-06-24 15:10:14,19.7.3,1,0.7,positive,0,0,0,0,0,0,satisfied,0
a4cd6fed-2c4a-469f-834b-2d555071050e,Mie Mee,best app,5,0,2026-06-24 15:09:57,19.7.0,2,1.0,positive,0,0,0,0,0,0,satisfied,0
4b3ce79f-90af-4be2-b232-1b12c4742a84,Akshay V S,"put some offer gooooys,this is not budget friendly for a unemployed man🥲",2,0,2026-06-24 15:09:33,19.7.3,12,0.375,positive,0,0,0,0,0,0,passive,0
b2a586f5-c711-43b2-b2f4-497a745fce87,Matoshree club Jogeshwari,good thank you,5,0,2026-06-24 15:08:57,19.7.3,3,0.7,positive,0,0,0,0,0,0,satisfied,0
4a68fe90-5526-45ea-9c7d-5e70abcbdce7,Mahamaya Biswal,nice,5,0,2026-06-24 15:07:38,19.7.3,1,0.6,positive,0,0,0,0,0,0,satisfied,0
5ccbe04a-7474-4e9a-982d-15c110cbb0e5,Ruma Das,high charges,1,0,2026-06-24 15:06:47,19.7.3,2,0.16,positive,0,0,0,0,1,0,at_risk,1
c8ae2c23-8eb0-42dc-9fbf-10cc9ac5f05b,Shrikant Jadhav,grt app,5,0,2026-06-24 15:06:25,19.7.0,2,0.0,neutral,0,0,0,0,0,0,satisfied,0
11fe6346-28fd-491b-98e4-d4db58bf1260,Bhargav Ambekar,Very high platform and other charges.,1,0,2026-06-24 15:02:44,19.7.0,6,0.04150000000000001,neutral,0,0,0,0,1,0,at_risk,1
6e2f5f5a-5a26-4e3d-b12b-cba757f4e324,AMIN SHAIKH,Great 👍,5,0,2026-06-24 15:02:43,19.7.3,2,0.8,positive,0,0,0,0,0,0,satisfied,0
1b32b196-06f3-4e6a-bcaf-5265b6a8442b,Arhankhan,nice,5,0,2026-06-24 15:01:11,19.7.3,1,0.6,positive,0,0,0,0,0,0,satisfied,0
bd7b9b37-3b8a-445a-b44f-114ea1dc2dc5,Simranjit Singh,good,5,0,2026-06-24 15:00:56,19.7.0,1,0.7,positive,0,0,0,0,0,0,satisfied,0
cee89f09-19b8-4b73-b262-e6acfdb3136c,kamal rajkumar,nice,5,0,2026-06-24 15:00:47,19.7.0,1,0.6,positive,0,0,0,0,0,0,satisfied,0
ce1a0051-23b8-4663-b402-4908bb2630a5,Ashu Shirse,best,5,0,2026-06-24 15:00:04,19.7.3,1,1.0,positive,0,0,0,0,0,0,satisfied,0
17802ed2-c56a-41f7-9f89-ee4102cf87ce,Saurav Kumar,very good 👍,5,0,2026-06-24 14:59:43,19.7.3,3,0.9099999999999999,positive,0,0,0,0,0,0,satisfied,0
e2213e85-fc48-4eb6-8b04-31ba8a1bd3b8,Pruthviraj More,💗,5,0,2026-06-24 14:59:34,19.7.3,1,0.0,neutral,0,0,0,0,0,0,satisfied,0
93ae60b8-aaf3-4623-90e3-05a463eb8427,DEEPAK RAVAL,kripya pahle ka payment mujhe return Mila nahin hai aur payment cut chuka hai aur abhi tak Koi Dhyan company Ne Diya nahin Hai,5,0,2026-06-24 14:58:15,19.7.3,24,0.0,neutral,0,0,1,0,0,0,satisfied,0
2f757172-2d2e-47ec-b655-caa34c2e8c37,Devil Morning star,good:),5,0,2026-06-24 14:56:37,19.2.6,1,0.6,positive,0,0,0,0,0,0,satisfied,0
837cd8c9-8707-483d-8ac8-1e4410677b09,Ashok Kumar,Very fast delivery outstanding,5,0,2026-06-24 14:56:06,19.7.3,4,0.38,positive,1,0,0,0,0,0,satisfied,0
15cc4347-bde3-406e-bd03-1274f33f6364,MD Shaikh,ok,5,0,2026-06-24 14:54:45,19.7.3,1,0.5,positive,0,0,0,0,0,0,satisfied,0
5c8468fb-0462-4b9e-94b0-371e32697503,Hitesh Shakya,देखते है आप को भी SWIGGY वाले साले तो फ्रॉड है,5,0,2026-06-24 14:53:04,19.5.0,11,0.0,neutral,0,0,0,0,0,0,satisfied,0
4701ba57-0f7f-4325-9839-143cd66e5edf,Dhileep,good,5,0,2026-06-24 14:50:32,19.7.3,1,0.7,positive,0,0,0,0,0,0,satisfied,0
bdae0cd7-65c4-433b-9a1a-6b6da218d132,Sardar Singh,good 👍 nice,5,0,2026-06-24 14:50:20,,3,0.6499999999999999,positive,0,0,0,0,0,0,satisfied,0
3c1df4de-e30f-4852-9376-9bde845e53cb,Sandip Sandip,nice,2,0,2026-06-24 14:50:02,19.7.3,1,0.6,positive,0,0,0,0,0,0,passive,0
1d9090d5-23b2-46ac-af3d-e776a2d75ed3,Thasreefa B,nice🤩,5,0,2026-06-24 14:49:37,19.7.3,1,0.0,neutral,0,0,0,0,0,0,satisfied,0
f8bb0104-20e4-487e-ab6d-576e7c5190ab,Mohammed muzaffar Mohammed mufzaffar,good,5,0,2026-06-24 14:48:23,19.5.8,1,0.7,positive,0,0,0,0,0,0,satisfied,0
00169b4a-d307-4a72-85a1-8bb44f22968c,Nandhini Nandhinimanoj,good service 👍,5,0,2026-06-24 14:48:22,19.7.0,3,0.7,positive,0,0,0,0,0,0,satisfied,0
4ece2b44-bf3f-4218-abe0-5f3c729661bf,Mondira Biswas,just osmmm delivery survive and behaviours.. thank you zomato..🥰,5,0,2026-06-24 14:46:13,19.7.3,9,0.0,neutral,1,0,0,0,0,0,satisfied,0
120ed74d-ce67-4d7b-bbc0-eda85da4cc22,ANTRA BHATTACHARYA,Good service,5,0,2026-06-24 14:45:33,19.1.7,2,0.7,positive,0,0,0,0,0,0,satisfied,0
45f4d7f1-b9f6-4493-8f3c-740d308efbbb,Sanjay Parihar,nice 🙂,5,0,2026-06-24 14:44:32,19.7.3,2,0.6,positive,0,0,0,0,0,0,satisfied,0
94b81e43-40b1-489a-8554-65f5f855871c,Suraj Kumar,sabse ghatiya service hai delay order......,1,0,2026-06-24 14:44:23,19.7.3,6,0.0,neutral,0,0,0,0,0,0,passive,0
2030148f-7d6b-42a9-b539-a8ce1f771b11,Krpanandan Bhai,thank you,5,0,2026-06-24 14:40:20,19.7.3,2,0.0,neutral,0,0,0,0,0,0,satisfied,0
9336071c-46af-4b23-be1f-7d681d6b793d,Padmini Swain,good service,4,0,2026-06-24 14:38:51,19.7.3,2,0.7,positive,0,0,0,0,0,0,satisfied,0
dd36e804-bd05-4230-871a-6f4cf422750d,gaurab pal,High platform fees,3,0,2026-06-24 14:38:42,19.7.3,3,0.16,positive,0,0,0,0,1,0,at_risk,0
ad8d64c4-4708-4e7f-b44e-cf1a874d13c2,O.P. Rathore,very good 👍,4,0,2026-06-24 14:38:12,19.7.3,3,0.9099999999999999,positive,0,0,0,0,0,0,satisfied,0
80dd74d2-d873-4844-9239-dbc721df0e2d,Lakhisar Hansda,good 👍,3,0,2026-06-24 14:37:51,19.7.3,2,0.7,positive,0,0,0,0,0,0,passive,0
c8fb267c-0c2d-422d-84b5-48259a86b810,Sarvesh Sawant,good,5,0,2026-06-24 14:36:16,19.7.3,1,0.7,positive,0,0,0,0,0,0,satisfied,0
81899383-b4e4-492d-8632-07ae2d3cade0,Devendra Desai,ok,3,0,2026-06-24 14:35:53,19.7.3,1,0.5,positive,0,0,0,0,0,0,passive,0
9336c020-ec35-4951-936b-926ba154d66e,Zahid Ghazi,rate are too high,2,0,2026-06-24 14:35:42,19.7.2,4,0.16,positive,0,0,0,0,0,0,passive,0
511a42bd-f246-42c0-90bc-0c5d2f4ce2b4,Mohd Naseer,good,5,0,2026-06-24 14:35:08,19.7.3,1,0.7,positive,0,0,0,0,0,0,satisfied,0
4e74f975-3eb8-4460-a225-159d1cac0b14,Hashimuddin Shaik,best app for food lover,5,0,2026-06-24 14:34:00,19.7.2,5,1.0,positive,0,0,0,0,0,0,satisfied,0
6c9dd9f3-74c9-4537-af7f-bfc383879f3c,Krishna haldar,good,5,0,2026-06-24 14:32:47,19.7.3,1,0.7,positive,0,0,0,0,0,0,satisfied,0
9fbe3627-be09-4de4-b1b2-e8312fd54c67,Rafique Shaikh,ok,5,0,2026-06-24 14:31:19,19.7.3,1,0.5,positive,0,0,0,0,0,0,satisfied,0
f590a61a-873e-4a3e-b0ca-738966821bf7,Sahin Uddin,good 👍,5,0,2026-06-24 14:31:14,19.7.3,2,0.7,positive,0,0,0,0,0,0,satisfied,0
328c03cd-d756-4f85-b130-571c6d6564d8,Omkar Mergu,"I zomato team, I would like you to suggest this to management, sodexo/pluxee is not allowed at many outlets like pizza hut but in your app its allowed. tieup with such outlet so we can dine in there and pay through your app using sodexo/pluxee.",4,0,2026-06-24 14:30:11,19.7.3,45,0.25,positive,0,0,0,0,0,0,satisfied,0
8368af38-67fb-4c5a-8dde-c3b90fdb5834,Guggulla Hari,nice,5,0,2026-06-24 14:30:08,19.7.3,1,0.6,positive,0,0,0,0,0,0,satisfied,0
689f040c-45fd-4190-a49f-07f9c3f891e7,Kaladevi Kala,good,3,0,2026-06-24 14:29:37,19.7.3,1,0.7,positive,0,0,0,0,0,0,passive,0
f53be469-a122-4fd2-b0ad-5af0538e0965,Rajendra Varma,acche offer Aate Hain Zomato per😘,5,0,2026-06-24 14:28:50,19.7.3,6,0.0,neutral,0,0,0,0,0,0,satisfied,0
bf2b0c52-765b-46f8-89d4-ce645e08db76,Nitinsingh Padiyaar,nice,3,0,2026-06-24 14:27:22,19.6.8,1,0.6,positive,0,0,0,0,0,0,passive,0
cd092ef4-4dfd-4c9a-9610-ca9ea3f71b1d,Anju Kumari,Nice 👍,5,0,2026-06-24 14:27:06,19.7.3,2,0.6,positive,0,0,0,0,0,0,satisfied,0
11f28652-42f6-4d96-8e9d-e26211af2a19,JYOTSNA THAKRE,ok,5,0,2026-06-24 14:24:23,19.7.3,1,0.5,positive,0,0,0,0,0,0,satisfied,0
1d31d81f-013c-4f0d-8c9e-b3f4c2a378cf,Udaysingh Kanojiya,good,5,0,2026-06-24 14:23:09,19.7.3,1,0.7,positive,0,0,0,0,0,0,satisfied,0
82efe270-361f-4186-888b-480a8041e7df,rajdeep Dey,good,5,0,2026-06-24 14:22:31,19.7.3,1,0.7,positive,0,0,0,0,0,0,satisfied,0
27d40de9-251e-40c5-9a77-8cc6b3018384,Parth Mishra,nice yaar 😊,5,0,2026-06-24 14:21:32,19.7.3,3,0.6,positive,0,0,0,0,0,0,satisfied,0
87c5b9c3-8838-48e5-80ee-208c2cd83eb4,montu k.T,good,5,0,2026-06-24 14:20:24,19.6.8,1,0.7,positive,0,0,0,0,0,0,satisfied,0
758a83ad-e919-405e-a997-f6978ad444ea,subash sub,Good,5,0,2026-06-24 14:20:05,19.7.3,1,0.7,positive,0,0,0,0,0,0,satisfied,0
42dccee2-2605-498d-945e-b45583a1b7e4,Shilpi Singh,supar very good,5,0,2026-06-24 14:19:05,19.7.3,3,0.9099999999999999,positive,0,0,0,0,0,0,satisfied,0
2c522cb5-1640-4a74-95ac-c34d5ac6f56f,Namdev Rathod,good,5,0,2026-06-24 14:18:31,19.7.3,1,0.7,positive,0,0,0,0,0,0,satisfied,0
691a5908-dba4-4d0a-8380-ecea408f05f3,Raghavendra Pathak,veri nice app,5,0,2026-06-24 14:18:19,,3,0.6,positive,0,0,0,0,0,0,satisfied,0
fc9ba4ae-f0d6-4a03-9cd5-e46c9cd016c7,PUSHPENDRA RATHORE,good,5,0,2026-06-24 14:16:38,19.7.3,1,0.7,positive,0,0,0,0,0,0,satisfied,0
b904e509-90d3-4312-9e04-639dfb381edb,Vishal Khanekar,Good,5,0,2026-06-24 14:15:21,19.7.2,1,0.7,positive,0,0,0,0,0,0,satisfied,0
4662b232-3062-4f7f-9448-e0b29dd7a033,Archana Sahoo,very good and fast 💯 service,5,0,2026-06-24 14:14:40,19.7.3,6,0.5549999999999999,positive,0,0,0,0,0,0,satisfied,0
e9267460-c52d-4214-99d8-5b52f9bd2e27,Sooraj Ps,delivery boy behaviour very bad,1,0,2026-06-24 14:13:56,19.7.3,5,-0.9099999999999998,negative,1,0,0,0,0,0,at_risk,1
59ec9a02-ed0b-471c-b902-dc859d92a4f4,Mandeep Kumar,"higher charges costly menu degrading service, better to call directly shop for their own delivery service",2,0,2026-06-24 14:13:25,,16,0.3625,positive,1,0,0,0,1,0,at_risk,0
2235e464-02ea-444d-984e-c9f65d3ad112,Sain Punit,good,5,0,2026-06-24 14:12:18,19.7.3,1,0.7,positive,0,0,0,0,0,0,satisfied,0
63a47d83-2d08-43d0-9609-75b5f73fb33b,Sonu Kumar,quick service,5,0,2026-06-24 14:12:02,19.7.3,2,0.3333333333333333,positive,0,0,0,0,0,0,satisfied,0
ae4040d0-e368-40eb-b2f1-7f7b22956a76,Skand Pratap,"Due to this rubbish feature ""picking another order"" ""delivering another order before mine"" I am giving one star. By taking full amount, only due to this feature, food becomes cold till it reaches.",1,0,2026-06-24 14:04:57,19.7.3,33,-0.1,neutral,1,0,0,0,0,1,churned,1
508cd97f-1835-4058-9abe-14b6cca9b228,Manish Shah,very Good delicious biryani top2 indore,5,0,2026-06-24 14:03:58,19.7.3,6,0.955,positive,0,0,0,0,0,0,satisfied,0
b0499941-de4a-49d9-87c6-6eeec5420175,Raunak Kanaujiya,Best,4,0,2026-06-24 14:03:35,19.7.3,1,1.0,positive,0,0,0,0,0,0,satisfied,0
801bbb91-6445-4e0f-a77e-214eddf3ceb1,Chanchala Kumari,nice,4,0,2026-06-24 14:02:46,19.7.3,1,0.6,positive,0,0,0,0,0,0,satisfied,0
812f0641-c2e5-4fe9-9341-0b7c3169f011,Namal Boro,good 👍,5,0,2026-06-24 14:02:20,19.7.3,2,0.7,positive,0,0,0,0,0,0,satisfied,0
e5c5a937-e38c-4b29-8598-834c4645c38f,Vipin Dhiman,no response from brand,1,0,2026-06-24 14:01:50,19.7.3,4,0.0,neutral,0,0,0,0,0,0,passive,0
c7744b7d-f1b8-4ae4-90be-ac1435e98a5e,Rohit Sharma,good,5,0,2026-06-24 14:00:46,19.7.0,1,0.7,positive,0,0,0,0,0,0,satisfied,0
0fd0de79-6b5c-4b5e-a3f3-0cf799cf121c,Raani Dahake,very good n fast,5,0,2026-06-24 14:00:00,19.7.3,4,0.5549999999999999,positive,0,0,0,0,0,0,satisfied,0
18c9952c-b06a-43ee-acfe-815ab8da08e0,Khushi Gupta,good,4,0,2026-06-24 13:57:02,19.7.0,1,0.7,positive,0,0,0,0,0,0,satisfied,0
b34f5e56-8d5c-474f-96d7-ef4123dff1e0,sneha agarwal,they charge you platform fee without any help. they just direct you to automated msgs. that's all.,1,0,2026-06-24 13:56:45,19.7.3,17,0.1,neutral,0,0,0,0,1,0,at_risk,1
37545e44-2b05-4cda-87b7-731e92ceadff,Archana,Bad experience. Customer support only gives AI-generated replies and does not properly address complaints. It is very frustrating when there is no real help available.,1,0,2026-06-24 13:56:15,19.7.0,25,-0.1533333333333333,negative,0,0,0,1,0,0,at_risk,1
85795cbc-6e6d-4cec-8ff3-7d9a3bf13436,Ramesh Regar,nice 👍 Wark,5,0,2026-06-24 13:53:13,19.7.0,3,0.6,positive,0,0,0,0,0,0,satisfied,0
9bc53651-b67c-4b36-801e-590a3a4147bd,bapan saha,good,5,0,2026-06-24 13:52:54,19.7.3,1,0.7,positive,0,0,0,0,0,0,satisfied,0
a3505d09-6e91-4288-8336-6a4ced2ce888,Ebenezer ebi,good,5,0,2026-06-24 13:52:22,19.7.3,1,0.7,positive,0,0,0,0,0,0,satisfied,0
ef6a34ed-872b-4f8c-a4d1-7502fa1dd176,Shashi Sonkar,good,5,0,2026-06-24 13:52:10,19.7.3,1,0.7,positive,0,0,0,0,0,0,satisfied,0
09b8355a-133b-41d1-8765-c705970efb5d,Himanshu Rathore,nice,5,0,2026-06-24 13:50:50,19.6.3,1,0.6,positive,0,0,0,0,0,0,satisfied,0
81acc76e-ccd0-4577-8425-18c60b34a4b8,happy malhotra,gud,5,0,2026-06-24 13:50:30,19.7.0,1,0.0,neutral,0,0,0,0,0,0,satisfied,0
429a6dff-0b3f-42d9-9a36-308e1c0860b6,Ranny Tim,"I Ordered Food From Restaurant In Dehradun Named Big Bamboos Restaurant, Tree Cafe And Restaurant, Backstreet Kitchen And Many Restaurant Which Gives Coupons Cheated I Ordered 500 Worth Itams From This Restaurants And Got Only Worth 50 Rs Food And No Complaint Was Taken By Zomato No Refund And Even These Kind Of Restaurant Rating Is High It's Totally Fraud By Zomato And Their Cuppons Restaurant",1,0,2026-06-24 13:49:54,19.7.3,66,0.22333333333333336,positive,0,0,1,0,0,0,at_risk,1
924ee5f9-f55d-4a7d-91ea-7cd11c950293,Satwinder Singh,👍,5,0,2026-06-24 13:49:09,19.6.6,1,0.0,neutral,0,0,0,0,0,0,satisfied,0
b1095592-6d8b-435d-9ac6-8b7fdb8e6556,NARENDRASINGH BHATI,very good,4,0,2026-06-24 13:47:57,19.7.3,2,0.9099999999999999,positive,0,0,0,0,0,0,satisfied,0
fd7138ab-092a-459e-848c-e0e94b89eb54,koteswara rao A,good,4,0,2026-06-24 13:47:34,19.7.2,1,0.7,positive,0,0,0,0,0,0,satisfied,0
a3a8ffdc-3f3c-42cc-b214-d21e0eef2bef,Ayush Chavhan,Great 😃👍🏻,5,0,2026-06-24 13:47:12,19.7.3,2,0.8,positive,0,0,0,0,0,0,satisfied,0
81509df8-656f-4443-9c19-4110606b25ab,Raju Raju,worst,1,0,2026-06-24 13:46:42,19.7.3,1,-1.0,negative,0,0,0,0,0,0,passive,0
2dc50886-f8d0-42e2-8936-a1327264c43b,Nilesh Umale,nice,5,0,2026-06-24 13:46:02,19.7.3,1,0.6,positive,0,0,0,0,0,0,satisfied,0
86d4a56e-a0fd-4a70-aab5-7b0ec0b14736,MD Ghouse,good and fast delivery,5,0,2026-06-24 13:45:33,19.7.3,4,0.44999999999999996,positive,1,0,0,0,0,0,satisfied,0
5bd88f1c-880f-4bb4-a282-74df37cdd270,Sohit Singh,Good food,5,0,2026-06-24 13:45:05,19.7.2,2,0.7,positive,0,0,0,0,0,0,satisfied,0
53bb0a75-4b2a-45e7-bff2-f6e6598b490c,Parameshwari Reddy,quantity is less and no taste. Not prepared well,2,0,2026-06-24 13:44:35,19.7.3,9,-0.16666666666666666,negative,0,0,0,0,0,1,at_risk,0
a3ac6dbb-e502-4d71-b307-b19421dde819,Doctor Tushar,don't understand my problem,1,0,2026-06-24 13:42:57,19.7.3,4,0.0,neutral,0,0,0,0,0,0,passive,0
e63128a0-2ab3-44a5-91b6-8b63efa99cba,G UDAY RAJ,nice,5,0,2026-06-24 13:42:49,19.7.0,1,0.6,positive,0,0,0,0,0,0,satisfied,0
680bb138-baf2-4810-b207-3cc60e9a5104,Nicolas Hansda99,good,5,0,2026-06-24 13:42:35,19.7.3,1,0.7,positive,0,0,0,0,0,0,satisfied,0
e9b39f21-749b-4d74-9748-533bcaec5f27,Dr.rahim Uddin,good,4,0,2026-06-24 13:42:26,19.7.3,1,0.7,positive,0,0,0,0,0,0,satisfied,0
a45bbc51-21bd-4af6-8ea2-223962073411,Hari Nath,very nice,5,0,2026-06-24 13:41:52,19.7.3,2,0.78,positive,0,0,0,0,0,0,satisfied,0
b9ef42df-fd42-4109-9d78-73c7e741ef83,durga devi,just ok,3,0,2026-06-24 13:41:32,19.7.3,2,0.5,positive,0,0,0,0,0,0,passive,0
93297446-1178-4153-8fee-fff5fb84a3df,Dadi Uday Kumar,nice app,5,0,2026-06-24 13:40:47,19.7.3,2,0.6,positive,0,0,0,0,0,0,satisfied,0
